rnd-1_family-52	LTR	Gypsy
rnd-1_family-188	LTR	Pao
rnd-1_family-114	LTR	Gypsy
rnd-1_family-20	RC	Helitron
rnd-1_family-118	LINE	I-Jockey
rnd-1_family-246	Unknown	
rnd-1_family-179	LTR	Pao
rnd-1_family-232	LINE	I-Jockey
rnd-1_family-86	LINE	I-Jockey
rnd-1_family-53	LTR	Gypsy
rnd-1_family-135	LTR	Gypsy
rnd-1_family-208	Unknown	
rnd-1_family-247	LINE	I-Jockey
rnd-1_family-158	LTR	Gypsy
rnd-1_family-96	LINE	I-Jockey
rnd-1_family-227	LTR	Gypsy
rnd-1_family-237	Unknown	
rnd-1_family-132	LINE	I-Jockey
rnd-1_family-5	RC	Helitron
rnd-1_family-136	Unknown	
rnd-1_family-73	LINE	I-Jockey
rnd-1_family-43	LINE	CR1
rnd-1_family-257	Unknown	
rnd-1_family-6	RC	Helitron
rnd-1_family-209	Unknown	
rnd-1_family-60	RC	Helitron
rnd-1_family-58	Unknown	
rnd-1_family-203	LTR	Pao
rnd-1_family-196	LINE	CR1
rnd-1_family-176	Unknown	
rnd-1_family-57	Unknown	
rnd-1_family-54	LINE	CR1
rnd-1_family-37	LTR	Copia
rnd-1_family-72	Unknown	
rnd-1_family-154	LTR	Gypsy
rnd-1_family-195	LINE	I-Jockey
rnd-1_family-240	LTR	Gypsy
rnd-1_family-11	RC	Helitron
rnd-1_family-19	RC	Helitron
rnd-1_family-170	LTR	Gypsy
rnd-1_family-12	RC	Helitron
rnd-1_family-238	Unknown	
rnd-1_family-87	LTR	Gypsy
rnd-1_family-105	Unknown	
rnd-1_family-149	LTR	Pao
rnd-1_family-243	LTR	Gypsy
rnd-1_family-40	Unknown	
rnd-1_family-198	LINE	I-Jockey
rnd-1_family-35	Unknown	
rnd-1_family-76	LINE	CR1
rnd-1_family-45	LINE	CR1
rnd-1_family-214	Unknown	
rnd-1_family-92	LTR	Gypsy
rnd-1_family-32	LTR	Gypsy
rnd-1_family-95	LINE	I-Jockey
rnd-1_family-78	LTR	Gypsy
rnd-1_family-22	RC	Helitron
rnd-1_family-199	Unknown	
rnd-1_family-130	Unknown	
rnd-1_family-204	DNA	PiggyBac
rnd-1_family-59	LINE	CR1
rnd-1_family-83	Unknown	
rnd-1_family-34	RC	Helitron
rnd-1_family-248	LTR	Gypsy
rnd-1_family-185	Unknown	
rnd-1_family-220	Unknown	
rnd-1_family-51	LINE	CR1
rnd-1_family-3	Unknown	
rnd-1_family-103	Unknown	
rnd-1_family-162	LTR	Gypsy
rnd-1_family-222	LTR	Pao
rnd-1_family-55	LINE	I-Jockey
rnd-1_family-94	LTR	Gypsy
rnd-1_family-85	LTR	Pao
rnd-1_family-205	LTR	Gypsy
rnd-1_family-244	LTR	Pao
rnd-1_family-66	RC	Helitron
rnd-1_family-64	LTR	Gypsy
rnd-1_family-69	LTR	Gypsy
rnd-1_family-42	LINE	CR1
rnd-1_family-122	Unknown	
rnd-1_family-48	LINE	I-Jockey
rnd-1_family-101	LTR	Gypsy
rnd-1_family-41	Unknown	
rnd-1_family-23	LTR	Gypsy
rnd-1_family-91	Unknown	
rnd-1_family-217	LINE	I-Jockey
rnd-1_family-99	LTR	Gypsy
rnd-1_family-7	RC	Helitron
rnd-1_family-230	Unknown	
rnd-1_family-180	LINE	I-Jockey
rnd-1_family-151	LINE	I-Jockey
rnd-1_family-123	LTR	Pao
rnd-1_family-137	LTR	Gypsy
rnd-1_family-263	LTR	Gypsy
rnd-1_family-15	Unknown	
rnd-1_family-211	LTR	Pao
rnd-1_family-153	LTR	Pao
rnd-1_family-253	Unknown	
rnd-1_family-104	RC	Helitron
rnd-1_family-231	LTR	Pao
rnd-1_family-81	LTR	Gypsy
rnd-1_family-61	LINE	I-Jockey
rnd-1_family-142	RC	Helitron
rnd-1_family-194	LINE	I-Jockey
rnd-1_family-197	Unknown	
rnd-1_family-14	RC	Helitron
rnd-1_family-17	LINE	CR1
rnd-1_family-97	LTR	Pao
rnd-1_family-271	Unknown	
rnd-1_family-80	LTR	Gypsy
rnd-1_family-13	RC	Helitron
rnd-1_family-119	LTR	Gypsy
rnd-1_family-181	LTR	Gypsy
rnd-1_family-183	Unknown	
rnd-1_family-157	LINE	I-Jockey
rnd-1_family-25	RC	Helitron
rnd-1_family-186	LTR	Gypsy
rnd-1_family-215	LTR	Gypsy
rnd-1_family-71	DNA	TcMar-Mariner
rnd-1_family-74	Unknown	
rnd-1_family-165	LTR	Gypsy
rnd-1_family-18	RC	Helitron
rnd-1_family-90	LINE	I-Jockey
rnd-1_family-245	LTR	Gypsy
rnd-1_family-182	LTR	Gypsy
rnd-1_family-254	LTR	Gypsy
rnd-1_family-102	LTR	Gypsy
rnd-1_family-1	RC	Helitron
rnd-1_family-241	DNA	P
rnd-1_family-108	LTR	Gypsy
rnd-1_family-124	LTR	Pao
rnd-1_family-133	LINE	I-Jockey
rnd-1_family-112	Unknown	
rnd-1_family-62	LINE	CR1
rnd-1_family-175	Unknown	
rnd-1_family-28	Unknown	
rnd-1_family-272	LTR	Gypsy
rnd-1_family-177	LTR	Pao
rnd-1_family-160	LTR	Gypsy
rnd-1_family-16	Unknown	
rnd-1_family-110	LTR	Gypsy
rnd-1_family-200	Unknown	
rnd-1_family-236	RC	Helitron
rnd-1_family-145	LINE	I-Jockey
rnd-1_family-31	RC	Helitron
rnd-1_family-127	Unknown	
rnd-1_family-2	RC	Helitron
rnd-1_family-111	LTR	Gypsy
rnd-1_family-98	LTR	Gypsy
rnd-1_family-128	LTR	Gypsy
rnd-1_family-258	Unknown	
rnd-1_family-171	LTR	Gypsy
rnd-1_family-192	LTR	Gypsy
rnd-1_family-166	DNA	P
rnd-1_family-150	LTR	Gypsy
rnd-1_family-65	Unknown	
rnd-1_family-146	LTR	Gypsy
rnd-1_family-50	LTR	Pao
rnd-1_family-131	RC	Helitron
rnd-1_family-172	LTR	Gypsy
rnd-1_family-219	Unknown	
rnd-1_family-33	RC	Helitron
rnd-1_family-161	LTR	Pao
rnd-1_family-24	Unknown	
rnd-1_family-36	LTR	Copia
rnd-1_family-67	LTR	Gypsy
rnd-1_family-202	DNA	PiggyBac
rnd-1_family-169	Unknown	
rnd-1_family-79	Unknown	
rnd-1_family-9	RC	Helitron
rnd-1_family-234	Unknown	
rnd-1_family-88	LINE	I-Jockey
rnd-1_family-8	RC	Helitron
rnd-1_family-148	LTR	Gypsy
rnd-1_family-4	RC	Helitron
rnd-1_family-184	LINE	I-Jockey
rnd-1_family-47	LTR	Gypsy
rnd-1_family-46	LINE	CR1
rnd-1_family-190	Unknown	
rnd-1_family-221	Unknown	
rnd-1_family-225	LINE	I-Jockey
rnd-1_family-63	LTR	Gypsy
rnd-1_family-125	LTR	Pao
rnd-1_family-39	LINE	CR1
rnd-1_family-156	LINE	I-Jockey
rnd-1_family-26	Unknown	
rnd-1_family-144	Unknown	
rnd-1_family-82	Unknown	
rnd-1_family-155	LTR	Pao
rnd-1_family-226	DNA	PIF-Harbinger
rnd-1_family-10	RC	Helitron
rnd-1_family-77	LINE	I-Jockey
rnd-1_family-173	LINE	I-Jockey
rnd-1_family-139	LTR	Gypsy
rnd-1_family-75	Unknown	
rnd-1_family-178	LTR	Pao
rnd-1_family-120	Unknown	
rnd-1_family-113	Unknown	
rnd-1_family-116	LTR	Gypsy
rnd-1_family-68	LINE	CR1
rnd-1_family-21	RC	Helitron
rnd-1_family-121	LTR	Gypsy
rnd-1_family-189	Unknown	
rnd-1_family-70	DNA	hAT-Ac
rnd-1_family-0	Unknown	
rnd-1_family-134	LTR	Pao
rnd-1_family-84	LTR	Gypsy
rnd-1_family-163	LTR	Pao
rnd-1_family-262	LTR	Gypsy
rnd-1_family-30	RC	Helitron
rnd-1_family-100	LTR	Gypsy
rnd-1_family-229	RC	Helitron
rnd-1_family-264	LTR	Gypsy
rnd-1_family-210	LTR	Gypsy
rnd-1_family-251	LTR	Pao
rnd-1_family-107	LINE	CR1
rnd-1_family-109	LTR	Gypsy
rnd-1_family-273	LINE	I-Jockey
rnd-1_family-266	LTR	Gypsy
rnd-1_family-187	LTR	Pao
rnd-1_family-38	Unknown	
rnd-1_family-141	LTR	Gypsy
rnd-1_family-223	LTR	Pao
rnd-1_family-235	LINE	I-Jockey
rnd-1_family-159	LTR	Gypsy
rnd-1_family-274	Unknown	
rnd-1_family-174	Unknown	
rnd-1_family-270	LTR	Gypsy
rnd-1_family-140	LTR	Pao
rnd-1_family-256	LINE	CR1
rnd-1_family-265	LTR	Pao
rnd-1_family-206	LINE	I-Jockey
rnd-1_family-152	LTR	Pao
rnd-1_family-27	RC	Helitron
rnd-1_family-268	LTR	Pao
rnd-1_family-255	LTR	Gypsy
rnd-1_family-29	RC	Helitron
rnd-1_family-218	RC	Helitron
rnd-1_family-216	LTR	Gypsy
rnd-1_family-147	LINE	CR1
rnd-1_family-269	LTR	Gypsy
rnd-1_family-138	Unknown	
rnd-1_family-252	LTR	Pao
rnd-1_family-117	Simple	repeat
rnd-1_family-143	LINE	I-Jockey
rnd-1_family-259	LTR	Pao
rnd-1_family-279	Unknown	
rnd-1_family-228	LTR	Pao
rnd-1_family-267	LTR	Pao
rnd-1_family-164	Unknown	
rnd-1_family-93	LTR	Pao
rnd-1_family-193	LINE	I-Jockey
rnd-1_family-277	LINE	I-Jockey
rnd-1_family-89	LTR	Gypsy
rnd-1_family-282	Unknown	
rnd-1_family-224	LINE	I-Jockey
rnd-1_family-280	LTR	Gypsy
rnd-1_family-249	LTR	Pao
rnd-1_family-278	LINE	I-Jockey
rnd-1_family-213	LINE	I-Jockey
rnd-1_family-276	LTR	Pao
rnd-1_family-129	LINE	CR1
rnd-1_family-283	LTR	Pao
rnd-1_family-261	LTR	Gypsy
rnd-1_family-201	LINE	CR1
rnd-1_family-242	LTR	Gypsy
rnd-1_family-126	Unknown	
rnd-1_family-167	LTR	Pao
rnd-1_family-281	LTR	Gypsy
rnd-1_family-106	LINE	CR1
rnd-1_family-285	DNA	TcMar-Mariner
rnd-1_family-168	LTR	Gypsy
rnd-1_family-286	LTR	Pao
rnd-1_family-275	LTR	Gypsy
rnd-1_family-49	DNA	CMC-Transib
rnd-1_family-287	LTR	Gypsy
rnd-1_family-288	Unknown	
rnd-1_family-289	LTR	Gypsy
rnd-1_family-291	Unknown	
rnd-1_family-293	Unknown	
rnd-1_family-294	Unknown	
rnd-1_family-295	Unknown	
rnd-1_family-239	LTR	Pao
rnd-1_family-296	Unknown	
rnd-1_family-297	LTR	Gypsy
rnd-1_family-290	LINE	I-Jockey
rnd-1_family-298	LTR	Gypsy
rnd-1_family-299	Unknown	
rnd-1_family-302	LTR	Pao
rnd-1_family-303	Unknown	
rnd-1_family-44	Unknown	
rnd-1_family-307	LTR	Gypsy
rnd-1_family-284	LTR	Pao
rnd-1_family-305	LTR	Gypsy
rnd-1_family-191	LTR	Gypsy
rnd-1_family-212	LTR	Gypsy
rnd-1_family-301	LTR	Gypsy
rnd-1_family-300	RC	Helitron
rnd-1_family-309	RC	Helitron
rnd-1_family-308	LTR	Gypsy
rnd-1_family-304	LTR	Pao
rnd-1_family-250	Unknown	
rnd-1_family-312	LTR	Pao
rnd-1_family-314	Unknown	
rnd-1_family-260	RC	Helitron
rnd-1_family-292	Unknown	
rnd-1_family-315	DNA	P
rnd-1_family-316	LTR	Gypsy
rnd-1_family-317	LINE	I-Jockey
rnd-1_family-319	Unknown	
rnd-1_family-320	LTR	Gypsy
rnd-1_family-321	Unknown	
rnd-1_family-322	Unknown	
rnd-1_family-318	LINE	I-Jockey
rnd-1_family-325	Unknown	
rnd-1_family-326	LTR	Pao
rnd-1_family-327	LINE	CR1
rnd-1_family-313	RC	Helitron
rnd-1_family-324	Unknown	
rnd-1_family-329	LTR	Pao
rnd-1_family-56	LINE	CR1
rnd-1_family-310	LINE	I-Jockey
rnd-1_family-331	LTR	Gypsy
rnd-1_family-207	LTR	Pao
rnd-1_family-333	LTR	Gypsy
rnd-1_family-334	LTR	Gypsy
rnd-1_family-335	LTR	Gypsy
rnd-1_family-336	Unknown	
rnd-1_family-332	Unknown	
rnd-1_family-338	LTR	Gypsy
rnd-1_family-340	Unknown	
rnd-1_family-323	LTR	Pao
rnd-1_family-328	LTR	Pao
rnd-1_family-342	LTR	Pao
rnd-1_family-330	LTR	Gypsy
rnd-1_family-341	LTR	Gypsy
rnd-1_family-349	LTR	Gypsy
rnd-1_family-343	LTR	Gypsy
rnd-1_family-350	LTR	Gypsy
rnd-1_family-344	LTR	Gypsy
rnd-1_family-352	LINE	I-Jockey
rnd-1_family-337	LTR	Pao
rnd-1_family-355	Unknown	
rnd-1_family-357	DNA	P
rnd-1_family-311	LINE	I-Jockey
rnd-1_family-358	LINE	I-Jockey
rnd-1_family-359	LTR	Pao
rnd-1_family-353	LTR	Gypsy
rnd-1_family-351	LTR	Pao
rnd-1_family-339	LTR	Pao
rnd-1_family-361	Unknown	
rnd-1_family-354	LTR	Pao
rnd-1_family-364	LTR	Pao
rnd-1_family-362	Unknown	
rnd-1_family-363	LTR	Pao
rnd-1_family-367	LINE	I-Jockey
rnd-1_family-356	LTR	Pao
rnd-1_family-368	Unknown	
rnd-1_family-345	LINE	I-Jockey
rnd-1_family-369	LINE	Penelope
rnd-1_family-348	LINE	I-Jockey
rnd-1_family-371	LTR	Gypsy
rnd-1_family-233	LTR	Gypsy
rnd-1_family-373	LTR	Gypsy
rnd-1_family-346	LTR	Pao
rnd-1_family-347	LTR	Pao
rnd-1_family-360	LTR	Pao
rnd-1_family-374	LINE	Penelope
rnd-1_family-375	Unknown	
rnd-1_family-377	LTR	Gypsy
rnd-1_family-376	LTR	Gypsy
rnd-1_family-115	LTR	Gypsy
rnd-1_family-379	RC	Helitron
rnd-1_family-365	LTR	Gypsy
rnd-1_family-306	LINE	CR1
rnd-1_family-382	LINE	I-Jockey
rnd-1_family-372	LTR	Pao
rnd-1_family-380	LTR	Gypsy
rnd-1_family-366	LTR	Gypsy
rnd-1_family-385	LINE	I-Jockey
rnd-1_family-384	RC	Helitron
rnd-1_family-387	LTR	Gypsy
rnd-1_family-389	Unknown	
rnd-1_family-390	Unknown	
rnd-1_family-391	LINE	I
rnd-1_family-393	LTR	Pao
rnd-1_family-378	LTR	Gypsy
rnd-1_family-383	Unknown	
rnd-1_family-395	Unknown	
rnd-1_family-397	LTR	Gypsy
rnd-1_family-398	LTR	Pao
rnd-1_family-388	LTR	Gypsy
rnd-1_family-392	LTR	Gypsy
rnd-1_family-394	LTR	Pao
rnd-1_family-401	LTR	Pao
rnd-1_family-402	Unknown	
rnd-1_family-399	LTR	Gypsy
rnd-1_family-404	DNA	TcMar-Mariner
rnd-1_family-407	DNA	TcMar-Tc1
rnd-1_family-408	Unknown	
rnd-1_family-409	Unknown	
rnd-1_family-405	Unknown	
rnd-1_family-411	Unknown	
rnd-1_family-386	Unknown	
rnd-1_family-400	LTR	Gypsy
rnd-1_family-414	LTR	Pao
rnd-1_family-415	LTR	Gypsy
rnd-1_family-416	Unknown	
rnd-1_family-417	Unknown	
rnd-1_family-410	Unknown	
rnd-1_family-418	Unknown	
rnd-1_family-396	LTR	Gypsy
rnd-1_family-419	LINE	I-Jockey
rnd-1_family-406	DNA	P
rnd-1_family-413	Unknown	
rnd-1_family-421	LTR	Pao
rnd-1_family-422	LTR	Pao
rnd-1_family-420	LTR	Pao
rnd-1_family-424	Unknown	
rnd-1_family-425	LTR	Gypsy
rnd-1_family-426	LTR	Gypsy
rnd-1_family-428	Unknown	
rnd-1_family-429	LTR	Gypsy
rnd-1_family-430	LTR	Gypsy
rnd-1_family-431	LTR	Gypsy
rnd-1_family-370	LTR	Gypsy
rnd-1_family-434	LTR	Gypsy
rnd-1_family-435	Unknown	
rnd-1_family-436	Unknown	
rnd-1_family-437	Unknown	
rnd-1_family-438	LTR	Gypsy
rnd-1_family-433	Unknown	
rnd-1_family-427	LTR	Gypsy
rnd-1_family-440	LTR	Pao
rnd-1_family-441	Unknown	
rnd-1_family-442	DNA	TcMar-Mariner
rnd-1_family-443	Unknown	
rnd-1_family-412	Unknown	
rnd-1_family-444	LTR	Gypsy
rnd-1_family-446	Unknown	
rnd-1_family-447	LTR	Gypsy
rnd-1_family-432	Unknown	
rnd-1_family-439	LTR	Gypsy
rnd-1_family-449	Unknown	
rnd-1_family-450	LTR	Gypsy
rnd-1_family-452	Unknown	
rnd-1_family-453	Unknown	
rnd-1_family-454	Unknown	
rnd-1_family-403	LTR	Pao
rnd-1_family-451	LTR	Gypsy
rnd-1_family-457	LTR	Gypsy
rnd-1_family-448	LTR	Pao
rnd-1_family-458	LTR	Gypsy
rnd-1_family-459	Unknown	
rnd-1_family-456	Unknown	
rnd-1_family-461	LTR	Gypsy
rnd-1_family-462	Unknown	
rnd-1_family-463	LTR	Gypsy
rnd-1_family-464	Unknown	
rnd-1_family-445	LTR	Gypsy
rnd-1_family-465	LTR	Gypsy
rnd-1_family-466	LTR	Gypsy
rnd-1_family-460	LTR	Gypsy
rnd-1_family-468	Unknown	
rnd-1_family-469	LTR	Gypsy
rnd-1_family-470	LTR	Gypsy
rnd-1_family-471	LTR	Gypsy
rnd-1_family-473	LINE	I-Jockey
rnd-1_family-474	LINE	R1
rnd-1_family-477	LTR	Gypsy
rnd-1_family-478	LTR	Gypsy
rnd-1_family-479	LTR	Gypsy
rnd-1_family-482	Unknown	
rnd-1_family-455	LTR	Pao
rnd-1_family-484	Unknown	
rnd-1_family-472	DNA	TcMar-Mariner
rnd-1_family-485	LTR	Pao
rnd-1_family-475	Unknown	
rnd-1_family-476	LTR	Gypsy
rnd-1_family-487	LTR	Gypsy
rnd-1_family-423	LTR	Gypsy
rnd-1_family-481	LTR	Gypsy
rnd-1_family-488	Unknown	
rnd-1_family-489	LTR	Gypsy
rnd-1_family-483	LTR	Gypsy
rnd-1_family-490	LTR	Pao
rnd-1_family-491	Unknown	
rnd-1_family-493	DNA	TcMar-Mariner
rnd-1_family-494	LTR	Gypsy
rnd-1_family-495	LTR	Gypsy
rnd-1_family-496	LTR	Gypsy
rnd-1_family-497	LTR	Gypsy
rnd-1_family-498	Unknown	
rnd-1_family-499	Unknown	
rnd-1_family-500	LTR	Gypsy
rnd-1_family-492	LTR	Pao
rnd-1_family-381	LTR	Gypsy
rnd-1_family-501	DNA	TcMar-Mariner
rnd-1_family-502	LINE	I-Jockey
rnd-1_family-503	Unknown	
rnd-1_family-504	Unknown	
rnd-1_family-506	LTR	Gypsy
rnd-1_family-507	LTR	Pao
rnd-1_family-486	Unknown	
rnd-1_family-480	LTR	Gypsy
rnd-1_family-508	LTR	Pao
rnd-1_family-509	Unknown	
rnd-1_family-510	LTR	Gypsy
rnd-1_family-511	Unknown	
rnd-1_family-512	RC	Helitron
rnd-1_family-467	LTR	Gypsy
rnd-1_family-513	LTR	Gypsy
rnd-1_family-514	LTR	Gypsy
rnd-1_family-516	Unknown	
rnd-1_family-517	DNA	TcMar-Mariner
rnd-1_family-518	LTR	Gypsy
rnd-1_family-520	Unknown	
rnd-1_family-522	Unknown	
rnd-1_family-523	RC	Helitron
rnd-1_family-524	DNA	TcMar-Tc1
rnd-1_family-525	LTR	Gypsy
rnd-1_family-526	LTR	Gypsy
rnd-1_family-527	LTR	Gypsy
rnd-1_family-528	LTR	Gypsy
rnd-1_family-529	LTR	Pao
rnd-1_family-530	LTR	Pao
rnd-1_family-531	Unknown	
rnd-1_family-532	LTR	Gypsy
rnd-1_family-534	Unknown	
rnd-1_family-537	LTR	Pao
rnd-1_family-538	LINE	R1
rnd-1_family-539	Unknown	
rnd-1_family-540	DNA	TcMar-Mariner
rnd-1_family-541	Unknown	
rnd-1_family-542	RC	Helitron
rnd-1_family-543	Unknown	
rnd-1_family-545	LTR	Gypsy
rnd-1_family-546	DNA	P
rnd-1_family-547	Unknown	
rnd-1_family-533	LINE	CR1
rnd-1_family-548	LTR	Gypsy
rnd-1_family-549	Unknown	
rnd-1_family-536	LTR	Gypsy
rnd-1_family-550	Unknown	
rnd-1_family-551	Unknown	
rnd-1_family-553	LINE	I-Jockey
rnd-1_family-554	DNA	TcMar-Mariner
rnd-1_family-544	LTR	Gypsy
rnd-1_family-555	LTR	Gypsy
rnd-1_family-556	LINE	Penelope
rnd-1_family-558	LTR	Gypsy
rnd-1_family-521	LTR	Gypsy
rnd-1_family-560	Unknown	
rnd-1_family-505	LTR	Pao
rnd-1_family-561	LTR	Gypsy
rnd-1_family-563	LTR	Gypsy
rnd-1_family-564	Unknown	
rnd-1_family-565	Unknown	
rnd-1_family-566	LINE	I-Jockey
rnd-1_family-567	DNA	P
rnd-1_family-557	RC	Helitron
rnd-1_family-570	LTR	Gypsy
rnd-1_family-571	LTR	Gypsy
rnd-1_family-572	Unknown	
rnd-1_family-573	Unknown	
rnd-1_family-515	Unknown	
rnd-1_family-575	Unknown	
rnd-1_family-576	LTR	Gypsy
rnd-1_family-577	RC	Helitron
rnd-1_family-578	DNA	TcMar-Mariner
rnd-1_family-579	LTR	Pao
rnd-1_family-580	LINE	R1
rnd-1_family-519	RC	Helitron
rnd-1_family-559	DNA	TcMar-Mariner
rnd-1_family-583	LTR	Gypsy
rnd-1_family-584	LTR	Pao
rnd-1_family-586	Unknown	
rnd-1_family-587	LTR	Pao
rnd-1_family-588	LTR	Gypsy
rnd-1_family-589	LTR	Gypsy
rnd-1_family-590	Unknown	
rnd-1_family-591	LTR	Pao
rnd-1_family-592	LINE	R1
rnd-1_family-593	Unknown	
rnd-1_family-552	LTR	Gypsy
rnd-1_family-594	Unknown	
rnd-1_family-595	Unknown	
rnd-1_family-596	LINE	I-Jockey
rnd-1_family-597	LTR	ERV1
rnd-1_family-598	Unknown	
rnd-1_family-599	LTR	Gypsy
rnd-1_family-601	LINE	L2
rnd-1_family-603	DNA	hAT-Ac
rnd-1_family-604	Unknown	
rnd-1_family-605	Unknown	
rnd-1_family-606	Unknown	
rnd-1_family-607	LTR	Gypsy
rnd-1_family-569	LTR	Pao
rnd-1_family-609	LTR	Gypsy
rnd-1_family-582	LTR	Pao
rnd-1_family-602	LTR	Pao
rnd-1_family-612	LTR	Gypsy
rnd-1_family-613	Unknown	
rnd-1_family-614	LTR	Gypsy
rnd-1_family-574	DNA	TcMar-Tc1
rnd-1_family-617	LTR	Gypsy
rnd-1_family-619	LTR	Pao
rnd-1_family-620	Unknown	
rnd-1_family-621	Unknown	
rnd-1_family-623	Unknown	
rnd-1_family-624	LTR	Gypsy
rnd-1_family-625	Unknown	
rnd-1_family-581	LTR	Pao
rnd-1_family-628	Unknown	
rnd-1_family-629	LTR	Gypsy
rnd-1_family-630	LTR	Gypsy
rnd-1_family-631	LTR	Gypsy
rnd-1_family-632	RC	Helitron
rnd-1_family-633	RC	Helitron
rnd-1_family-634	LTR	Pao
rnd-1_family-615	LINE	I-Jockey
rnd-1_family-616	LINE	I-Jockey
rnd-1_family-636	Unknown	
rnd-1_family-637	LTR	Gypsy
rnd-1_family-638	LTR	Pao
rnd-1_family-639	LTR	Gypsy
rnd-1_family-640	LINE	I-Jockey
rnd-1_family-642	LTR	Gypsy
rnd-1_family-643	RC	Helitron
rnd-1_family-644	Unknown	
rnd-1_family-608	LTR	Gypsy
rnd-1_family-626	LTR	Gypsy
rnd-1_family-610	LTR	Gypsy
rnd-1_family-645	LTR	Gypsy
rnd-1_family-646	RC	Helitron
rnd-1_family-647	LINE	CR1
rnd-1_family-648	LTR	Gypsy
rnd-1_family-651	LINE	R1
rnd-1_family-635	DNA	TcMar-Mariner
rnd-1_family-652	Unknown	
rnd-1_family-622	LTR	Gypsy
rnd-1_family-654	Unknown	
rnd-1_family-655	RC	Helitron
rnd-1_family-568	LINE	I-Jockey
rnd-1_family-656	DNA	TcMar-Tc1
rnd-1_family-659	Unknown	
rnd-1_family-660	Unknown	
rnd-1_family-661	DNA	P
rnd-1_family-611	LINE	I-Jockey
rnd-1_family-662	LTR	Gypsy
rnd-1_family-663	LTR	Gypsy
rnd-1_family-664	LTR	Gypsy
rnd-1_family-665	Unknown	
rnd-1_family-618	LINE	I-Jockey
rnd-1_family-667	LTR	Gypsy
rnd-1_family-669	LTR	Gypsy
rnd-1_family-670	LTR	Pao
rnd-1_family-671	LTR	Gypsy
rnd-1_family-672	LINE	I-Jockey
rnd-1_family-673	LINE	I-Jockey
rnd-1_family-674	Unknown	
rnd-1_family-658	LTR	Gypsy
rnd-1_family-675	LTR	Gypsy
rnd-1_family-676	Unknown	
rnd-1_family-600	LTR	Gypsy
rnd-1_family-677	Unknown	
rnd-1_family-678	DNA	P
rnd-1_family-679	Unknown	
rnd-1_family-680	Unknown	
rnd-1_family-650	LTR	Gypsy
rnd-1_family-681	Unknown	
rnd-1_family-666	LINE	R1
rnd-1_family-683	LTR	Pao
rnd-1_family-653	LTR	Gypsy
rnd-1_family-685	DNA	P
rnd-1_family-686	Unknown	
rnd-1_family-687	Unknown	
rnd-1_family-688	LTR	Pao
rnd-1_family-690	LTR	Pao
rnd-1_family-691	Unknown	
rnd-1_family-627	LTR	Gypsy
rnd-1_family-692	Unknown	
rnd-1_family-693	Unknown	
rnd-1_family-694	LTR	Pao
rnd-1_family-695	LTR	Pao
rnd-1_family-696	LTR	Pao
rnd-1_family-697	Unknown	
rnd-1_family-649	LTR	Gypsy
rnd-1_family-699	LTR	Gypsy
rnd-1_family-700	Unknown	
rnd-1_family-684	LTR	Pao
rnd-1_family-641	Unknown	
rnd-1_family-668	Unknown	
rnd-1_family-701	RC	Helitron
rnd-1_family-703	DNA	TcMar-Mariner
rnd-1_family-689	LTR	Gypsy
rnd-1_family-704	Unknown	
rnd-1_family-562	DNA	TcMar-Mariner
rnd-1_family-705	Unknown	
rnd-1_family-707	Unknown	
rnd-1_family-682	LTR	Gypsy
rnd-1_family-698	LTR	Gypsy
rnd-1_family-708	LTR	Pao
rnd-1_family-709	LTR	Pao
rnd-1_family-710	LTR	Pao
rnd-1_family-711	LINE	R1
rnd-1_family-712	Unknown	
rnd-1_family-713	LTR	Gypsy
rnd-1_family-715	LTR	Gypsy
rnd-1_family-716	LTR	Pao
rnd-1_family-702	LTR	Pao
rnd-1_family-717	LTR	Pao
rnd-1_family-719	LTR	Gypsy
rnd-1_family-720	DNA	TcMar-Tc1
rnd-1_family-721	Unknown	
rnd-1_family-722	LINE	L2
rnd-1_family-723	LTR	Gypsy
rnd-1_family-535	LINE	R1
rnd-1_family-706	LTR	Gypsy
rnd-1_family-724	LTR	Pao
rnd-1_family-725	LTR	Gypsy
rnd-1_family-727	LTR	Gypsy
rnd-1_family-728	Unknown	
rnd-1_family-729	Unknown	
rnd-1_family-730	DNA	TcMar-Tc1
rnd-1_family-731	Unknown	
rnd-1_family-732	LTR	Gypsy
rnd-1_family-657	LTR	Pao
rnd-1_family-733	Unknown	
rnd-1_family-734	Unknown	
rnd-1_family-736	LTR	Pao
rnd-1_family-737	LINE	R1
rnd-1_family-738	RC	Helitron
rnd-1_family-739	LTR	Gypsy
rnd-1_family-740	Unknown	
rnd-1_family-741	Unknown	
rnd-1_family-742	Unknown	
rnd-1_family-743	LINE	R1
rnd-1_family-745	RC	Helitron
rnd-1_family-746	Unknown	
rnd-1_family-726	LTR	Pao
rnd-1_family-747	LTR	Gypsy
rnd-1_family-748	LTR	Gypsy
rnd-1_family-714	LTR	Pao
rnd-1_family-749	LTR	Gypsy
rnd-1_family-750	RC	Helitron
rnd-1_family-751	LINE	I-Jockey
rnd-1_family-752	Unknown	
rnd-1_family-754	LINE	I-Jockey
rnd-1_family-755	Unknown	
rnd-1_family-735	LINE	I-Jockey
rnd-1_family-756	LTR	Pao
rnd-1_family-757	LTR	Gypsy
rnd-1_family-758	DNA	TcMar-Mariner
rnd-1_family-759	LTR	Gypsy
rnd-1_family-760	Unknown	
rnd-1_family-761	Unknown	
rnd-1_family-762	DNA	P
rnd-1_family-763	DNA	TcMar-Mariner
rnd-1_family-765	LTR	Gypsy
rnd-1_family-766	RC	Helitron
rnd-1_family-767	LTR	Pao
rnd-1_family-768	LTR	Pao
rnd-1_family-769	LINE	R1
rnd-1_family-770	Unknown	
rnd-1_family-771	Unknown	
rnd-1_family-773	LTR	Pao
rnd-1_family-774	LTR	Gypsy
rnd-1_family-775	DNA	TcMar-Tc1
rnd-1_family-776	LINE	I-Jockey
rnd-1_family-753	LTR	Gypsy
rnd-1_family-777	Unknown	
rnd-1_family-778	Unknown	
rnd-1_family-779	LTR	Gypsy
rnd-1_family-780	LTR	Gypsy
rnd-1_family-781	Unknown	
rnd-1_family-585	LINE	I
rnd-1_family-782	LTR	Gypsy
rnd-1_family-783	Unknown	
rnd-1_family-784	LTR	Gypsy
rnd-1_family-785	Unknown	
rnd-1_family-786	LTR	Gypsy
rnd-1_family-787	Unknown	
rnd-1_family-788	Unknown	
rnd-1_family-789	RC	Helitron
rnd-1_family-791	LINE	I-Jockey
rnd-1_family-792	Unknown	
rnd-1_family-772	LTR	Gypsy
rnd-1_family-793	LINE	I-Jockey
rnd-1_family-794	DNA	P
rnd-1_family-795	LTR	Pao
rnd-1_family-796	Unknown	
rnd-1_family-797	Simple	repeat
rnd-1_family-798	Unknown	
rnd-1_family-799	Unknown	
rnd-1_family-800	Unknown	
rnd-1_family-801	Unknown	
rnd-1_family-802	LTR	Gypsy
rnd-1_family-803	DNA	CMC-Transib
rnd-1_family-804	LTR	Pao
rnd-1_family-805	Unknown	
rnd-1_family-806	Unknown	
rnd-1_family-807	Unknown	
rnd-1_family-808	DNA	TcMar-Tc1
rnd-1_family-764	LINE	I-Jockey
rnd-1_family-809	RC	Helitron
rnd-1_family-790	LTR	Gypsy
rnd-1_family-810	LTR	Gypsy
rnd-1_family-811	Unknown	
rnd-1_family-812	Unknown	
rnd-1_family-813	DNA	P
rnd-1_family-814	LINE	R1-LOA
rnd-1_family-815	LTR	Gypsy
rnd-1_family-816	DNA	TcMar-Tc1
rnd-1_family-817	Unknown	
rnd-1_family-818	Unknown	
rnd-1_family-820	RC	Helitron
rnd-1_family-821	LTR	Pao
rnd-1_family-822	LTR	Pao
rnd-1_family-823	LTR	Gypsy
rnd-1_family-824	LTR	Gypsy
rnd-1_family-826	LTR	Gypsy
rnd-1_family-827	Unknown	
rnd-1_family-828	LINE	I-Jockey
rnd-1_family-829	LTR	Pao
rnd-1_family-831	LINE	I-Jockey
rnd-1_family-832	LTR	Gypsy
rnd-1_family-833	LTR	Pao
rnd-1_family-834	Unknown	
rnd-1_family-835	LTR	Pao
rnd-1_family-744	LINE	I-Jockey
rnd-1_family-836	LTR	Gypsy
rnd-1_family-837	LINE	I-Jockey
rnd-1_family-838	Unknown	
rnd-1_family-839	LTR	Copia
rnd-1_family-840	LINE	I-Jockey
rnd-1_family-841	Unknown	
rnd-1_family-842	Unknown	
rnd-1_family-819	LTR	Gypsy
rnd-1_family-843	LTR	Gypsy
rnd-1_family-844	LTR	Pao
rnd-1_family-845	LTR	Pao
rnd-1_family-846	Unknown	
rnd-1_family-847	Unknown	
rnd-1_family-848	Unknown	
rnd-1_family-849	LTR	Gypsy
rnd-1_family-850	LTR	Gypsy
rnd-1_family-851	LTR	Gypsy
rnd-1_family-852	LTR	Gypsy
rnd-1_family-825	LINE	R1
rnd-1_family-853	LINE	I-Jockey
rnd-1_family-854	Unknown	
rnd-1_family-855	LINE	I-Jockey
rnd-1_family-856	LTR	Gypsy
rnd-1_family-830	LTR	Pao
rnd-1_family-857	LINE	L2
rnd-1_family-858	Unknown	
rnd-1_family-859	LTR	Pao
rnd-1_family-860	LTR	Pao
rnd-1_family-861	LTR	Pao
rnd-1_family-862	Unknown	
rnd-1_family-864	Unknown	
rnd-1_family-865	Unknown	
rnd-1_family-866	LTR	Pao
rnd-1_family-867	Unknown	
rnd-1_family-868	LTR	Pao
rnd-1_family-869	LTR	Gypsy
rnd-1_family-870	DNA	TcMar-Tc1
rnd-1_family-871	Unknown	
rnd-1_family-872	RC	Helitron
rnd-1_family-873	LTR	Gypsy
rnd-1_family-874	LTR	Gypsy
rnd-1_family-875	Unknown	
rnd-1_family-876	Unknown	
rnd-1_family-877	LTR	Gypsy
rnd-1_family-878	LTR	Gypsy
rnd-1_family-879	LINE	I-Jockey
rnd-1_family-880	LINE	
rnd-1_family-882	LTR	Gypsy
rnd-1_family-884	LTR	Pao
rnd-1_family-886	LTR	Pao
rnd-1_family-887	LTR	Pao
rnd-1_family-888	DNA	TcMar-Mariner
rnd-1_family-889	Unknown	
rnd-1_family-890	LTR	Gypsy
rnd-1_family-891	Unknown	
rnd-1_family-892	RC	Helitron
rnd-1_family-893	LTR	Gypsy
rnd-1_family-894	Unknown	
rnd-1_family-895	LTR	Pao
rnd-1_family-896	Unknown	
rnd-1_family-897	Unknown	
rnd-1_family-898	LINE	I-Jockey
rnd-1_family-899	Unknown	
rnd-1_family-900	LTR	Gypsy
rnd-1_family-718	Unknown	
rnd-1_family-901	LTR	Gypsy
rnd-1_family-881	LTR	Pao
rnd-1_family-902	DNA	TcMar-Mariner
rnd-1_family-883	Unknown	
rnd-1_family-903	LTR	Gypsy
rnd-1_family-904	Unknown	
rnd-1_family-905	Unknown	
rnd-1_family-906	LINE	R1-LOA
rnd-1_family-907	Unknown	
rnd-1_family-908	Unknown	
rnd-1_family-909	RC	Helitron
rnd-1_family-910	DNA	TcMar-Tc1
rnd-1_family-911	Unknown	
rnd-1_family-912	DNA	Maverick
rnd-1_family-913	LTR	Gypsy
rnd-1_family-863	LTR	Gypsy
rnd-1_family-915	Unknown	
rnd-1_family-916	RC	Helitron
rnd-1_family-917	DNA	TcMar-Tc1
rnd-1_family-885	LTR	Gypsy
rnd-2_family-70	Unknown	
rnd-2_family-167	LINE	CR1
rnd-3_family-101	LINE	CR1
rnd-3_family-81	RC	Helitron
rnd-3_family-328	LTR	Pao
rnd-4_family-18	LINE	CR1
rnd-4_family-11	Unknown	
rnd-4_family-215	LINE	I-Jockey
rnd-4_family-49	Satellite	
rnd-4_family-187	Unknown	
rnd-4_family-783	Unknown	
rnd-4_family-52	Unknown	
rnd-4_family-685	LTR	Pao
rnd-4_family-649	LTR	Pao
rnd-4_family-43	Unknown	
rnd-4_family-735	LINE	I-Jockey
rnd-4_family-291	LINE	I-Jockey
rnd-4_family-29	DNA	TcMar-Tc1
rnd-4_family-146	LTR	Gypsy
rnd-4_family-55	Unknown	
rnd-4_family-654	LINE	CR1
rnd-4_family-608	Unknown	
rnd-4_family-2085	LTR	Gypsy
rnd-4_family-19	Unknown	
rnd-4_family-31	LTR	Gypsy
rnd-4_family-354	LTR	Gypsy
rnd-4_family-64	Unknown	
rnd-4_family-101	Satellite	
rnd-4_family-951	Unknown	
rnd-4_family-228	LTR	Gypsy
rnd-4_family-198	Unknown	
rnd-4_family-26	RC	Helitron
rnd-5_family-365	LINE	CR1
rnd-5_family-324	Unknown	
rnd-5_family-1355	Unknown	
rnd-5_family-81	Unknown	
rnd-5_family-17	LINE	I-Jockey
rnd-5_family-309	LINE	I-Jockey
rnd-5_family-1032	DNA	Maverick
rnd-5_family-1538	DNA	PIF-Harbinger
rnd-5_family-234	Unknown	
rnd-5_family-2380	LINE	I
rnd-5_family-1292	Unknown	
rnd-5_family-88	RC	Helitron
rnd-5_family-656	LTR	Pao
rnd-5_family-236	LTR	Gypsy
rnd-5_family-1082	LTR	Pao
rnd-5_family-1158	LTR	Gypsy
rnd-5_family-1199	LTR	Gypsy
rnd-5_family-980	Unknown	
rnd-5_family-1040	LINE	I
rnd-5_family-1197	Unknown	
rnd-5_family-448	LTR	Gypsy
rnd-5_family-364	LINE	CR1
rnd-5_family-14	LTR	Pao
rnd-5_family-443	LTR	Gypsy
rnd-5_family-1221	Unknown	
rnd-5_family-1531	Unknown	
rnd-5_family-100	Unknown	
rnd-5_family-303	DNA	CMC-Transib
rnd-5_family-1171	LINE	I-Jockey
rnd-5_family-3263	Unknown	
rnd-5_family-115	LINE	R2
rnd-5_family-884	LTR	Gypsy
rnd-5_family-776	Unknown	
rnd-5_family-2366	LTR	Gypsy
rnd-5_family-901	Unknown	
rnd-5_family-2740	DNA	P
rnd-5_family-248	LTR	Pao
rnd-5_family-1338	Unknown	
rnd-5_family-232	LTR	Gypsy
rnd-5_family-345	LTR	Gypsy
rnd-5_family-892	LTR	Gypsy
rnd-5_family-306	Unknown	
rnd-5_family-1345	LINE	CR1
rnd-5_family-1162	LINE	R1
rnd-5_family-125	Unknown	
rnd-5_family-488	LTR	Gypsy
rnd-5_family-1314	LTR	Pao
rnd-5_family-2538	RC	Helitron
rnd-5_family-243	DNA	hAT-Blackjack
rnd-5_family-450	LTR	Gypsy
rnd-5_family-354	DNA	Maverick
rnd-5_family-116	Unknown	
rnd-5_family-127	LTR	Gypsy
rnd-5_family-90	RC	Helitron
rnd-5_family-447	LTR	Gypsy
rnd-5_family-3265	LTR	Gypsy
rnd-5_family-197	LINE	I-Jockey
rnd-5_family-557	LTR	Gypsy
rnd-5_family-1681	Unknown	
rnd-5_family-297	Simple	repeat
rnd-5_family-215	Unknown	
rnd-5_family-1208	LINE	CR1
rnd-5_family-1707	LTR	Pao
rnd-5_family-2869	DNA	P
rnd-5_family-559	RC	Helitron
rnd-5_family-763	RC	Helitron
rnd-5_family-1844	LTR	Pao
rnd-5_family-301	Unknown	
rnd-5_family-342	LTR	Gypsy
rnd-5_family-397	LTR	Pao
rnd-5_family-1501	Unknown	
rnd-5_family-560	DNA	TcMar-Mariner
rnd-5_family-1336	Unknown	
rnd-5_family-1452	RC	Helitron
rnd-5_family-2879	Unknown	
rnd-5_family-1169	LINE	I-Jockey
rnd-5_family-5540	Unknown	
rnd-5_family-299	DNA	TcMar-Tc1
rnd-5_family-1650	LTR	Pao
rnd-5_family-766	RC	Helitron
rnd-5_family-2801	tRNA	
rnd-5_family-346	Unknown	
rnd-5_family-1547	RC	Helitron
rnd-5_family-1875	Unknown	
rnd-5_family-1202	Unknown	
rnd-5_family-128	LTR	Gypsy
rnd-5_family-4463	LTR	Gypsy
rnd-5_family-1575	DNA	CMC-Transib
rnd-5_family-896	LINE	R1-LOA
rnd-5_family-1879	Unknown	
rnd-5_family-113	Unknown	
rnd-5_family-1662	Unknown	
rnd-5_family-362	Unknown	
rnd-5_family-1741	LTR	Gypsy
rnd-5_family-2409	DNA	hAT-hobo
rnd-5_family-2524	Unknown	
rnd-5_family-769	Unknown	
rnd-5_family-92	Unknown	
rnd-5_family-1354	LTR	Pao
rnd-5_family-774	Unknown	
rnd-5_family-1856	DNA	hAT-Ac
rnd-5_family-975	LINE	I-Jockey
rnd-5_family-193	Unknown	
rnd-5_family-1238	LTR	Gypsy
rnd-5_family-1657	Unknown	
rnd-5_family-1794	Unknown	
rnd-5_family-39	Unknown	
rnd-5_family-5685	Unknown	
rnd-5_family-697	Unknown	
rnd-5_family-979	LTR	Gypsy
rnd-5_family-4065	Unknown	
rnd-5_family-1790	Unknown	
rnd-5_family-876	RC	Helitron
rnd-5_family-2235	LTR	Gypsy
rnd-5_family-2196	DNA	TcMar-Tc1
rnd-5_family-2087	DNA	hAT-Blackjack
rnd-5_family-1578	LTR	Gypsy
rnd-5_family-3201	DNA	TcMar-Tc1
rnd-5_family-1157	Unknown	
rnd-5_family-98	LTR	Gypsy
rnd-5_family-18	LINE	I-Jockey
rnd-5_family-490	LTR	Gypsy
rnd-5_family-446	LTR	Gypsy
rnd-5_family-2497	Unknown	
rnd-5_family-1569	Unknown	
rnd-5_family-3266	LTR	Gypsy
rnd-5_family-310	Unknown	
rnd-5_family-2434	RC	Helitron
rnd-5_family-2492	RC	Helitron
rnd-5_family-1204	LTR	Gypsy
rnd-5_family-1602	LTR	Gypsy
rnd-5_family-741	LTR	Gypsy
rnd-5_family-321	LTR	Pao
rnd-5_family-558	LTR	Gypsy
rnd-5_family-1205	LTR	Copia
rnd-5_family-97	LTR	Gypsy
rnd-5_family-372	Unknown	
rnd-5_family-767	RC	Helitron
rnd-5_family-2637	LTR	Gypsy
rnd-5_family-2373	DNA	PIF-Harbinger
rnd-5_family-2871	Unknown	
rnd-5_family-818	DNA	TcMar-Mariner
rnd-5_family-396	Unknown	
rnd-5_family-2226	RC	Helitron
rnd-5_family-489	LTR	Gypsy
rnd-5_family-3468	Unknown	
rnd-5_family-52	LINE	I-Jockey
rnd-5_family-2484	Unknown	
rnd-5_family-196	LINE	I-Jockey
rnd-5_family-1315	RC	Helitron
rnd-5_family-1096	Unknown	
rnd-5_family-235	Unknown	
rnd-5_family-445	LTR	Gypsy
rnd-5_family-895	LINE	R1-LOA
rnd-5_family-3816	LTR	Gypsy
rnd-5_family-2628	Unknown	
rnd-5_family-114	LINE	R1
rnd-5_family-258	Unknown	
rnd-5_family-1915	LTR	Gypsy
rnd-5_family-1097	DNA	TcMar-Tc1
rnd-5_family-669	LTR	Gypsy
rnd-5_family-1219	DNA	TcMar-Tc1
rnd-5_family-731	Unknown	
rnd-5_family-1659	LTR	Gypsy
rnd-5_family-1890	Unknown	
rnd-5_family-2358	Unknown	
rnd-5_family-938	Unknown	
rnd-5_family-1293	Unknown	
rnd-5_family-3776	Unknown	
rnd-5_family-1653	LTR	Pao
rnd-5_family-1894	LTR	Gypsy
rnd-5_family-822	LINE	I-Jockey
rnd-5_family-262	DNA	P
rnd-5_family-1028	Unknown	
rnd-5_family-1747	LTR	Gypsy
rnd-5_family-87	Unknown	
rnd-5_family-1031	LTR	Copia
rnd-5_family-389	LTR	Gypsy
rnd-5_family-1291	Unknown	
rnd-5_family-388	LINE	I-Jockey
rnd-5_family-3554	LTR	Pao
rnd-5_family-2834	LTR	Gypsy
rnd-5_family-395	DNA	TcMar-Tc1
rnd-5_family-2442	LINE	R1
rnd-5_family-3339	Unknown	
rnd-5_family-2533	Unknown	
rnd-5_family-9	LTR	Copia
rnd-5_family-1070	LTR	Pao
rnd-5_family-1787	Unknown	
rnd-5_family-1006	Unknown	
rnd-5_family-1708	Unknown	
rnd-5_family-2090	LTR	Pao
rnd-5_family-2204	LTR	Pao
rnd-5_family-241	LTR	Gypsy
rnd-5_family-2828	DNA	hAT-Ac
rnd-5_family-2471	LTR	Gypsy
rnd-5_family-3116	LTR	Gypsy
rnd-5_family-314	Unknown	
rnd-5_family-2344	DNA	
rnd-5_family-2635	LTR	Gypsy
rnd-5_family-3231	Unknown	
rnd-5_family-216	LTR	Gypsy
rnd-5_family-1983	Unknown	
rnd-5_family-391	Unknown	
rnd-5_family-1341	LINE	R1
rnd-5_family-15	Unknown	
rnd-5_family-2020	LTR	Gypsy
rnd-5_family-2498	Unknown	
rnd-5_family-124	Unknown	
rnd-5_family-1203	rRNA	
rnd-5_family-66	LTR	Gypsy
rnd-5_family-1944	LTR	Gypsy
rnd-5_family-495	LTR	Pao
rnd-5_family-2915	Unknown	
rnd-5_family-1640	Unknown	
rnd-5_family-3190	Unknown	
rnd-5_family-504	LTR	Gypsy
rnd-5_family-2079	LTR	Gypsy
rnd-5_family-2327	Simple	repeat
rnd-5_family-1224	RC	Helitron
rnd-5_family-2638	LINE	RTE-X
rnd-5_family-503	Unknown	
rnd-5_family-86	DNA	CMC-Transib
rnd-5_family-2643	LINE	I
rnd-5_family-1754	Unknown	
rnd-5_family-1206	LTR	Gypsy
rnd-5_family-402	DNA	TcMar-Tc1
rnd-5_family-119	LTR	Copia
rnd-5_family-112	Unknown	
rnd-5_family-1661	Unknown	
rnd-5_family-1749	LTR	Gypsy
rnd-5_family-491	Unknown	
rnd-5_family-2286	LINE	I
rnd-5_family-825	DNA	CMC-Transib
rnd-5_family-1643	LTR	Gypsy
rnd-5_family-893	LTR	Gypsy
rnd-5_family-369	DNA	hAT-Blackjack
rnd-5_family-36	Unknown	
rnd-5_family-828	LINE	I-Jockey
rnd-5_family-482	Unknown	
rnd-5_family-1695	Simple	repeat
rnd-5_family-1604	Unknown	
rnd-5_family-1534	DNA	hAT-Ac
rnd-5_family-2831	Unknown	
rnd-5_family-944	LTR	Gypsy
rnd-5_family-134	Simple	repeat
rnd-5_family-1491	RC	Helitron
rnd-5_family-344	LTR	Gypsy
rnd-5_family-552	LTR	Gypsy
rnd-5_family-1551	DNA	TcMar-Mariner
rnd-6_family-805	Unknown	
rnd-6_family-1134	Unknown	
rnd-6_family-2160	LTR	Gypsy
rnd-6_family-224	LTR	Copia
rnd-6_family-1565	LINE	CR1
rnd-6_family-1131	LINE	CR1
rnd-6_family-1655	Unknown	
rnd-6_family-254	Unknown	
rnd-6_family-2394	LTR	Gypsy
rnd-6_family-3469	Unknown	
rnd-6_family-23	Unknown	
rnd-6_family-1392	Satellite	
rnd-6_family-36	Unknown	
rnd-6_family-317	DNA	hAT-Charlie
rnd-6_family-882	LINE	I-Jockey
rnd-6_family-515	LINE	I-Jockey
rnd-6_family-1323	LTR	Gypsy
rnd-6_family-483	LTR	Gypsy
rnd-6_family-4094	LTR	Pao
rnd-6_family-378	LTR	Gypsy
rnd-6_family-262	LTR	Gypsy
rnd-6_family-3786	LTR	Gypsy
rnd-6_family-1352	LTR	Gypsy
rnd-6_family-409	LTR	Gypsy
rnd-6_family-4044	DNA	hAT-Ac
rnd-6_family-2303	LINE	I-Jockey
rnd-6_family-31	Unknown	
rnd-6_family-766	Unknown	
rnd-6_family-1226	LTR	Ngaro
rnd-6_family-601	Unknown	
rnd-6_family-375	DNA	TcMar-Tc1
rnd-6_family-1518	LINE	I-Jockey
rnd-6_family-762	LTR	Pao
rnd-6_family-1320	LTR	Pao
rnd-6_family-1149	LTR	Gypsy
rnd-6_family-277	LTR	Pao
rnd-6_family-315	DNA	CMC-Transib
rnd-6_family-1621	LINE	I-Jockey
rnd-6_family-1549	LTR	Gypsy
rnd-6_family-1259	Unknown	
rnd-6_family-3216	DNA	P
rnd-6_family-8434	Unknown	
rnd-6_family-502	RC	Helitron
rnd-6_family-2309	Unknown	
rnd-6_family-567	LTR	Gypsy
rnd-6_family-2126	LTR	Gypsy
rnd-6_family-666	LTR	Pao
rnd-6_family-305	Unknown	
rnd-6_family-301	LINE	R1
rnd-6_family-149	LTR	Pao
rnd-6_family-1459	Unknown	
rnd-6_family-4464	DNA	TcMar-Tc1
rnd-6_family-32	LTR	Pao
rnd-6_family-565	LINE	I-Jockey
rnd-6_family-3348	LTR	Gypsy
rnd-6_family-582	LTR	Gypsy
rnd-6_family-3696	LTR	Gypsy
rnd-6_family-4185	Unknown	
rnd-6_family-30	Unknown	
rnd-6_family-2012	Unknown	
rnd-6_family-2573	LTR	Gypsy
rnd-6_family-574	Unknown	
rnd-6_family-2162	Unknown	
rnd-6_family-2415	RC	Helitron
rnd-6_family-2808	LTR	Pao
rnd-6_family-645	Unknown	
rnd-6_family-3515	Unknown	
rnd-6_family-1781	Unknown	
rnd-6_family-564	LINE	I-Jockey
rnd-6_family-4091	Unknown	
rnd-6_family-4460	Satellite	
rnd-6_family-1164	Unknown	
rnd-6_family-78	LINE	R1
rnd-6_family-234	LTR	Gypsy
rnd-6_family-825	Unknown	
rnd-6_family-2646	Unknown	
rnd-6_family-2089	LINE	I-Jockey
rnd-6_family-146	Unknown	
rnd-6_family-1500	LTR	Pao
rnd-6_family-312	RC	Helitron
rnd-6_family-1233	Unknown	
rnd-6_family-568	LINE	I-Jockey
rnd-6_family-410	Unknown	
rnd-6_family-377	Unknown	
rnd-6_family-3929	LTR	Gypsy
rnd-6_family-5719	Unknown	
rnd-6_family-1887	LTR	Copia
rnd-6_family-1033	Unknown	
rnd-6_family-691	RC	Helitron
rnd-6_family-3840	DNA	CMC-EnSpm
rnd-6_family-3874	LTR	Gypsy
rnd-6_family-1888	LTR	Gypsy
rnd-6_family-283	Unknown	
rnd-6_family-1930	Unknown	
rnd-6_family-2910	Unknown	
rnd-6_family-258	Unknown	
rnd-6_family-1526	DNA	hAT-Pegasus
rnd-6_family-222	LINE	RTE-X
rnd-6_family-263	DNA	TcMar-Tc1
rnd-6_family-236	Unknown	
rnd-6_family-4762	LTR	Pao
rnd-6_family-2373	Unknown	
rnd-6_family-787	LTR	Pao
rnd-6_family-150	LTR	Pao
rnd-6_family-1629	LTR	Gypsy
rnd-6_family-649	DNA	CMC-Transib
rnd-6_family-289	LTR	Gypsy
rnd-6_family-33	LTR	Gypsy
rnd-6_family-1805	Unknown	
rnd-6_family-1587	DNA	TcMar-Tc1
rnd-6_family-7516	Unknown	
rnd-6_family-403	Unknown	
rnd-6_family-1041	LTR	Gypsy
rnd-6_family-979	Unknown	
rnd-6_family-1351	RC	Helitron
rnd-6_family-855	Unknown	
rnd-6_family-1122	Unknown	
rnd-6_family-663	LTR	Gypsy
rnd-6_family-2416	Unknown	
rnd-6_family-3088	DNA	TcMar-Mariner
rnd-6_family-480	DNA	hAT-hobo
rnd-6_family-1620	rRNA	
rnd-6_family-621	Unknown	
rnd-6_family-510	RC	Helitron
rnd-6_family-883	Unknown	
rnd-6_family-2912	LTR	Pao
rnd-6_family-1317	LTR	Gypsy
rnd-6_family-2505	LTR	Gypsy
rnd-6_family-1425	LINE	I-Jockey
rnd-6_family-2239	LTR	Pao
rnd-6_family-206	DNA	TcMar-Tigger
rnd-6_family-446	Unknown	
rnd-6_family-1139	RC	Helitron
rnd-6_family-1044	Unknown	
rnd-6_family-1300	Simple	repeat
rnd-6_family-368	Unknown	
rnd-6_family-3031	Unknown	
rnd-6_family-1313	Unknown	
rnd-6_family-551	Unknown	
rnd-6_family-4184	Unknown	
rnd-6_family-3294	DNA	Zisupton
rnd-6_family-3796	Unknown	
rnd-6_family-140	Unknown	
rnd-6_family-533	LINE	Penelope
rnd-6_family-103	Unknown	
rnd-6_family-1921	RC	Helitron
rnd-6_family-1257	Unknown	
rnd-6_family-49	Unknown	
rnd-6_family-109	Unknown	
rnd-6_family-311	LTR	Gypsy
rnd-6_family-1820	LTR	Gypsy
rnd-6_family-722	LTR	Gypsy
rnd-6_family-271	LTR	Pao
rnd-6_family-6263	Unknown	
rnd-6_family-2125	LTR	Gypsy
rnd-6_family-1302	Unknown	
rnd-6_family-107	DNA	TcMar-Tc1
rnd-6_family-1819	LTR	Pao
rnd-6_family-2311	DNA	TcMar-Tc1
rnd-6_family-3974	Unknown	
rnd-6_family-233	LTR	Gypsy
rnd-6_family-2393	Unknown	
