rnd-1_family-270	LTR	Gypsy
rnd-1_family-14	Unknown	
rnd-1_family-68	RC	Helitron
rnd-1_family-109	Unknown	
rnd-1_family-93	LTR	Pao
rnd-1_family-181	LINE	I-Jockey
rnd-1_family-70	LINE	I-Jockey
rnd-1_family-21	Unknown	
rnd-1_family-238	LTR	Gypsy
rnd-1_family-5	Unknown	
rnd-1_family-148	LTR	Gypsy
rnd-1_family-197	Unknown	
rnd-1_family-156	LINE	CR1
rnd-1_family-106	LINE	CR1
rnd-1_family-175	LINE	I-Jockey
rnd-1_family-206	Unknown	
rnd-1_family-78	LINE	I-Jockey
rnd-1_family-150	Unknown	
rnd-1_family-243	LTR	Gypsy
rnd-1_family-163	Unknown	
rnd-1_family-116	LINE	I-Jockey
rnd-1_family-187	Unknown	
rnd-1_family-143	Unknown	
rnd-1_family-159	LTR	Pao
rnd-1_family-96	LINE	I-Jockey
rnd-1_family-24	RC	Helitron
rnd-1_family-261	Unknown	
rnd-1_family-179	RC	Helitron
rnd-1_family-119	LTR	Gypsy
rnd-1_family-85	LINE	I-Jockey
rnd-1_family-39	LTR	Gypsy
rnd-1_family-25	RC	Helitron
rnd-1_family-141	LTR	Pao
rnd-1_family-231	Unknown	
rnd-1_family-118	LTR	Gypsy
rnd-1_family-168	LTR	Gypsy
rnd-1_family-44	RC	Helitron
rnd-1_family-77	LINE	I-Jockey
rnd-1_family-164	LTR	Pao
rnd-1_family-87	RC	Helitron
rnd-1_family-41	RC	Helitron
rnd-1_family-20	Unknown	
rnd-1_family-69	LINE	I-Jockey
rnd-1_family-130	LTR	Gypsy
rnd-1_family-215	LTR	Gypsy
rnd-1_family-37	RC	Helitron
rnd-1_family-198	LTR	Gypsy
rnd-1_family-98	Unknown	
rnd-1_family-72	LTR	Gypsy
rnd-1_family-196	Unknown	
rnd-1_family-222	LTR	Pao
rnd-1_family-157	LTR	Pao
rnd-1_family-176	LINE	I-Jockey
rnd-1_family-170	Unknown	
rnd-1_family-154	Unknown	
rnd-1_family-249	Unknown	
rnd-1_family-91	LINE	I-Jockey
rnd-1_family-276	LTR	Gypsy
rnd-1_family-136	LINE	I-Jockey
rnd-1_family-266	LTR	Gypsy
rnd-1_family-16	RC	Helitron
rnd-1_family-229	Unknown	
rnd-1_family-144	DNA	TcMar-Tc1
rnd-1_family-275	LTR	Gypsy
rnd-1_family-1	RC	Helitron
rnd-1_family-149	Unknown	
rnd-1_family-56	Unknown	
rnd-1_family-65	RC	Helitron
rnd-1_family-193	LINE	CR1
rnd-1_family-240	LTR	Gypsy
rnd-1_family-237	Unknown	
rnd-1_family-169	LTR	Gypsy
rnd-1_family-22	Unknown	
rnd-1_family-58	Unknown	
rnd-1_family-267	LTR	Gypsy
rnd-1_family-271	LTR	Gypsy
rnd-1_family-23	LTR	Pao
rnd-1_family-59	Unknown	
rnd-1_family-224	LTR	Gypsy
rnd-1_family-47	RC	Helitron
rnd-1_family-34	Unknown	
rnd-1_family-117	LTR	Gypsy
rnd-1_family-10	Unknown	
rnd-1_family-61	LINE	CR1
rnd-1_family-134	LTR	Gypsy
rnd-1_family-126	LTR	Gypsy
rnd-1_family-120	LINE	I-Jockey
rnd-1_family-6	Unknown	
rnd-1_family-145	LTR	Gypsy
rnd-1_family-162	LTR	Pao
rnd-1_family-92	Unknown	
rnd-1_family-49	LINE	I-Jockey
rnd-1_family-124	Unknown	
rnd-1_family-172	LTR	Gypsy
rnd-1_family-66	RC	Helitron
rnd-1_family-103	LTR	Gypsy
rnd-1_family-177	LTR	Gypsy
rnd-1_family-167	LTR	Gypsy
rnd-1_family-242	LTR	Gypsy
rnd-1_family-131	LTR	Gypsy
rnd-1_family-128	LINE	I-Jockey
rnd-1_family-135	LTR	Gypsy
rnd-1_family-277	DNA	TcMar-Tc1
rnd-1_family-0	Unknown	
rnd-1_family-26	RC	Helitron
rnd-1_family-114	LTR	Pao
rnd-1_family-272	Unknown	
rnd-1_family-84	Unknown	
rnd-1_family-8	Unknown	
rnd-1_family-138	LTR	Gypsy
rnd-1_family-139	LINE	CR1
rnd-1_family-100	Unknown	
rnd-1_family-121	LTR	Gypsy
rnd-1_family-250	LTR	Gypsy
rnd-1_family-53	RC	Helitron
rnd-1_family-4	Unknown	
rnd-1_family-165	Unknown	
rnd-1_family-140	LINE	I-Jockey
rnd-1_family-62	Unknown	
rnd-1_family-245	Unknown	
rnd-1_family-269	DNA	P
rnd-1_family-28	RC	Helitron
rnd-1_family-182	LINE	I-Jockey
rnd-1_family-221	Unknown	
rnd-1_family-60	Unknown	
rnd-1_family-132	LTR	Gypsy
rnd-1_family-18	LTR	Gypsy
rnd-1_family-54	Unknown	
rnd-1_family-11	Unknown	
rnd-1_family-108	Unknown	
rnd-1_family-36	Unknown	
rnd-1_family-57	LINE	CR1
rnd-1_family-225	DNA	TcMar-Tc1
rnd-1_family-112	LTR	Gypsy
rnd-1_family-174	LINE	I-Jockey
rnd-1_family-43	RC	Helitron
rnd-1_family-146	Unknown	
rnd-1_family-64	DNA	P
rnd-1_family-38	Unknown	
rnd-1_family-17	LTR	Gypsy
rnd-1_family-45	RC	Helitron
rnd-1_family-15	Unknown	
rnd-1_family-7	Unknown	
rnd-1_family-122	LINE	CR1
rnd-1_family-115	Unknown	
rnd-1_family-30	Unknown	
rnd-1_family-73	LINE	I-Jockey
rnd-1_family-265	LTR	Gypsy
rnd-1_family-13	RC	Helitron
rnd-1_family-239	LTR	Gypsy
rnd-1_family-90	LTR	Gypsy
rnd-1_family-95	Unknown	
rnd-1_family-27	Unknown	
rnd-1_family-99	Unknown	
rnd-1_family-151	Unknown	
rnd-1_family-51	DNA	CMC-Transib
rnd-1_family-212	LTR	Gypsy
rnd-1_family-110	DNA	TcMar-Tc1
rnd-1_family-31	RC	Helitron
rnd-1_family-190	Unknown	
rnd-1_family-253	LTR	Gypsy
rnd-1_family-123	LTR	Gypsy
rnd-1_family-205	LTR	Gypsy
rnd-1_family-46	RC	Helitron
rnd-1_family-35	RC	Helitron
rnd-1_family-188	LTR	Gypsy
rnd-1_family-201	LTR	Gypsy
rnd-1_family-33	Unknown	
rnd-1_family-230	LTR	Gypsy
rnd-1_family-202	Unknown	
rnd-1_family-105	LTR	Gypsy
rnd-1_family-2	Unknown	
rnd-1_family-48	RC	Helitron
rnd-1_family-81	LINE	CR1
rnd-1_family-79	Unknown	
rnd-1_family-173	LINE	I-Jockey
rnd-1_family-255	Unknown	
rnd-1_family-259	LTR	Pao
rnd-1_family-279	LTR	Gypsy
rnd-1_family-214	LINE	I-Jockey
rnd-1_family-191	Unknown	
rnd-1_family-263	Unknown	
rnd-1_family-3	RC	Helitron
rnd-1_family-160	LINE	CR1
rnd-1_family-233	LTR	Gypsy
rnd-1_family-195	LTR	Gypsy
rnd-1_family-203	LTR	Gypsy
rnd-1_family-32	Unknown	
rnd-1_family-52	RC	Helitron
rnd-1_family-55	Unknown	
rnd-1_family-12	LINE	I
rnd-1_family-29	Unknown	
rnd-1_family-97	LTR	Pao
rnd-1_family-264	LTR	Gypsy
rnd-1_family-184	Unknown	
rnd-1_family-94	LINE	I-Jockey
rnd-1_family-217	LTR	Gypsy
rnd-1_family-19	Unknown	
rnd-1_family-86	LINE	CR1
rnd-1_family-219	LTR	Gypsy
rnd-1_family-223	LINE	I-Jockey
rnd-1_family-71	Unknown	
rnd-1_family-42	RC	Helitron
rnd-1_family-226	LINE	I-Jockey
rnd-1_family-89	LTR	Gypsy
rnd-1_family-63	RC	Helitron
rnd-1_family-88	Unknown	
rnd-1_family-101	LTR	Gypsy
rnd-1_family-50	LTR	Gypsy
rnd-1_family-67	LINE	CR1
rnd-1_family-208	Unknown	
rnd-1_family-40	RC	Helitron
rnd-1_family-107	LTR	Gypsy
rnd-1_family-133	LTR	Gypsy
rnd-1_family-76	LTR	Gypsy
rnd-1_family-220	LINE	I-Jockey
rnd-1_family-235	DNA	CMC-EnSpm
rnd-1_family-252	LTR	Gypsy
rnd-1_family-227	LTR	Gypsy
rnd-1_family-183	LTR	Pao
rnd-1_family-127	LINE	CR1
rnd-1_family-137	LTR	Gypsy
rnd-1_family-199	LINE	I-Jockey
rnd-1_family-256	Unknown	
rnd-1_family-244	RC	Helitron
rnd-1_family-155	LINE	I-Jockey
rnd-1_family-171	RC	Helitron
rnd-1_family-218	LTR	Gypsy
rnd-1_family-75	RC	Helitron
rnd-1_family-142	Unknown	
rnd-1_family-147	LTR	Pao
rnd-1_family-9	Unknown	
rnd-1_family-207	LINE	I-Jockey
rnd-1_family-125	LTR	Gypsy
rnd-1_family-280	Unknown	
rnd-1_family-216	Unknown	
rnd-1_family-129	LINE	CR1
rnd-1_family-204	LTR	Gypsy
rnd-1_family-210	LTR	Gypsy
rnd-1_family-161	LINE	I-Jockey
rnd-1_family-166	LTR	Pao
rnd-1_family-178	LINE	I-Jockey
rnd-1_family-258	LTR	Gypsy
rnd-1_family-251	Unknown	
rnd-1_family-104	Unknown	
rnd-1_family-185	LTR	Gypsy
rnd-1_family-283	LINE	I-Jockey
rnd-1_family-228	LTR	Gypsy
rnd-1_family-200	LTR	Gypsy
rnd-1_family-284	LTR	Gypsy
rnd-1_family-281	LTR	Gypsy
rnd-1_family-209	LTR	Gypsy
rnd-1_family-257	LTR	Gypsy
rnd-1_family-153	LINE	I-Jockey
rnd-1_family-74	RC	Helitron
rnd-1_family-113	LINE	CR1
rnd-1_family-248	LINE	I-Jockey
rnd-1_family-285	LINE	I-Jockey
rnd-1_family-286	RC	Helitron
rnd-1_family-278	LINE	I-Jockey
rnd-1_family-246	LTR	Gypsy
rnd-1_family-247	LTR	Gypsy
rnd-1_family-83	LINE	CR1
rnd-1_family-262	LTR	Pao
rnd-1_family-287	DNA	CMC-Transib
rnd-1_family-180	LTR	Pao
rnd-1_family-288	LTR	Gypsy
rnd-1_family-289	Unknown	
rnd-1_family-236	LINE	CR1
rnd-1_family-290	LTR	Gypsy
rnd-1_family-291	LTR	Gypsy
rnd-1_family-254	LTR	Pao
rnd-1_family-292	LTR	Gypsy
rnd-1_family-293	LTR	Gypsy
rnd-1_family-158	Unknown	
rnd-1_family-234	LINE	I-Jockey
rnd-1_family-294	LTR	Gypsy
rnd-1_family-241	LTR	Gypsy
rnd-1_family-273	LTR	Pao
rnd-1_family-186	LTR	Gypsy
rnd-1_family-296	LTR	Pao
rnd-1_family-189	LTR	Gypsy
rnd-1_family-282	LTR	Pao
rnd-1_family-299	LINE	CR1
rnd-1_family-300	Unknown	
rnd-1_family-297	Unknown	
rnd-1_family-301	Unknown	
rnd-1_family-80	LTR	Gypsy
rnd-1_family-152	Unknown	
rnd-1_family-302	Unknown	
rnd-1_family-82	Unknown	
rnd-1_family-303	LTR	Gypsy
rnd-1_family-194	LINE	I-Jockey
rnd-1_family-211	LTR	Gypsy
rnd-1_family-304	DNA	TcMar-Tc1
rnd-1_family-274	LTR	Gypsy
rnd-1_family-306	Unknown	
rnd-1_family-298	LTR	Gypsy
rnd-1_family-307	Unknown	
rnd-1_family-308	LINE	Penelope
rnd-1_family-309	LINE	I-Jockey
rnd-1_family-260	LTR	Gypsy
rnd-1_family-295	LTR	Pao
rnd-1_family-192	LINE	CR1
rnd-1_family-312	Unknown	
rnd-1_family-313	LTR	Gypsy
rnd-1_family-268	LINE	I-Jockey
rnd-1_family-232	LTR	Gypsy
rnd-1_family-316	LTR	Gypsy
rnd-1_family-305	Unknown	
rnd-1_family-314	LTR	Gypsy
rnd-1_family-317	RC	Helitron
rnd-1_family-315	LTR	Pao
rnd-1_family-310	LTR	Gypsy
rnd-1_family-320	LTR	Gypsy
rnd-1_family-321	Unknown	
rnd-1_family-319	LTR	Gypsy
rnd-1_family-322	RC	Helitron
rnd-1_family-324	LTR	Pao
rnd-1_family-325	LTR	Gypsy
rnd-1_family-326	Unknown	
rnd-1_family-327	LTR	Pao
rnd-1_family-328	Unknown	
rnd-1_family-329	LTR	Gypsy
rnd-1_family-330	RC	Helitron
rnd-1_family-111	LTR	Pao
rnd-1_family-332	Unknown	
rnd-1_family-318	Unknown	
rnd-1_family-336	LTR	Pao
rnd-1_family-337	LTR	Pao
rnd-1_family-338	LTR	Pao
rnd-1_family-311	Unknown	
rnd-1_family-339	Unknown	
rnd-1_family-335	LTR	Gypsy
rnd-1_family-340	Unknown	
rnd-1_family-213	LTR	Gypsy
rnd-1_family-333	LTR	Pao
rnd-1_family-343	LTR	Gypsy
rnd-1_family-344	Unknown	
rnd-1_family-346	LTR	Gypsy
rnd-1_family-334	LTR	Gypsy
rnd-1_family-347	LTR	Pao
rnd-1_family-323	LINE	I-Jockey
rnd-1_family-331	LTR	Gypsy
rnd-1_family-348	Unknown	
rnd-1_family-349	LTR	Gypsy
rnd-1_family-352	DNA	TcMar-Tc1
rnd-1_family-353	LTR	Gypsy
rnd-1_family-354	LTR	Gypsy
rnd-1_family-350	LTR	Gypsy
rnd-1_family-351	LINE	I-Jockey
rnd-1_family-358	Unknown	
rnd-1_family-342	LTR	Gypsy
rnd-1_family-359	LINE	I-Jockey
rnd-1_family-361	LTR	Pao
rnd-1_family-365	DNA	P
rnd-1_family-356	LTR	Gypsy
rnd-1_family-366	Unknown	
rnd-1_family-367	Unknown	
rnd-1_family-357	LTR	Pao
rnd-1_family-368	LTR	Pao
rnd-1_family-345	LTR	Gypsy
rnd-1_family-369	LTR	Gypsy
rnd-1_family-370	Unknown	
rnd-1_family-355	LTR	Gypsy
rnd-1_family-360	Unknown	
rnd-1_family-371	LTR	Pao
rnd-1_family-372	DNA	P
rnd-1_family-363	LTR	Pao
rnd-1_family-364	Unknown	
rnd-1_family-374	LTR	Gypsy
rnd-1_family-375	LTR	Gypsy
rnd-1_family-376	LTR	Gypsy
rnd-1_family-377	LTR	Pao
rnd-1_family-378	DNA	TcMar-Tc1
rnd-1_family-102	LINE	CR1
rnd-1_family-379	Unknown	
rnd-1_family-380	DNA	CMC-Transib
rnd-1_family-381	LTR	Gypsy
rnd-1_family-373	LTR	Gypsy
rnd-1_family-382	LTR	Gypsy
rnd-1_family-383	Unknown	
rnd-1_family-384	LTR	Pao
rnd-1_family-362	LTR	Gypsy
rnd-1_family-388	LTR	Gypsy
rnd-1_family-390	Unknown	
rnd-1_family-391	LTR	Pao
rnd-1_family-392	LINE	Penelope
rnd-1_family-393	Unknown	
rnd-1_family-341	LTR	Gypsy
rnd-1_family-394	RC	Helitron
rnd-1_family-395	Unknown	
rnd-1_family-387	LTR	Pao
rnd-1_family-389	LTR	Pao
rnd-1_family-397	LTR	Gypsy
rnd-1_family-398	Unknown	
rnd-1_family-399	RC	Helitron
rnd-1_family-396	RC	Helitron
rnd-1_family-401	Unknown	
rnd-1_family-402	LTR	Gypsy
rnd-1_family-385	LINE	I-Jockey
rnd-1_family-403	LTR	Gypsy
rnd-1_family-406	LTR	Gypsy
rnd-1_family-407	DNA	TcMar-Tc1
rnd-1_family-408	LTR	Gypsy
rnd-1_family-409	LTR	Gypsy
rnd-1_family-410	LTR	Gypsy
rnd-1_family-404	LTR	Gypsy
rnd-1_family-411	Unknown	
rnd-1_family-412	Unknown	
rnd-1_family-413	LTR	Gypsy
rnd-1_family-415	Unknown	
rnd-1_family-418	LTR	Pao
rnd-1_family-419	LTR	Gypsy
rnd-1_family-405	LTR	Gypsy
rnd-1_family-420	DNA	TcMar-Mariner
rnd-1_family-414	LTR	Pao
rnd-1_family-422	Unknown	
rnd-1_family-386	LTR	Pao
rnd-1_family-417	LTR	Pao
rnd-1_family-423	LINE	I-Jockey
rnd-1_family-425	DNA	TcMar-Tc1
rnd-1_family-426	Unknown	
rnd-1_family-428	LTR	Gypsy
rnd-1_family-429	LTR	Pao
rnd-1_family-430	LTR	Pao
rnd-1_family-431	LTR	Gypsy
rnd-1_family-416	LTR	Gypsy
rnd-1_family-400	DNA	TcMar-Tc1
rnd-1_family-432	DNA	TcMar-Mariner
rnd-1_family-424	LTR	Gypsy
rnd-1_family-427	LTR	Pao
rnd-1_family-433	LTR	Pao
rnd-1_family-436	LTR	Gypsy
rnd-1_family-437	LTR	Gypsy
rnd-1_family-438	LTR	Gypsy
rnd-1_family-421	LINE	I-Jockey
rnd-1_family-439	Unknown	
rnd-1_family-440	LTR	Gypsy
rnd-1_family-435	LTR	Pao
rnd-1_family-441	LTR	Gypsy
rnd-1_family-442	LTR	Gypsy
rnd-1_family-443	LTR	Gypsy
rnd-1_family-444	Unknown	
rnd-1_family-434	LTR	Gypsy
rnd-1_family-446	Unknown	
rnd-1_family-451	Unknown	
rnd-1_family-453	LTR	Gypsy
rnd-1_family-454	LTR	Gypsy
rnd-1_family-448	Unknown	
rnd-1_family-450	DNA	TcMar-Tc1
rnd-1_family-455	Unknown	
rnd-1_family-456	LTR	Gypsy
rnd-1_family-458	DNA	P
rnd-1_family-459	LTR	Gypsy
rnd-1_family-447	LTR	Pao
rnd-1_family-463	Unknown	
rnd-1_family-449	LTR	Gypsy
rnd-1_family-465	LTR	Pao
rnd-1_family-466	Unknown	
rnd-1_family-445	LTR	Gypsy
rnd-1_family-452	LTR	Gypsy
rnd-1_family-468	DNA	TcMar-Mariner
rnd-1_family-469	LTR	Pao
rnd-1_family-470	DNA	TcMar-Tc1
rnd-1_family-471	LINE	I-Jockey
rnd-1_family-472	DNA	TcMar-Mariner
rnd-1_family-474	LTR	Gypsy
rnd-1_family-476	LINE	I-Jockey
rnd-1_family-457	RC	Helitron
rnd-1_family-477	LTR	Gypsy
rnd-1_family-479	LINE	I-Jockey
rnd-1_family-473	LTR	Pao
rnd-1_family-475	LTR	Pao
rnd-1_family-482	DNA	TcMar-Mariner
rnd-1_family-483	LTR	Gypsy
rnd-1_family-484	DNA	TcMar-Mariner
rnd-1_family-478	DNA	TcMar-Tc1
rnd-1_family-486	Unknown	
rnd-1_family-480	LTR	Pao
rnd-1_family-487	Unknown	
rnd-1_family-488	RC	Helitron
rnd-1_family-481	LTR	Pao
rnd-1_family-490	LTR	Gypsy
rnd-1_family-491	LTR	Pao
rnd-1_family-494	LTR	Gypsy
rnd-1_family-495	Unknown	
rnd-1_family-462	Unknown	
rnd-1_family-492	DNA	TcMar-Tc1
rnd-1_family-493	LTR	Pao
rnd-1_family-497	LINE	CR1
rnd-1_family-500	LTR	Pao
rnd-1_family-485	Unknown	
rnd-1_family-501	LTR	Gypsy
rnd-1_family-502	DNA	TcMar-Tc1
rnd-1_family-461	LTR	Pao
rnd-1_family-489	DNA	TcMar-Tc1
rnd-1_family-503	LINE	R1
rnd-1_family-504	Unknown	
rnd-1_family-505	Unknown	
rnd-1_family-498	RC	Helitron
rnd-1_family-506	Unknown	
rnd-1_family-499	LINE	R1
rnd-1_family-507	LTR	Gypsy
rnd-1_family-508	LTR	Pao
rnd-1_family-509	LINE	CR1
rnd-1_family-510	LTR	Gypsy
rnd-1_family-512	RC	Helitron
rnd-1_family-514	LTR	Pao
rnd-1_family-515	LINE	I-Jockey
rnd-1_family-516	LTR	Pao
rnd-1_family-517	Unknown	
rnd-1_family-519	LTR	Pao
rnd-1_family-520	LTR	Gypsy
rnd-1_family-521	DNA	hAT-Ac
rnd-1_family-511	DNA	TcMar-Tc1
rnd-1_family-467	RC	Helitron
rnd-1_family-513	LINE	R1
rnd-1_family-522	Unknown	
rnd-1_family-523	LTR	Gypsy
rnd-1_family-525	LTR	Gypsy
rnd-1_family-526	LTR	Gypsy
rnd-1_family-527	LTR	Gypsy
rnd-1_family-518	LTR	Gypsy
rnd-1_family-529	Unknown	
rnd-1_family-530	DNA	PIF-Harbinger
rnd-1_family-531	RC	Helitron
rnd-1_family-532	DNA	TcMar-Mariner
rnd-1_family-533	LTR	Gypsy
rnd-1_family-528	LTR	Gypsy
rnd-1_family-496	Unknown	
rnd-1_family-534	LTR	Gypsy
rnd-1_family-535	LTR	Gypsy
rnd-1_family-537	Unknown	
rnd-1_family-538	LTR	Pao
rnd-1_family-539	LTR	Gypsy
rnd-1_family-460	LTR	Gypsy
rnd-1_family-540	LTR	Gypsy
rnd-1_family-541	LTR	Gypsy
rnd-1_family-542	Unknown	
rnd-1_family-544	DNA	TcMar-Tc1
rnd-1_family-545	Unknown	
rnd-1_family-546	LINE	R1
rnd-1_family-548	LTR	Gypsy
rnd-1_family-536	LTR	Gypsy
rnd-1_family-549	LTR	Gypsy
rnd-1_family-550	DNA	TcMar-Mariner
rnd-1_family-551	DNA	TcMar-Tc1
rnd-1_family-552	Unknown	
rnd-1_family-543	LTR	Pao
rnd-1_family-554	RC	Helitron
rnd-1_family-555	DNA	TcMar-Tc1
rnd-1_family-556	LTR	Gypsy
rnd-1_family-557	LTR	Pao
rnd-1_family-558	LTR	Gypsy
rnd-1_family-559	Unknown	
rnd-1_family-560	LINE	I-Jockey
rnd-1_family-562	LTR	Gypsy
rnd-1_family-563	Unknown	
rnd-1_family-564	RC	Helitron
rnd-1_family-565	LTR	Pao
rnd-1_family-566	Unknown	
rnd-1_family-524	RC	Helitron
rnd-1_family-567	LTR	Gypsy
rnd-1_family-553	LTR	Gypsy
rnd-1_family-561	LTR	Gypsy
rnd-1_family-547	RC	Helitron
rnd-1_family-569	Unknown	
rnd-1_family-571	Unknown	
rnd-1_family-572	LINE	CR1
rnd-1_family-573	LTR	Gypsy
rnd-1_family-568	LTR	Pao
rnd-1_family-574	Unknown	
rnd-1_family-464	RC	Helitron
rnd-1_family-575	RC	Helitron
rnd-1_family-576	Unknown	
rnd-1_family-577	Unknown	
rnd-1_family-578	LINE	R1
rnd-1_family-579	Unknown	
rnd-1_family-582	LTR	Pao
rnd-1_family-583	DNA	TcMar-Tc1
rnd-1_family-584	LTR	Gypsy
rnd-1_family-585	LTR	Gypsy
rnd-1_family-586	Unknown	
rnd-1_family-587	LTR	Gypsy
rnd-1_family-588	LTR	Gypsy
rnd-1_family-589	Unknown	
rnd-1_family-590	RC	Helitron
rnd-1_family-591	LTR	Gypsy
rnd-1_family-592	DNA	TcMar-Tc1
rnd-1_family-593	Unknown	
rnd-1_family-581	DNA	TcMar-Mariner
rnd-1_family-594	LTR	Gypsy
rnd-1_family-595	LINE	R1
rnd-1_family-596	Unknown	
rnd-1_family-597	LTR	Gypsy
rnd-1_family-570	LTR	Gypsy
rnd-1_family-598	LTR	Gypsy
rnd-1_family-600	LTR	Gypsy
rnd-1_family-601	LTR	Pao
rnd-1_family-602	Unknown	
rnd-1_family-603	Unknown	
rnd-1_family-604	LTR	Gypsy
rnd-1_family-605	LTR	Gypsy
rnd-1_family-606	LINE	I-Jockey
rnd-1_family-607	LTR	Gypsy
rnd-1_family-608	Unknown	
rnd-1_family-610	RC	Helitron
rnd-1_family-611	Unknown	
rnd-1_family-612	Unknown	
rnd-1_family-613	Unknown	
rnd-1_family-614	DNA	hAT-Ac
rnd-1_family-615	LTR	Gypsy
rnd-1_family-609	LTR	Gypsy
rnd-1_family-617	Unknown	
rnd-1_family-618	Unknown	
rnd-1_family-619	LTR	Gypsy
rnd-1_family-620	Unknown	
rnd-1_family-621	LTR	Pao
rnd-1_family-622	RC	Helitron
rnd-1_family-623	LINE	I-Jockey
rnd-1_family-580	LTR	Gypsy
rnd-1_family-624	LTR	Pao
rnd-1_family-625	LINE	R1-LOA
rnd-1_family-626	Unknown	
rnd-1_family-627	LTR	Gypsy
rnd-1_family-628	Unknown	
rnd-1_family-629	LTR	Pao
rnd-1_family-630	Unknown	
rnd-1_family-599	LTR	Pao
rnd-1_family-631	LTR	Gypsy
rnd-1_family-632	LINE	I-Jockey
rnd-1_family-633	RC	Helitron
rnd-1_family-634	Unknown	
rnd-1_family-635	LTR	Gypsy
rnd-1_family-637	DNA	Maverick
rnd-1_family-638	Unknown	
rnd-1_family-640	LTR	Gypsy
rnd-1_family-641	Unknown	
rnd-1_family-642	LTR	Gypsy
rnd-1_family-643	DNA	TcMar-Mariner
rnd-1_family-645	DNA	CMC-Transib
rnd-1_family-646	Unknown	
rnd-1_family-616	LINE	I-Jockey
rnd-1_family-636	LTR	Gypsy
rnd-1_family-647	LTR	Gypsy
rnd-1_family-648	RC	Helitron
rnd-1_family-649	LTR	Pao
rnd-1_family-650	LTR	Gypsy
rnd-1_family-651	LTR	Pao
rnd-1_family-652	LTR	Gypsy
rnd-1_family-655	DNA	hAT-Ac
rnd-1_family-657	LTR	Gypsy
rnd-1_family-659	LTR	Pao
rnd-1_family-660	LTR	Gypsy
rnd-1_family-661	LTR	Gypsy
rnd-1_family-662	Unknown	
rnd-1_family-663	Unknown	
rnd-1_family-664	LTR	Pao
rnd-1_family-665	LTR	Gypsy
rnd-1_family-666	Unknown	
rnd-1_family-644	LTR	Gypsy
rnd-1_family-667	LTR	Gypsy
rnd-1_family-669	Unknown	
rnd-1_family-670	Unknown	
rnd-1_family-671	DNA	TcMar-Tc1
rnd-1_family-639	RC	Helitron
rnd-1_family-672	LTR	Gypsy
rnd-1_family-658	LTR	Gypsy
rnd-1_family-673	Unknown	
rnd-1_family-674	RC	Helitron
rnd-1_family-675	LTR	Pao
rnd-1_family-676	LTR	Pao
rnd-1_family-677	Unknown	
rnd-1_family-678	LTR	Pao
rnd-1_family-679	Unknown	
rnd-1_family-680	LTR	Gypsy
rnd-1_family-681	LTR	Gypsy
rnd-1_family-682	LTR	Pao
rnd-1_family-683	RC	Helitron
rnd-1_family-684	Unknown	
rnd-1_family-654	RC	Helitron
rnd-1_family-685	Unknown	
rnd-1_family-686	Unknown	
rnd-1_family-687	LTR	Pao
rnd-1_family-688	Unknown	
rnd-1_family-689	Unknown	
rnd-1_family-668	LINE	I-Jockey
rnd-1_family-690	LTR	Pao
rnd-1_family-691	LINE	R1-LOA
rnd-1_family-692	LTR	Gypsy
rnd-1_family-693	LTR	Pao
rnd-1_family-694	Unknown	
rnd-1_family-695	LTR	Gypsy
rnd-1_family-696	LTR	Pao
rnd-1_family-653	LTR	Gypsy
rnd-1_family-697	Unknown	
rnd-1_family-698	LTR	Gypsy
rnd-1_family-699	LTR	Gypsy
rnd-1_family-700	Unknown	
rnd-1_family-701	Unknown	
rnd-1_family-703	Unknown	
rnd-1_family-704	LTR	Gypsy
rnd-1_family-705	Unknown	
rnd-1_family-706	Unknown	
rnd-1_family-707	RC	Helitron
rnd-1_family-708	LTR	Pao
rnd-1_family-709	DNA	hAT-Blackjack
rnd-1_family-710	Unknown	
rnd-1_family-711	RC	Helitron
rnd-1_family-712	LTR	Gypsy
rnd-1_family-713	LTR	Gypsy
rnd-1_family-714	LTR	Gypsy
rnd-1_family-717	Unknown	
rnd-1_family-719	Unknown	
rnd-1_family-720	Unknown	
rnd-1_family-721	LINE	I-Jockey
rnd-1_family-723	LINE	I-Jockey
rnd-1_family-724	LTR	Pao
rnd-1_family-725	Unknown	
rnd-1_family-726	RC	Helitron
rnd-1_family-727	Unknown	
rnd-1_family-728	LTR	Gypsy
rnd-1_family-730	LTR	Pao
rnd-1_family-702	Unknown	
rnd-1_family-716	LTR	Gypsy
rnd-1_family-731	Unknown	
rnd-1_family-732	Unknown	
rnd-1_family-733	LTR	Pao
rnd-1_family-734	LTR	Gypsy
rnd-1_family-735	LINE	I
rnd-1_family-736	LTR	Gypsy
rnd-1_family-737	LINE	R2
rnd-1_family-738	DNA	TcMar-Tc1
rnd-1_family-739	DNA	TcMar-Mariner
rnd-1_family-722	LTR	Gypsy
rnd-1_family-740	Unknown	
rnd-1_family-741	LTR	Pao
rnd-1_family-742	Unknown	
rnd-1_family-743	LTR	Pao
rnd-1_family-744	Unknown	
rnd-1_family-746	LTR	Gypsy
rnd-1_family-747	Unknown	
rnd-1_family-748	Unknown	
rnd-1_family-749	Unknown	
rnd-1_family-750	Unknown	
rnd-1_family-751	Unknown	
rnd-1_family-752	LTR	Gypsy
rnd-1_family-753	Unknown	
rnd-1_family-754	Unknown	
rnd-1_family-756	RC	Helitron
rnd-1_family-757	Unknown	
rnd-1_family-758	Unknown	
rnd-1_family-761	Unknown	
rnd-1_family-762	LTR	Gypsy
rnd-1_family-763	LTR	Gypsy
rnd-1_family-764	LTR	Gypsy
rnd-1_family-765	Unknown	
rnd-1_family-729	LINE	I-Jockey
rnd-1_family-766	Unknown	
rnd-1_family-767	LTR	Gypsy
rnd-1_family-745	LTR	Pao
rnd-1_family-768	Unknown	
rnd-1_family-769	Unknown	
rnd-1_family-770	LTR	Gypsy
rnd-1_family-771	LTR	Gypsy
rnd-1_family-772	Unknown	
rnd-1_family-773	LTR	Gypsy
rnd-1_family-774	DNA	TcMar-Tc1
rnd-1_family-775	Unknown	
rnd-1_family-777	Unknown	
rnd-1_family-759	RC	Helitron
rnd-1_family-656	LTR	Gypsy
rnd-1_family-760	LTR	Gypsy
rnd-1_family-715	LTR	Gypsy
rnd-1_family-779	LTR	Gypsy
rnd-1_family-780	LTR	Gypsy
rnd-1_family-781	DNA	TcMar-Mariner
rnd-1_family-783	Unknown	
rnd-1_family-784	LTR	Gypsy
rnd-1_family-786	LINE	R1
rnd-1_family-787	LTR	Pao
rnd-1_family-788	LTR	Pao
rnd-1_family-789	LTR	Gypsy
rnd-1_family-776	Unknown	
rnd-1_family-790	RC	Helitron
rnd-1_family-791	LTR	Pao
rnd-1_family-792	LTR	Gypsy
rnd-1_family-793	Unknown	
rnd-1_family-794	Unknown	
rnd-1_family-795	Unknown	
rnd-1_family-796	Unknown	
rnd-1_family-797	LTR	Pao
rnd-1_family-798	Unknown	
rnd-1_family-718	LTR	Gypsy
rnd-1_family-800	LTR	Gypsy
rnd-1_family-801	Unknown	
rnd-1_family-785	LINE	R1
rnd-1_family-802	LTR	Pao
rnd-1_family-804	LTR	Gypsy
rnd-1_family-805	Unknown	
rnd-1_family-806	Unknown	
rnd-1_family-807	Unknown	
rnd-1_family-808	LTR	Gypsy
rnd-1_family-809	LTR	Gypsy
rnd-1_family-810	Unknown	
rnd-1_family-778	LTR	Gypsy
rnd-1_family-812	Unknown	
rnd-1_family-813	Unknown	
rnd-1_family-814	Unknown	
rnd-1_family-815	LTR	Gypsy
rnd-1_family-816	LTR	Pao
rnd-1_family-817	Unknown	
rnd-1_family-818	LTR	Gypsy
rnd-1_family-819	LTR	Gypsy
rnd-1_family-820	RC	Helitron
rnd-1_family-821	Unknown	
rnd-1_family-822	RC	Helitron
rnd-1_family-799	RC	Helitron
rnd-1_family-823	LTR	Gypsy
rnd-1_family-824	Unknown	
rnd-1_family-825	LINE	I-Jockey
rnd-1_family-826	LTR	Gypsy
rnd-1_family-827	LTR	Gypsy
rnd-1_family-828	LTR	Gypsy
rnd-1_family-829	Unknown	
rnd-1_family-830	Unknown	
rnd-1_family-803	DNA	TcMar-Mariner
rnd-1_family-831	Unknown	
rnd-1_family-832	Unknown	
rnd-1_family-833	LTR	Gypsy
rnd-1_family-835	LTR	Gypsy
rnd-1_family-836	LTR	Copia
rnd-1_family-837	Unknown	
rnd-1_family-838	LTR	Gypsy
rnd-1_family-839	LTR	Gypsy
rnd-1_family-841	Unknown	
rnd-1_family-842	Unknown	
rnd-1_family-845	Unknown	
rnd-1_family-846	Unknown	
rnd-1_family-782	LINE	I-Jockey
rnd-1_family-847	LTR	Gypsy
rnd-1_family-848	Unknown	
rnd-1_family-849	LTR	Copia
rnd-1_family-850	RC	Helitron
rnd-1_family-851	DNA	TcMar-Mariner
rnd-1_family-852	LTR	Pao
rnd-1_family-853	DNA	TcMar-Tc1
rnd-1_family-854	Unknown	
rnd-1_family-855	LTR	Pao
rnd-1_family-856	Unknown	
rnd-1_family-857	Unknown	
rnd-1_family-858	Unknown	
rnd-1_family-859	LTR	Gypsy
rnd-1_family-860	Unknown	
rnd-1_family-861	LTR	Gypsy
rnd-1_family-862	Unknown	
rnd-1_family-863	Unknown	
rnd-1_family-840	RC	Helitron
rnd-1_family-865	LTR	Gypsy
rnd-1_family-866	LTR	Pao
rnd-1_family-867	LTR	Gypsy
rnd-1_family-868	LTR	Gypsy
rnd-1_family-869	Unknown	
rnd-1_family-870	LTR	Gypsy
rnd-1_family-843	LTR	Gypsy
rnd-1_family-844	Unknown	
rnd-1_family-871	Unknown	
rnd-1_family-872	LTR	Pao
rnd-1_family-873	LINE	RTE-X
rnd-1_family-874	LINE	I-Jockey
rnd-1_family-875	LTR	Gypsy
rnd-1_family-876	LTR	Gypsy
rnd-1_family-877	LTR	Gypsy
rnd-1_family-878	Unknown	
rnd-1_family-879	LTR	Gypsy
rnd-1_family-880	LTR	Gypsy
rnd-1_family-882	LTR	Pao
rnd-1_family-883	LTR	Copia
rnd-1_family-884	RC	Helitron
rnd-1_family-885	Unknown	
rnd-1_family-834	LTR	Pao
rnd-1_family-886	LTR	Pao
rnd-1_family-887	Unknown	
rnd-1_family-888	Unknown	
rnd-1_family-889	Unknown	
rnd-1_family-890	Unknown	
rnd-1_family-891	Unknown	
rnd-1_family-892	Unknown	
rnd-1_family-893	Unknown	
rnd-1_family-894	Unknown	
rnd-1_family-864	LTR	Pao
rnd-1_family-895	LTR	Gypsy
rnd-1_family-896	Unknown	
rnd-1_family-897	Unknown	
rnd-1_family-898	LTR	Gypsy
rnd-1_family-899	Unknown	
rnd-1_family-900	LTR	Pao
rnd-1_family-901	LTR	Pao
rnd-1_family-902	LTR	Gypsy
rnd-1_family-903	LTR	Copia
rnd-1_family-904	Unknown	
rnd-1_family-905	Unknown	
rnd-1_family-907	LTR	Gypsy
rnd-1_family-908	LTR	Gypsy
rnd-1_family-909	LTR	Copia
rnd-1_family-910	Unknown	
rnd-1_family-911	LTR	Gypsy
rnd-1_family-912	LTR	Pao
rnd-1_family-913	Unknown	
rnd-1_family-914	Unknown	
rnd-1_family-915	LTR	Gypsy
rnd-1_family-916	Unknown	
rnd-1_family-917	LTR	Pao
rnd-1_family-918	RC	Helitron
rnd-1_family-919	Unknown	
rnd-1_family-920	LTR	Gypsy
rnd-1_family-921	LTR	Pao
rnd-1_family-922	Unknown	
rnd-1_family-923	RC	Helitron
rnd-1_family-924	Unknown	
rnd-1_family-925	LTR	Pao
rnd-1_family-926	Unknown	
rnd-1_family-927	LTR	Gypsy
rnd-1_family-928	Unknown	
rnd-1_family-929	Unknown	
rnd-1_family-930	Unknown	
rnd-1_family-931	LTR	Pao
rnd-1_family-932	Unknown	
rnd-1_family-933	LTR	Gypsy
rnd-1_family-934	Unknown	
rnd-1_family-935	LINE	I
rnd-1_family-936	DNA	hAT-Ac
rnd-1_family-937	LTR	Gypsy
rnd-2_family-5	RC	Helitron
rnd-2_family-120	LINE	CR1
rnd-2_family-6	LINE	I-Jockey
rnd-3_family-83	LINE	CR1
rnd-3_family-45	Unknown	
rnd-3_family-106	LTR	Gypsy
rnd-3_family-42	LINE	CR1
rnd-3_family-122	Unknown	
rnd-3_family-86	LTR	Pao
rnd-3_family-359	LINE	I-Jockey
rnd-3_family-16	RC	Helitron
rnd-3_family-90	RC	Helitron
rnd-3_family-230	LTR	Gypsy
rnd-3_family-56	Unknown	
rnd-4_family-190	LINE	CR1
rnd-4_family-19	LTR	Pao
rnd-4_family-36	LINE	CR1
rnd-4_family-45	LTR	Gypsy
rnd-4_family-211	Unknown	
rnd-4_family-129	LINE	I-Jockey
rnd-4_family-16	Unknown	
rnd-4_family-200	Unknown	
rnd-4_family-231	LTR	Pao
rnd-4_family-160	LTR	Gypsy
rnd-4_family-1111	Unknown	
rnd-4_family-60	RC	Helitron
rnd-4_family-779	Unknown	
rnd-4_family-323	Unknown	
rnd-4_family-35	LINE	I-Jockey
rnd-4_family-778	Unknown	
rnd-4_family-345	LTR	Gypsy
rnd-4_family-870	LTR	Pao
rnd-4_family-446	LTR	Gypsy
rnd-4_family-119	LINE	RTE-X
rnd-4_family-816	LTR	Copia
rnd-4_family-51	Unknown	
rnd-4_family-273	LINE	I-Jockey
rnd-4_family-655	DNA	TcMar-Tc1
rnd-4_family-1245	LTR	Gypsy
rnd-4_family-291	LTR	Gypsy
rnd-4_family-132	LTR	Gypsy
rnd-4_family-1142	RC	Helitron
rnd-5_family-287	LINE	CR1
rnd-5_family-30	LTR	Gypsy
rnd-5_family-491	Unknown	
rnd-5_family-292	LINE	I-Jockey
rnd-5_family-907	Unknown	
rnd-5_family-157	LTR	Pao
rnd-5_family-895	Unknown	
rnd-5_family-108	LTR	Gypsy
rnd-5_family-257	Simple	repeat
rnd-5_family-53	Unknown	
rnd-5_family-692	LINE	I-Jockey
rnd-5_family-1247	LTR	Gypsy
rnd-5_family-165	LTR	Gypsy
rnd-5_family-2133	LTR	Pao
rnd-5_family-969	LTR	Pao
rnd-5_family-308	Unknown	
rnd-5_family-925	LTR	Gypsy
rnd-5_family-694	Unknown	
rnd-5_family-963	Unknown	
rnd-5_family-1543	Unknown	
rnd-5_family-303	Unknown	
rnd-5_family-31	Unknown	
rnd-5_family-663	Unknown	
rnd-5_family-1005	LINE	I-Jockey
rnd-5_family-772	RC	Helitron
rnd-5_family-29	LTR	Gypsy
rnd-5_family-498	LTR	Pao
rnd-5_family-15	LINE	Penelope
rnd-5_family-763	LTR	Gypsy
rnd-5_family-170	LTR	Gypsy
rnd-5_family-111	LINE	I
rnd-5_family-1625	LTR	Gypsy
rnd-5_family-883	LINE	I
rnd-5_family-450	LINE	CR1
rnd-5_family-910	Unknown	
rnd-5_family-1021	DNA	Maverick
rnd-5_family-1405	Unknown	
rnd-5_family-366	LTR	Gypsy
rnd-5_family-931	DNA	CMC-Transib
rnd-5_family-558	LTR	Pao
rnd-5_family-686	LINE	I-Jockey
rnd-5_family-26	LINE	L2
rnd-5_family-304	LTR	Gypsy
rnd-5_family-761	LTR	Pao
rnd-5_family-102	LTR	Gypsy
rnd-5_family-306	LINE	R1
rnd-5_family-218	LINE	I
rnd-5_family-715	Unknown	
rnd-5_family-1407	Unknown	
rnd-5_family-1827	LTR	Gypsy
rnd-5_family-22	DNA	CMC-EnSpm
rnd-5_family-315	LTR	Pao
rnd-5_family-1389	Unknown	
rnd-5_family-2628	LTR	Gypsy
rnd-5_family-1136	Unknown	
rnd-5_family-2825	LTR	Pao
rnd-5_family-1656	Unknown	
rnd-5_family-970	LTR	Pao
rnd-5_family-796	Unknown	
rnd-5_family-344	Unknown	
rnd-5_family-1657	DNA	hAT-hobo
rnd-5_family-2222	LTR	Copia
rnd-5_family-2057	LTR	Gypsy
rnd-5_family-317	Unknown	
rnd-5_family-263	Unknown	
rnd-5_family-40	LTR	Gypsy
rnd-5_family-158	LTR	Pao
rnd-5_family-11	Unknown	
rnd-5_family-294	LTR	Gypsy
rnd-5_family-187	DNA	MULE-MuDR
rnd-5_family-430	Unknown	
rnd-5_family-1730	LTR	Gypsy
rnd-5_family-172	DNA	TcMar-Tc1
rnd-5_family-173	DNA	hAT-Blackjack
rnd-5_family-1521	RC	Helitron
rnd-5_family-1097	LINE	I-Jockey
rnd-5_family-4413	LTR	Pao
rnd-5_family-4191	DNA	P
rnd-5_family-995	RC	Helitron
rnd-5_family-935	LTR	Gypsy
rnd-5_family-2286	LTR	Gypsy
rnd-5_family-2180	LTR	Gypsy
rnd-5_family-313	LTR	Gypsy
rnd-5_family-1233	LTR	Pao
rnd-5_family-63	LINE	I
rnd-5_family-964	Unknown	
rnd-5_family-1678	Unknown	
rnd-5_family-769	LTR	Gypsy
rnd-5_family-2617	DNA	PIF-Harbinger
rnd-5_family-656	Unknown	
rnd-5_family-54	Unknown	
rnd-5_family-933	LTR	Pao
rnd-5_family-196	RC	Helitron
rnd-5_family-2521	LTR	Gypsy
rnd-5_family-563	LTR	Gypsy
rnd-5_family-106	DNA	hAT-hobo
rnd-5_family-1906	DNA	P
rnd-5_family-110	LTR	Gypsy
rnd-5_family-2806	LTR	Gypsy
rnd-5_family-428	Unknown	
rnd-5_family-295	DNA	TcMar-Tc1
rnd-5_family-335	LTR	Pao
rnd-5_family-62	Unknown	
rnd-5_family-1008	LINE	I
rnd-5_family-3004	LTR	Gypsy
rnd-5_family-824	LINE	I-Jockey
rnd-5_family-911	Unknown	
rnd-5_family-75	RC	Helitron
rnd-5_family-219	LINE	I
rnd-5_family-614	Unknown	
rnd-5_family-1225	LTR	Gypsy
rnd-5_family-912	DNA	P
rnd-5_family-2005	Unknown	
rnd-5_family-1880	Unknown	
rnd-5_family-932	Unknown	
rnd-5_family-298	LTR	Gypsy
rnd-5_family-1203	Unknown	
rnd-5_family-3267	RC	Helitron
rnd-5_family-1602	LINE	I-Jockey
rnd-5_family-1132	Unknown	
rnd-5_family-802	DNA	CMC-Transib
rnd-5_family-1947	LTR	Gypsy
rnd-5_family-2551	LTR	Copia
rnd-5_family-1726	LTR	Copia
rnd-5_family-1503	RC	Helitron
rnd-5_family-1671	Unknown	
rnd-5_family-1928	Unknown	
rnd-5_family-217	DNA	TcMar-Tc1
rnd-5_family-1094	Unknown	
rnd-5_family-2771	LTR	Pao
rnd-5_family-330	Unknown	
rnd-5_family-4024	LTR	Gypsy
rnd-5_family-654	Unknown	
rnd-5_family-39	Unknown	
rnd-5_family-321	LTR	Gypsy
rnd-5_family-109	Unknown	
rnd-5_family-1762	LTR	Pao
rnd-5_family-767	Unknown	
rnd-5_family-1116	LTR	Gypsy
rnd-5_family-548	tRNA	
rnd-5_family-556	DNA	TcMar-Mariner
rnd-5_family-285	DNA	hAT-hobo
rnd-5_family-3591	LTR	Pao
rnd-5_family-700	LINE	I-Jockey
rnd-5_family-2280	LTR	Gypsy
rnd-5_family-1806	Unknown	
rnd-5_family-1731	Unknown	
rnd-5_family-3317	LINE	I
rnd-5_family-2179	LTR	Gypsy
rnd-5_family-1630	Unknown	
rnd-5_family-456	LTR	Gypsy
rnd-5_family-1081	LTR	Pao
rnd-5_family-237	LTR	Gypsy
rnd-5_family-41	LTR	Gypsy
rnd-5_family-3910	Unknown	
rnd-5_family-706	Unknown	
rnd-5_family-2400	LTR	Gypsy
rnd-5_family-1030	Unknown	
rnd-5_family-653	RC	Helitron
rnd-5_family-2326	LTR	Pao
rnd-5_family-755	Unknown	
rnd-5_family-2614	DNA	CMC-EnSpm
rnd-5_family-185	Unknown	
rnd-5_family-1633	Unknown	
rnd-5_family-2138	RC	Helitron
rnd-5_family-993	DNA	TcMar-Tc1
rnd-5_family-68	LTR	Gypsy
rnd-5_family-926	LTR	Gypsy
rnd-5_family-329	DNA	Maverick
rnd-5_family-258	LTR	Pao
rnd-5_family-879	LTR	Gypsy
rnd-5_family-909	Unknown	
rnd-5_family-1669	LTR	Pao
rnd-5_family-2176	DNA	TcMar-Tc1
rnd-5_family-801	DNA	CMC-Transib
rnd-5_family-934	Unknown	
rnd-5_family-1004	Unknown	
rnd-5_family-2178	Unknown	
rnd-5_family-3170	Unknown	
rnd-5_family-808	Unknown	
rnd-5_family-544	Simple	repeat
rnd-5_family-2399	LTR	Gypsy
rnd-5_family-2672	Unknown	
rnd-5_family-245	Unknown	
rnd-5_family-2759	Unknown	
rnd-5_family-190	Unknown	
rnd-5_family-2615	Unknown	
rnd-5_family-2256	Unknown	
rnd-5_family-1632	LTR	Gypsy
rnd-5_family-1099	DNA	PIF-Harbinger
rnd-5_family-1748	Unknown	
rnd-5_family-1079	LTR	Gypsy
rnd-5_family-3292	Unknown	
rnd-5_family-1499	LTR	Gypsy
rnd-5_family-338	Unknown	
rnd-5_family-919	Unknown	
rnd-5_family-432	LINE	CR1
rnd-5_family-195	DNA	TcMar-Tc1
rnd-5_family-1727	Unknown	
rnd-5_family-334	LTR	Pao
rnd-5_family-429	Unknown	
rnd-5_family-175	Unknown	
rnd-5_family-2526	Unknown	
rnd-5_family-222	Unknown	
rnd-5_family-442	Unknown	
rnd-5_family-5924	Unknown	
rnd-5_family-3311	Unknown	
rnd-5_family-2552	LTR	Copia
rnd-5_family-3316	Unknown	
rnd-5_family-1296	LTR	Pao
rnd-5_family-3058	Unknown	
rnd-5_family-1232	Unknown	
rnd-5_family-1002	Unknown	
rnd-6_family-581	LINE	CR1
rnd-6_family-210	RC	Helitron
rnd-6_family-608	Unknown	
rnd-6_family-1832	LTR	Gypsy
rnd-6_family-768	RC	Helitron
rnd-6_family-849	Unknown	
rnd-6_family-1493	LINE	I-Jockey
rnd-6_family-683	Unknown	
rnd-6_family-153	LINE	I-Jockey
rnd-6_family-1486	LINE	I-Jockey
rnd-6_family-2614	LINE	R1
rnd-6_family-2337	DNA	CMC-Transib
rnd-6_family-1796	DNA	TcMar-Tc1
rnd-6_family-1215	Unknown	
rnd-6_family-2076	DNA	TcMar-Tc1
rnd-6_family-271	Unknown	
rnd-6_family-825	LTR	Gypsy
rnd-6_family-3852	Unknown	
rnd-6_family-3666	LINE	CR1
rnd-6_family-269	Unknown	
rnd-6_family-839	LTR	Pao
rnd-6_family-1521	RC	Helitron
rnd-6_family-386	DNA	TcMar-Mariner
rnd-6_family-1475	LTR	Copia
rnd-6_family-2858	LINE	RTE-X
rnd-6_family-1336	RC	Helitron
rnd-6_family-359	LTR	Gypsy
rnd-6_family-3080	Unknown	
rnd-6_family-2381	LTR	Gypsy
rnd-6_family-1490	LINE	I-Jockey
rnd-6_family-579	Unknown	
rnd-6_family-1280	Unknown	
rnd-6_family-1980	Unknown	
rnd-6_family-2329	LTR	Gypsy
rnd-6_family-561	LTR	Gypsy
rnd-6_family-1402	Unknown	
rnd-6_family-853	LTR	Gypsy
rnd-6_family-270	Unknown	
rnd-6_family-1720	RC	Helitron
rnd-6_family-3094	Unknown	
rnd-6_family-493	Unknown	
rnd-6_family-1377	Unknown	
rnd-6_family-1134	DNA	hAT-Ac
rnd-6_family-891	Unknown	
rnd-6_family-2844	DNA	hAT-Blackjack
rnd-6_family-591	LTR	Gypsy
rnd-6_family-4770	DNA	TcMar-Tc1
rnd-6_family-2580	Unknown	
rnd-6_family-1145	Unknown	
rnd-6_family-1312	Unknown	
rnd-6_family-1050	LTR	Gypsy
rnd-6_family-724	Unknown	
rnd-6_family-2147	Unknown	
rnd-6_family-235	DNA	CMC-Transib
rnd-6_family-1322	DNA	TcMar-Mariner
rnd-6_family-1062	Unknown	
rnd-6_family-83	Unknown	
rnd-6_family-245	LTR	Gypsy
rnd-6_family-4675	DNA	P
rnd-6_family-788	Unknown	
rnd-6_family-2554	LTR	Pao
rnd-6_family-1142	Unknown	
rnd-6_family-1049	Unknown	
rnd-6_family-361	LTR	Pao
rnd-6_family-2847	Simple	repeat
rnd-6_family-580	DNA	TcMar-Mariner
rnd-6_family-327	Unknown	
rnd-6_family-1836	Unknown	
rnd-6_family-1189	LTR	Gypsy
rnd-6_family-3546	LTR	Pao
rnd-6_family-246	LTR	Pao
rnd-6_family-790	Unknown	
rnd-6_family-1379	Unknown	
rnd-6_family-6022	DNA	TcMar-Tc1
rnd-6_family-4928	Unknown	
rnd-6_family-2407	LINE	I-Jockey
rnd-6_family-439	Unknown	
rnd-6_family-1574	Unknown	
rnd-6_family-1529	Unknown	
rnd-6_family-2019	LTR	Pao
rnd-6_family-1527	LINE	I-Jockey
rnd-6_family-484	Unknown	
rnd-6_family-881	Unknown	
rnd-6_family-897	LTR	Copia
rnd-6_family-1378	Unknown	
rnd-6_family-76	LTR	Pao
rnd-6_family-1828	DNA	hAT-Ac
rnd-6_family-630	Simple	repeat
rnd-6_family-4731	DNA	TcMar-Mariner
rnd-6_family-1761	Unknown	
rnd-6_family-1121	Unknown	
rnd-6_family-2411	Unknown	
rnd-6_family-3248	Unknown	
rnd-6_family-213	Unknown	
rnd-6_family-360	Unknown	
rnd-6_family-1141	Unknown	
rnd-6_family-545	LINE	I-Jockey
rnd-6_family-2939	Unknown	
rnd-6_family-4678	DNA	hAT-Ac
rnd-6_family-3788	Unknown	
rnd-6_family-725	Unknown	
rnd-6_family-1225	Unknown	
rnd-6_family-1630	LTR	Gypsy
rnd-6_family-882	LTR	Gypsy
rnd-6_family-1287	LINE	L2
rnd-6_family-674	Unknown	
rnd-6_family-146	LTR	Gypsy
rnd-6_family-2676	Unknown	
rnd-6_family-1124	Unknown	
rnd-6_family-3355	Unknown	
rnd-6_family-353	Unknown	
rnd-6_family-4779	DNA	TcMar-Tigger
rnd-6_family-677	Unknown	
rnd-6_family-1507	LINE	L2
rnd-6_family-390	DNA	TcMar-Tc1
rnd-6_family-1334	RC	Helitron
rnd-6_family-1382	LTR	Pao
rnd-6_family-2442	LINE	I-Jockey
rnd-6_family-2319	LTR	Gypsy
rnd-6_family-225	Unknown	
rnd-6_family-769	Unknown	
rnd-6_family-1857	LTR	Gypsy
rnd-6_family-3123	Unknown	
rnd-6_family-2109	Unknown	
rnd-6_family-226	LINE	R1
rnd-6_family-1363	DNA	PiggyBac
rnd-6_family-556	LTR	Copia
rnd-6_family-3518	LTR	Pao
rnd-6_family-234	LINE	R1
rnd-6_family-3659	LTR	Pao
rnd-6_family-1670	Unknown	
rnd-6_family-430	LTR	Gypsy
rnd-6_family-273	Unknown	
rnd-6_family-1387	LINE	L2
rnd-6_family-318	RC	Helitron
rnd-6_family-2318	LTR	Gypsy
rnd-6_family-4951	Unknown	
rnd-6_family-277	DNA	hAT-Pegasus
rnd-6_family-2722	LTR	Pao
rnd-6_family-613	Unknown	
rnd-6_family-2448	Unknown	
rnd-6_family-2301	LINE	I-Jockey
rnd-6_family-3206	Unknown	
rnd-6_family-266	LTR	Pao
rnd-6_family-967	LTR	Gypsy
rnd-6_family-1590	LINE	R1
rnd-6_family-1031	DNA	hAT-Pegasus
rnd-6_family-2900	Unknown	
rnd-6_family-549	Unknown	
rnd-6_family-682	LINE	CR1
rnd-6_family-1581	DNA	CMC-Transib
rnd-6_family-623	LTR	Gypsy
rnd-6_family-1519	Unknown	
rnd-6_family-1631	Unknown	
rnd-6_family-1288	LINE	CR1
rnd-6_family-7320	rRNA	
rnd-6_family-278	Unknown	
rnd-6_family-584	LTR	Gypsy
rnd-6_family-396	Satellite	
rnd-6_family-876	LINE	I-Jockey
rnd-6_family-27	Unknown	
rnd-6_family-2517	Unknown	
rnd-6_family-1728	RC	Helitron
rnd-6_family-5989	Unknown	
rnd-6_family-237	LTR	Gypsy
rnd-6_family-2702	Unknown	
rnd-6_family-2494	DNA	CMC-Transib
rnd-6_family-2276	Simple	repeat
rnd-6_family-5947	Unknown	
rnd-6_family-1494	LINE	I-Jockey
rnd-6_family-8652	DNA	TcMar-Tc1
rnd-6_family-603	Unknown	
