rnd-1_family-159	Unknown	
rnd-1_family-52	RC	Helitron
rnd-1_family-123	LTR	Gypsy
rnd-1_family-37	Simple	repeat
rnd-1_family-66	RC	Helitron
rnd-1_family-143	LINE	CR1
rnd-1_family-163	Unknown	
rnd-1_family-101	Unknown	
rnd-1_family-138	LINE	I-Jockey
rnd-1_family-176	DNA	TcMar-Tc1
rnd-1_family-191	LTR	Pao
rnd-1_family-80	LINE	I-Jockey
rnd-1_family-134	LTR	Gypsy
rnd-1_family-21	RC	Helitron
rnd-1_family-16	Unknown	
rnd-1_family-121	LTR	Pao
rnd-1_family-152	LTR	Gypsy
rnd-1_family-41	Unknown	
rnd-1_family-42	Unknown	
rnd-1_family-173	LTR	Pao
rnd-1_family-28	RC	Helitron
rnd-1_family-184	LTR	Gypsy
rnd-1_family-105	Unknown	
rnd-1_family-95	LTR	Gypsy
rnd-1_family-72	Unknown	
rnd-1_family-55	LTR	Gypsy
rnd-1_family-61	Unknown	
rnd-1_family-15	DNA	CMC-Transib
rnd-1_family-56	LINE	I-Jockey
rnd-1_family-77	LINE	I-Jockey
rnd-1_family-6	Unknown	
rnd-1_family-4	DNA	TcMar-Tc1
rnd-1_family-73	Unknown	
rnd-1_family-100	RC	Helitron
rnd-1_family-17	RC	Helitron
rnd-1_family-90	LINE	I-Jockey
rnd-1_family-19	RC	Helitron
rnd-1_family-65	Unknown	
rnd-1_family-13	Unknown	
rnd-1_family-30	RC	Helitron
rnd-1_family-146	LTR	Gypsy
rnd-1_family-112	LTR	Pao
rnd-1_family-177	Unknown	
rnd-1_family-33	RC	Helitron
rnd-1_family-104	LINE	I-Jockey
rnd-1_family-157	RC	Helitron
rnd-1_family-107	LINE	I-Jockey
rnd-1_family-120	Unknown	
rnd-1_family-147	Unknown	
rnd-1_family-7	LTR	Gypsy
rnd-1_family-39	LTR	Gypsy
rnd-1_family-44	DNA	CMC-Transib
rnd-1_family-5	Unknown	
rnd-1_family-94	LTR	Gypsy
rnd-1_family-155	Unknown	
rnd-1_family-76	LINE	I-Jockey
rnd-1_family-54	Unknown	
rnd-1_family-122	LINE	I-Jockey
rnd-1_family-25	LINE	I-Jockey
rnd-1_family-84	Unknown	
rnd-1_family-27	LINE	I-Jockey
rnd-1_family-129	LTR	Gypsy
rnd-1_family-31	RC	Helitron
rnd-1_family-181	Unknown	
rnd-1_family-87	Unknown	
rnd-1_family-96	Unknown	
rnd-1_family-92	RC	Helitron
rnd-1_family-11	Unknown	
rnd-1_family-36	Unknown	
rnd-1_family-51	LTR	Gypsy
rnd-1_family-188	LINE	I-Jockey
rnd-1_family-53	Unknown	
rnd-1_family-192	Unknown	
rnd-1_family-45	Unknown	
rnd-1_family-114	Unknown	
rnd-1_family-24	RC	Helitron
rnd-1_family-99	LTR	Pao
rnd-1_family-148	LTR	Gypsy
rnd-1_family-93	RC	Helitron
rnd-1_family-161	LTR	Gypsy
rnd-1_family-153	LTR	Gypsy
rnd-1_family-144	DNA	P
rnd-1_family-29	RC	Helitron
rnd-1_family-131	LTR	Gypsy
rnd-1_family-117	LINE	I-Jockey
rnd-1_family-50	LTR	Gypsy
rnd-1_family-48	RC	Helitron
rnd-1_family-115	LTR	Pao
rnd-1_family-126	Unknown	
rnd-1_family-97	LTR	Gypsy
rnd-1_family-12	Unknown	
rnd-1_family-149	LTR	Gypsy
rnd-1_family-182	LTR	Pao
rnd-1_family-174	Unknown	
rnd-1_family-91	LTR	Pao
rnd-1_family-137	Unknown	
rnd-1_family-34	RC	Helitron
rnd-1_family-109	LTR	Gypsy
rnd-1_family-135	LTR	Gypsy
rnd-1_family-111	LINE	I-Jockey
rnd-1_family-127	LTR	Gypsy
rnd-1_family-98	LINE	CR1
rnd-1_family-68	LINE	CR1
rnd-1_family-9	Unknown	
rnd-1_family-40	Unknown	
rnd-1_family-74	DNA	P
rnd-1_family-82	LINE	CR1
rnd-1_family-3	Unknown	
rnd-1_family-124	Unknown	
rnd-1_family-119	LTR	Gypsy
rnd-1_family-169	DNA	TcMar-Tc1
rnd-1_family-189	Unknown	
rnd-1_family-67	Unknown	
rnd-1_family-102	DNA	TcMar-Tc1
rnd-1_family-113	LINE	I-Jockey
rnd-1_family-70	RC	Helitron
rnd-1_family-47	Unknown	
rnd-1_family-62	Unknown	
rnd-1_family-71	LINE	CR1
rnd-1_family-108	LTR	Pao
rnd-1_family-79	LINE	I-Jockey
rnd-1_family-145	LINE	CR1
rnd-1_family-22	RC	Helitron
rnd-1_family-2	RC	Helitron
rnd-1_family-85	Unknown	
rnd-1_family-32	RC	Helitron
rnd-1_family-81	Unknown	
rnd-1_family-150	LINE	I-Jockey
rnd-1_family-63	RC	Helitron
rnd-1_family-20	RC	Helitron
rnd-1_family-167	Unknown	
rnd-1_family-132	Unknown	
rnd-1_family-78	RC	Helitron
rnd-1_family-58	Unknown	
rnd-1_family-160	LTR	Gypsy
rnd-1_family-89	LINE	CR1
rnd-1_family-23	RC	Helitron
rnd-1_family-86	Unknown	
rnd-1_family-75	LINE	CR1
rnd-1_family-10	Unknown	
rnd-1_family-103	RC	Helitron
rnd-1_family-125	LINE	I-Jockey
rnd-1_family-151	Unknown	
rnd-1_family-0	Unknown	
rnd-1_family-110	LINE	I-Jockey
rnd-1_family-26	Unknown	
rnd-1_family-14	Unknown	
rnd-1_family-170	Unknown	
rnd-1_family-183	Unknown	
rnd-1_family-46	LTR	Gypsy
rnd-1_family-18	Unknown	
rnd-1_family-140	LINE	I-Jockey
rnd-1_family-172	LTR	Gypsy
rnd-1_family-60	Unknown	
rnd-1_family-8	Unknown	
rnd-1_family-156	LTR	Gypsy
rnd-1_family-49	Unknown	
rnd-1_family-35	RC	Helitron
rnd-1_family-83	LINE	CR1
rnd-1_family-106	LTR	Gypsy
rnd-1_family-64	LINE	R1
rnd-1_family-1	RC	Helitron
rnd-1_family-168	LTR	Gypsy
rnd-1_family-178	LTR	Gypsy
rnd-1_family-118	LINE	I-Jockey
rnd-1_family-166	LTR	Pao
rnd-1_family-185	LTR	Pao
rnd-1_family-164	LTR	Gypsy
rnd-1_family-130	LINE	I-Jockey
rnd-1_family-116	LINE	I-Jockey
rnd-1_family-154	LTR	Gypsy
rnd-1_family-197	LTR	Gypsy
rnd-1_family-142	LINE	I-Jockey
rnd-1_family-187	LTR	Pao
rnd-1_family-69	RC	Helitron
rnd-1_family-180	LTR	Gypsy
rnd-1_family-133	Unknown	
rnd-1_family-198	LTR	Gypsy
rnd-1_family-195	LTR	Pao
rnd-1_family-57	Unknown	
rnd-1_family-171	LTR	Gypsy
rnd-1_family-194	LTR	Pao
rnd-1_family-38	RC	Helitron
rnd-1_family-59	Unknown	
rnd-1_family-175	Unknown	
rnd-1_family-199	LTR	Gypsy
rnd-1_family-201	Unknown	
rnd-1_family-141	LTR	Gypsy
rnd-1_family-196	RC	Helitron
rnd-1_family-162	LTR	Pao
rnd-1_family-186	LTR	Gypsy
rnd-1_family-205	Unknown	
rnd-1_family-203	LTR	Gypsy
rnd-1_family-88	LINE	CR1
rnd-1_family-204	LTR	Gypsy
rnd-1_family-206	LTR	Gypsy
rnd-1_family-165	LINE	I-Jockey
rnd-1_family-200	LTR	Gypsy
rnd-1_family-207	DNA	PIF-Harbinger
rnd-1_family-179	LTR	Gypsy
rnd-1_family-210	Unknown	
rnd-1_family-208	LTR	Gypsy
rnd-1_family-202	LTR	Pao
rnd-1_family-212	Unknown	
rnd-1_family-136	LTR	Gypsy
rnd-1_family-213	DNA	P
rnd-1_family-128	Unknown	
rnd-1_family-209	Unknown	
rnd-1_family-158	LINE	I-Jockey
rnd-1_family-193	RC	Helitron
rnd-1_family-190	LINE	I-Jockey
rnd-1_family-218	Unknown	
rnd-1_family-43	RC	Helitron
rnd-1_family-219	Unknown	
rnd-1_family-220	RC	Helitron
rnd-1_family-215	LTR	Gypsy
rnd-1_family-217	DNA	P
rnd-1_family-211	RC	Helitron
rnd-1_family-224	LTR	Gypsy
rnd-1_family-216	LTR	Gypsy
rnd-1_family-221	LTR	Pao
rnd-1_family-225	DNA	hAT-Ac
rnd-1_family-226	Unknown	
rnd-1_family-227	LTR	Gypsy
rnd-1_family-228	Unknown	
rnd-1_family-229	Unknown	
rnd-1_family-222	LTR	Pao
rnd-1_family-233	LTR	Gypsy
rnd-1_family-231	LTR	Gypsy
rnd-1_family-235	LTR	Gypsy
rnd-1_family-236	DNA	P
rnd-1_family-238	Unknown	
rnd-1_family-223	RC	Helitron
rnd-1_family-239	LTR	Gypsy
rnd-1_family-240	Unknown	
rnd-1_family-232	LTR	Gypsy
rnd-1_family-241	Unknown	
rnd-1_family-214	LTR	Pao
rnd-1_family-139	Unknown	
rnd-1_family-244	Unknown	
rnd-1_family-243	LTR	Gypsy
rnd-1_family-246	Unknown	
rnd-1_family-245	LTR	Gypsy
rnd-1_family-242	LTR	Gypsy
rnd-1_family-237	RC	Helitron
rnd-1_family-230	Unknown	
rnd-1_family-248	LINE	I-Jockey
rnd-1_family-249	DNA	TcMar-Tc1
rnd-1_family-250	Unknown	
rnd-1_family-252	RC	Helitron
rnd-1_family-253	LINE	Penelope
rnd-1_family-254	DNA	TcMar-Tc1
rnd-1_family-256	LINE	I-Jockey
rnd-1_family-258	RC	Helitron
rnd-1_family-259	Unknown	
rnd-1_family-247	LINE	I-Jockey
rnd-1_family-255	LTR	Gypsy
rnd-1_family-260	Unknown	
rnd-1_family-261	DNA	TcMar-Tc1
rnd-1_family-262	Unknown	
rnd-1_family-263	LINE	CR1
rnd-1_family-265	Unknown	
rnd-1_family-266	LTR	Gypsy
rnd-1_family-267	LTR	Gypsy
rnd-1_family-268	LTR	Gypsy
rnd-1_family-269	Unknown	
rnd-1_family-270	LINE	Penelope
rnd-1_family-251	LTR	Gypsy
rnd-1_family-264	LTR	Pao
rnd-1_family-271	Unknown	
rnd-1_family-273	Unknown	
rnd-1_family-275	Unknown	
rnd-1_family-276	LTR	Gypsy
rnd-1_family-279	LTR	Gypsy
rnd-1_family-280	Unknown	
rnd-1_family-257	Unknown	
rnd-1_family-274	Unknown	
rnd-1_family-272	LTR	Gypsy
rnd-1_family-277	LTR	Gypsy
rnd-1_family-278	LINE	I-Jockey
rnd-1_family-284	LTR	Pao
rnd-1_family-285	Unknown	
rnd-1_family-282	LTR	Gypsy
rnd-1_family-281	LTR	Gypsy
rnd-1_family-287	Unknown	
rnd-1_family-283	RC	Helitron
rnd-1_family-286	Unknown	
rnd-1_family-289	LTR	Pao
rnd-1_family-234	LTR	Pao
rnd-1_family-290	DNA	TcMar-Tc1
rnd-1_family-291	Unknown	
rnd-1_family-288	DNA	TcMar-Tc1
rnd-1_family-293	LINE	I-Jockey
rnd-1_family-295	LTR	Gypsy
rnd-1_family-296	LINE	Penelope
rnd-1_family-297	DNA	hAT-Ac
rnd-1_family-298	LTR	Gypsy
rnd-1_family-294	Unknown	
rnd-1_family-299	LTR	Gypsy
rnd-1_family-302	LTR	Pao
rnd-1_family-303	LTR	Pao
rnd-1_family-304	DNA	TcMar-Tc1
rnd-1_family-306	LTR	Pao
rnd-1_family-307	LTR	Gypsy
rnd-1_family-308	LTR	Pao
rnd-1_family-305	LTR	Gypsy
rnd-1_family-301	DNA	TcMar-Tc1
rnd-1_family-310	Unknown	
rnd-1_family-311	LINE	I-Jockey
rnd-1_family-312	Unknown	
rnd-1_family-314	LINE	I-Jockey
rnd-1_family-316	LTR	Gypsy
rnd-1_family-317	LTR	Pao
rnd-1_family-313	DNA	TcMar-Tc1
rnd-1_family-318	Unknown	
rnd-1_family-315	LTR	Gypsy
rnd-1_family-300	LTR	Pao
rnd-1_family-309	Unknown	
rnd-1_family-323	LTR	Gypsy
rnd-1_family-324	LTR	Gypsy
rnd-1_family-325	Unknown	
rnd-1_family-326	Unknown	
rnd-1_family-319	Unknown	
rnd-1_family-327	LTR	Gypsy
rnd-1_family-322	LTR	Gypsy
rnd-1_family-328	LTR	Gypsy
rnd-1_family-292	DNA	TcMar-Tc1
rnd-1_family-329	Unknown	
rnd-1_family-330	LTR	Gypsy
rnd-1_family-331	Unknown	
rnd-1_family-332	Unknown	
rnd-1_family-333	LINE	I-Jockey
rnd-1_family-334	LTR	Gypsy
rnd-1_family-335	Unknown	
rnd-1_family-337	Unknown	
rnd-1_family-338	LTR	Gypsy
rnd-1_family-340	LTR	Pao
rnd-1_family-321	RC	Helitron
rnd-1_family-336	LTR	Pao
rnd-1_family-342	LTR	Gypsy
rnd-1_family-343	LINE	R1
rnd-1_family-341	Unknown	
rnd-1_family-345	LTR	Gypsy
rnd-1_family-346	LTR	Gypsy
rnd-1_family-347	LTR	Pao
rnd-1_family-348	LTR	Pao
rnd-1_family-349	LINE	CR1
rnd-1_family-350	LTR	Pao
rnd-1_family-351	RC	Helitron
rnd-1_family-352	LTR	Gypsy
rnd-1_family-353	LTR	Pao
rnd-1_family-354	Unknown	
rnd-1_family-344	LTR	Gypsy
rnd-1_family-355	LTR	Gypsy
rnd-1_family-339	RC	Helitron
rnd-1_family-356	LTR	Gypsy
rnd-1_family-358	Unknown	
rnd-1_family-359	Unknown	
rnd-1_family-360	LTR	Gypsy
rnd-1_family-361	Unknown	
rnd-1_family-362	LTR	Gypsy
rnd-1_family-363	LTR	Gypsy
rnd-1_family-364	LTR	Gypsy
rnd-1_family-357	LTR	Gypsy
rnd-1_family-365	LTR	Gypsy
rnd-1_family-366	LTR	Gypsy
rnd-1_family-367	LTR	Pao
rnd-1_family-369	LTR	Gypsy
rnd-1_family-370	Unknown	
rnd-1_family-371	LTR	Gypsy
rnd-1_family-368	Unknown	
rnd-1_family-372	Unknown	
rnd-1_family-373	Unknown	
rnd-1_family-375	DNA	P
rnd-1_family-377	LINE	R1
rnd-1_family-378	Unknown	
rnd-1_family-376	LTR	Gypsy
rnd-1_family-379	LTR	Gypsy
rnd-1_family-380	DNA	TcMar-Mariner
rnd-1_family-381	RC	Helitron
rnd-1_family-382	Unknown	
rnd-1_family-383	LTR	Pao
rnd-1_family-374	LTR	Pao
rnd-1_family-384	LTR	Gypsy
rnd-1_family-385	LTR	Gypsy
rnd-1_family-386	LTR	Gypsy
rnd-1_family-387	LTR	Gypsy
rnd-1_family-389	LINE	R1
rnd-1_family-390	Unknown	
rnd-1_family-393	DNA	CMC-Transib
rnd-1_family-395	Unknown	
rnd-1_family-388	LTR	Gypsy
rnd-1_family-397	Unknown	
rnd-1_family-398	Unknown	
rnd-1_family-399	Unknown	
rnd-1_family-400	LTR	Gypsy
rnd-1_family-401	LTR	Gypsy
rnd-1_family-402	LTR	Gypsy
rnd-1_family-403	LTR	Gypsy
rnd-1_family-404	Unknown	
rnd-1_family-396	LTR	Gypsy
rnd-1_family-405	LINE	R1
rnd-1_family-406	RC	Helitron
rnd-1_family-408	Unknown	
rnd-1_family-409	LTR	Gypsy
rnd-1_family-320	RC	Helitron
rnd-1_family-412	Unknown	
rnd-1_family-413	LTR	Gypsy
rnd-1_family-414	LTR	Gypsy
rnd-1_family-407	LTR	Gypsy
rnd-1_family-415	DNA	TcMar-Mariner
rnd-1_family-416	Unknown	
rnd-1_family-417	LTR	Pao
rnd-1_family-418	LTR	Gypsy
rnd-1_family-419	LINE	I-Jockey
rnd-1_family-420	LTR	Gypsy
rnd-1_family-421	Unknown	
rnd-1_family-422	Unknown	
rnd-1_family-423	DNA	TcMar-Tc1
rnd-1_family-391	LTR	Gypsy
rnd-1_family-425	Unknown	
rnd-1_family-426	DNA	hAT-Ac
rnd-1_family-427	Unknown	
rnd-1_family-428	DNA	TcMar-Mariner
rnd-1_family-429	DNA	TcMar-Tc1
rnd-1_family-394	LTR	Pao
rnd-1_family-431	Unknown	
rnd-1_family-432	Unknown	
rnd-1_family-433	RC	Helitron
rnd-1_family-435	Unknown	
rnd-1_family-436	LTR	Gypsy
rnd-1_family-437	RC	Helitron
rnd-1_family-410	LTR	Pao
rnd-1_family-411	Unknown	
rnd-1_family-424	DNA	TcMar-Mariner
rnd-1_family-439	DNA	TcMar-Mariner
rnd-1_family-440	LTR	Gypsy
rnd-1_family-441	Unknown	
rnd-1_family-442	DNA	TcMar-Mariner
rnd-1_family-443	LTR	Gypsy
rnd-1_family-444	LTR	Gypsy
rnd-1_family-445	LTR	Gypsy
rnd-1_family-434	LINE	I-Jockey
rnd-1_family-447	Unknown	
rnd-1_family-448	LTR	Gypsy
rnd-1_family-438	LINE	I-Jockey
rnd-1_family-450	LTR	Gypsy
rnd-1_family-451	LTR	Gypsy
rnd-1_family-446	LTR	Gypsy
rnd-1_family-453	LTR	Gypsy
rnd-1_family-455	LTR	Gypsy
rnd-1_family-449	LTR	Gypsy
rnd-1_family-456	LTR	Gypsy
rnd-1_family-457	LTR	Pao
rnd-1_family-458	Unknown	
rnd-1_family-459	LTR	Gypsy
rnd-1_family-460	LTR	Gypsy
rnd-1_family-452	Unknown	
rnd-1_family-461	DNA	TcMar-Mariner
rnd-1_family-462	LTR	Pao
rnd-1_family-465	RC	Helitron
rnd-1_family-466	Unknown	
rnd-1_family-467	LTR	Gypsy
rnd-1_family-454	LTR	Pao
rnd-1_family-468	Unknown	
rnd-1_family-469	Unknown	
rnd-1_family-470	LTR	Gypsy
rnd-1_family-471	Unknown	
rnd-1_family-464	Unknown	
rnd-1_family-472	LTR	Gypsy
rnd-1_family-473	DNA	P
rnd-1_family-474	LINE	I-Jockey
rnd-1_family-475	LTR	Gypsy
rnd-1_family-476	LTR	Gypsy
rnd-1_family-477	LTR	Pao
rnd-1_family-478	LTR	Gypsy
rnd-1_family-479	Unknown	
rnd-1_family-480	LTR	Pao
rnd-1_family-482	Unknown	
rnd-1_family-484	LTR	Pao
rnd-1_family-430	RC	Helitron
rnd-1_family-485	Unknown	
rnd-1_family-487	LTR	Pao
rnd-1_family-488	Unknown	
rnd-1_family-490	LTR	Gypsy
rnd-1_family-491	RC	Helitron
rnd-1_family-492	DNA	TcMar-Mariner
rnd-1_family-493	Unknown	
rnd-1_family-494	LTR	Gypsy
rnd-1_family-495	LTR	Pao
rnd-1_family-496	DNA	TcMar-Mariner
rnd-1_family-486	LTR	Gypsy
rnd-1_family-498	Unknown	
rnd-1_family-499	LTR	Pao
rnd-1_family-500	Unknown	
rnd-1_family-481	DNA	TcMar-Tc1
rnd-1_family-501	Unknown	
rnd-1_family-502	RC	Helitron
rnd-1_family-503	Unknown	
rnd-1_family-504	Unknown	
rnd-1_family-463	LINE	I-Jockey
rnd-1_family-505	LTR	Pao
rnd-1_family-506	LTR	Pao
rnd-1_family-507	Unknown	
rnd-1_family-508	Unknown	
rnd-1_family-497	RC	Helitron
rnd-1_family-510	Unknown	
rnd-1_family-489	LTR	Pao
rnd-1_family-511	Unknown	
rnd-1_family-512	Unknown	
rnd-1_family-483	Unknown	
rnd-1_family-513	Unknown	
rnd-1_family-514	LTR	Gypsy
rnd-1_family-515	Unknown	
rnd-1_family-516	DNA	TcMar-Mariner
rnd-1_family-517	Unknown	
rnd-1_family-518	LTR	Gypsy
rnd-1_family-520	LTR	Gypsy
rnd-1_family-522	LTR	Pao
rnd-1_family-523	RC	Helitron
rnd-1_family-524	LINE	I-Jockey
rnd-1_family-525	LTR	Gypsy
rnd-1_family-526	Unknown	
rnd-1_family-527	LTR	Pao
rnd-1_family-528	LINE	I-Jockey
rnd-1_family-529	DNA	TcMar-Tc1
rnd-1_family-532	LTR	Gypsy
rnd-1_family-534	Unknown	
rnd-1_family-535	Unknown	
rnd-1_family-536	LTR	Gypsy
rnd-1_family-537	Unknown	
rnd-1_family-539	DNA	TcMar-Mariner
rnd-1_family-392	LTR	Pao
rnd-1_family-530	LTR	Pao
rnd-1_family-540	DNA	TcMar-Mariner
rnd-1_family-541	Unknown	
rnd-1_family-542	LTR	Gypsy
rnd-1_family-543	Unknown	
rnd-1_family-544	LTR	Gypsy
rnd-1_family-545	Unknown	
rnd-1_family-546	DNA	TcMar-Mariner
rnd-1_family-547	Unknown	
rnd-1_family-548	LTR	Pao
rnd-1_family-549	LTR	Gypsy
rnd-1_family-550	LTR	Gypsy
rnd-1_family-551	LTR	Pao
rnd-1_family-553	Unknown	
rnd-1_family-519	LTR	Pao
rnd-1_family-554	Unknown	
rnd-1_family-521	LTR	Pao
rnd-1_family-556	LTR	Gypsy
rnd-1_family-557	LTR	Pao
rnd-1_family-558	LTR	Pao
rnd-1_family-559	LTR	Gypsy
rnd-1_family-560	Unknown	
rnd-1_family-561	LTR	Gypsy
rnd-1_family-562	LTR	Pao
rnd-1_family-563	LTR	Gypsy
rnd-1_family-531	LTR	Pao
rnd-1_family-564	DNA	TcMar-Mariner
rnd-1_family-565	Unknown	
rnd-1_family-566	Unknown	
rnd-1_family-552	LTR	Gypsy
rnd-1_family-568	DNA	TcMar-Mariner
rnd-1_family-569	LTR	Pao
rnd-1_family-570	LINE	I-Jockey
rnd-1_family-571	LTR	Gypsy
rnd-1_family-573	DNA	hAT-Ac
rnd-1_family-574	LTR	Gypsy
rnd-1_family-509	LINE	I-Jockey
rnd-1_family-575	Unknown	
rnd-1_family-576	Unknown	
rnd-1_family-577	Unknown	
rnd-1_family-578	Unknown	
rnd-1_family-538	LTR	Pao
rnd-1_family-579	DNA	TcMar-Mariner
rnd-1_family-581	LTR	Gypsy
rnd-1_family-582	LINE	I-Jockey
rnd-1_family-583	DNA	TcMar-Tc1
rnd-1_family-584	LTR	Gypsy
rnd-1_family-585	Unknown	
rnd-1_family-586	DNA	P
rnd-1_family-588	LTR	Gypsy
rnd-1_family-567	LTR	Pao
rnd-1_family-589	LTR	Pao
rnd-1_family-590	LTR	Gypsy
rnd-1_family-580	LTR	Gypsy
rnd-1_family-593	Unknown	
rnd-1_family-587	DNA	TcMar-Mariner
rnd-1_family-594	Unknown	
rnd-1_family-596	Unknown	
rnd-1_family-597	LTR	Gypsy
rnd-1_family-598	Unknown	
rnd-1_family-599	Unknown	
rnd-1_family-601	RC	Helitron
rnd-1_family-602	LTR	Pao
rnd-1_family-603	Unknown	
rnd-1_family-604	Simple	repeat
rnd-1_family-606	Unknown	
rnd-1_family-607	Unknown	
rnd-1_family-592	DNA	hAT-Ac
rnd-1_family-608	Unknown	
rnd-1_family-609	Unknown	
rnd-1_family-610	DNA	TcMar-Tc1
rnd-1_family-611	LTR	Gypsy
rnd-1_family-612	Unknown	
rnd-1_family-613	DNA	CMC-Transib
rnd-1_family-614	LTR	Gypsy
rnd-1_family-615	Unknown	
rnd-1_family-616	Unknown	
rnd-1_family-617	LTR	Gypsy
rnd-1_family-618	Unknown	
rnd-1_family-619	LTR	Gypsy
rnd-1_family-620	Unknown	
rnd-1_family-605	LTR	Gypsy
rnd-1_family-591	RC	Helitron
rnd-1_family-621	LINE	I-Jockey
rnd-1_family-622	LTR	Gypsy
rnd-1_family-624	LTR	Gypsy
rnd-1_family-625	DNA	CMC-Transib
rnd-1_family-626	RC	Helitron
rnd-1_family-628	LTR	Pao
rnd-1_family-629	DNA	TcMar-Tc1
rnd-1_family-595	LTR	Gypsy
rnd-1_family-630	Unknown	
rnd-1_family-631	LTR	Gypsy
rnd-1_family-632	Unknown	
rnd-1_family-633	LTR	Pao
rnd-1_family-600	RC	Helitron
rnd-1_family-634	Unknown	
rnd-1_family-635	LTR	Gypsy
rnd-1_family-636	LTR	Gypsy
rnd-1_family-637	LTR	Pao
rnd-1_family-639	RC	Helitron
rnd-1_family-640	LTR	Gypsy
rnd-1_family-641	LTR	Gypsy
rnd-1_family-642	LINE	R1
rnd-1_family-643	LTR	Gypsy
rnd-1_family-644	LTR	Gypsy
rnd-1_family-646	LTR	Gypsy
rnd-1_family-623	LTR	Gypsy
rnd-1_family-647	LTR	Gypsy
rnd-1_family-648	LTR	Gypsy
rnd-1_family-649	LTR	Gypsy
rnd-1_family-650	Unknown	
rnd-1_family-651	LTR	Pao
rnd-1_family-652	LTR	Gypsy
rnd-1_family-653	Unknown	
rnd-1_family-654	Unknown	
rnd-1_family-555	LTR	Gypsy
rnd-1_family-655	Unknown	
rnd-1_family-656	LTR	Pao
rnd-1_family-657	LTR	Gypsy
rnd-1_family-638	Unknown	
rnd-1_family-659	Unknown	
rnd-1_family-660	DNA	TcMar-Tc1
rnd-1_family-661	Unknown	
rnd-1_family-662	LTR	Gypsy
rnd-1_family-663	LINE	I-Jockey
rnd-1_family-664	LTR	Pao
rnd-1_family-665	Unknown	
rnd-1_family-645	LTR	Pao
rnd-1_family-666	Unknown	
rnd-1_family-667	Unknown	
rnd-1_family-668	Unknown	
rnd-1_family-669	LTR	Gypsy
rnd-1_family-670	LTR	Pao
rnd-1_family-671	LTR	Gypsy
rnd-1_family-627	LTR	Gypsy
rnd-1_family-673	Unknown	
rnd-1_family-674	LTR	Gypsy
rnd-1_family-675	LTR	Gypsy
rnd-1_family-676	Unknown	
rnd-1_family-678	DNA	TcMar-Tc1
rnd-1_family-679	DNA	TcMar-Mariner
rnd-1_family-658	LINE	I-Jockey
rnd-1_family-680	Unknown	
rnd-1_family-681	LTR	Gypsy
rnd-1_family-682	Unknown	
rnd-1_family-683	LTR	Gypsy
rnd-1_family-684	Unknown	
rnd-1_family-685	LTR	Gypsy
rnd-1_family-686	Unknown	
rnd-1_family-687	LTR	Gypsy
rnd-1_family-688	Unknown	
rnd-1_family-689	Unknown	
rnd-1_family-690	LTR	Gypsy
rnd-1_family-692	LTR	Gypsy
rnd-1_family-693	Unknown	
rnd-1_family-672	DNA	TcMar-Mariner
rnd-1_family-694	Unknown	
rnd-1_family-695	LTR	Pao
rnd-1_family-696	LINE	I-Jockey
rnd-1_family-697	Unknown	
rnd-1_family-698	LTR	Gypsy
rnd-1_family-699	LTR	Pao
rnd-1_family-677	LTR	Gypsy
rnd-1_family-533	LTR	Gypsy
rnd-1_family-700	Unknown	
rnd-1_family-701	LTR	Gypsy
rnd-1_family-702	LTR	Pao
rnd-1_family-703	LINE	I-Jockey
rnd-1_family-704	DNA	TcMar-Mariner
rnd-1_family-705	LINE	I-Jockey
rnd-1_family-706	Unknown	
rnd-1_family-707	LTR	Gypsy
rnd-1_family-708	Unknown	
rnd-1_family-709	LTR	Gypsy
rnd-1_family-710	LTR	Gypsy
rnd-1_family-711	Unknown	
rnd-1_family-712	LINE	I-Jockey
rnd-1_family-713	LTR	Pao
rnd-1_family-691	LTR	Pao
rnd-2_family-12	LINE	CR1
rnd-3_family-66	LINE	I-Jockey
rnd-3_family-227	RC	Helitron
rnd-3_family-124	LINE	CR1
rnd-3_family-64	LINE	CR1
rnd-3_family-95	Unknown	
rnd-3_family-98	RC	Helitron
rnd-3_family-266	LTR	Gypsy
rnd-3_family-40	RC	Helitron
rnd-3_family-285	DNA	TcMar-Tc1
rnd-3_family-338	LTR	Copia
rnd-4_family-107	LINE	CR1
rnd-4_family-435	LINE	I-Jockey
rnd-4_family-664	Unknown	
rnd-4_family-21	LINE	CR1
rnd-4_family-93	Unknown	
rnd-4_family-119	LTR	Pao
rnd-4_family-380	Unknown	
rnd-4_family-105	RC	Helitron
rnd-4_family-671	LTR	Pao
rnd-4_family-561	Unknown	
rnd-4_family-463	LTR	Gypsy
rnd-4_family-47	Unknown	
rnd-4_family-95	LTR	Gypsy
rnd-4_family-727	Unknown	
rnd-4_family-562	LTR	Gypsy
rnd-4_family-190	RC	Helitron
rnd-4_family-672	LTR	Pao
rnd-4_family-395	LINE	I-Jockey
rnd-4_family-139	Unknown	
rnd-4_family-70	Unknown	
rnd-4_family-278	Unknown	
rnd-4_family-547	Unknown	
rnd-4_family-717	DNA	CMC-Transib
rnd-4_family-433	LINE	R1-LOA
rnd-4_family-1549	LTR	Gypsy
rnd-4_family-540	RC	Helitron
rnd-5_family-353	LINE	I-Jockey
rnd-5_family-40	LINE	CR1
rnd-5_family-193	LINE	CR1
rnd-5_family-697	LTR	Gypsy
rnd-5_family-65	Unknown	
rnd-5_family-1253	Unknown	
rnd-5_family-1097	LTR	Pao
rnd-5_family-2069	Unknown	
rnd-5_family-1043	Unknown	
rnd-5_family-29	LTR	Gypsy
rnd-5_family-188	LINE	RTE-X
rnd-5_family-3646	DNA	Maverick
rnd-5_family-2736	Unknown	
rnd-5_family-1333	Unknown	
rnd-5_family-2719	Unknown	
rnd-5_family-219	DNA	PIF-Harbinger
rnd-5_family-576	Unknown	
rnd-5_family-1223	Unknown	
rnd-5_family-192	LTR	Pao
rnd-5_family-74	LINE	I
rnd-5_family-2489	LTR	Pao
rnd-5_family-320	Unknown	
rnd-5_family-2233	LINE	I-Jockey
rnd-5_family-1466	Unknown	
rnd-5_family-454	RC	Helitron
rnd-5_family-918	Unknown	
rnd-5_family-293	DNA	TcMar-Tc1
rnd-5_family-1042	LTR	Gypsy
rnd-5_family-878	Unknown	
rnd-5_family-366	Unknown	
rnd-5_family-2492	Unknown	
rnd-5_family-3697	LTR	Gypsy
rnd-5_family-437	LTR	Gypsy
rnd-5_family-1053	LINE	I-Jockey
rnd-5_family-907	RC	Helitron
rnd-5_family-37	LINE	I
rnd-5_family-929	Unknown	
rnd-5_family-394	LTR	Pao
rnd-5_family-95	Unknown	
rnd-5_family-64	Unknown	
rnd-5_family-2200	Unknown	
rnd-5_family-931	LTR	Gypsy
rnd-5_family-1769	LTR	Gypsy
rnd-5_family-99	Unknown	
rnd-5_family-317	LINE	I
rnd-5_family-7665	LINE	R2
rnd-5_family-93	LTR	Gypsy
rnd-5_family-771	Unknown	
rnd-5_family-860	LTR	Gypsy
rnd-5_family-2491	Unknown	
rnd-5_family-759	Unknown	
rnd-5_family-3381	DNA	TcMar-Tc1
rnd-5_family-862	LINE	L2
rnd-5_family-1193	Unknown	
rnd-5_family-1096	LTR	Gypsy
rnd-5_family-963	LTR	Gypsy
rnd-5_family-380	Satellite	
rnd-5_family-4682	DNA	TcMar-Tc1
rnd-5_family-1829	LTR	Copia
rnd-5_family-453	Unknown	
rnd-5_family-1628	Unknown	
rnd-5_family-231	LTR	Gypsy
rnd-5_family-183	LTR	Pao
rnd-5_family-2932	LTR	Pao
rnd-5_family-892	Unknown	
rnd-5_family-935	LTR	Gypsy
rnd-5_family-1467	Unknown	
rnd-5_family-302	Unknown	
rnd-5_family-903	LTR	Gypsy
rnd-5_family-603	LTR	Gypsy
rnd-5_family-1189	LINE	I
rnd-5_family-2817	Unknown	
rnd-5_family-297	LTR	Pao
rnd-5_family-1177	Unknown	
rnd-5_family-1175	Unknown	
rnd-5_family-271	Unknown	
rnd-5_family-1571	Unknown	
rnd-5_family-249	LTR	Gypsy
rnd-5_family-2818	Unknown	
rnd-5_family-2570	LTR	Pao
rnd-5_family-268	Unknown	
rnd-5_family-726	LTR	Gypsy
rnd-5_family-1098	Unknown	
rnd-5_family-1338	Unknown	
rnd-5_family-158	DNA	TcMar-Tc1
rnd-5_family-5780	LINE	I-Jockey
rnd-5_family-1568	LINE	I
rnd-5_family-3866	LTR	Pao
rnd-5_family-2508	Unknown	
rnd-5_family-3446	Unknown	
rnd-5_family-3222	LINE	R2
rnd-5_family-2918	LTR	Gypsy
rnd-5_family-1666	LTR	Gypsy
rnd-5_family-2583	LTR	Gypsy
rnd-5_family-872	LTR	Gypsy
rnd-5_family-722	LTR	Gypsy
rnd-5_family-687	Unknown	
rnd-5_family-100	Unknown	
rnd-5_family-1716	Unknown	
rnd-5_family-147	Unknown	
rnd-5_family-1378	RC	Helitron
rnd-5_family-264	Unknown	
rnd-5_family-916	DNA	TcMar-Tc1
rnd-5_family-848	Unknown	
rnd-5_family-194	Unknown	
rnd-5_family-230	Unknown	
rnd-5_family-1650	LTR	Gypsy
rnd-5_family-811	DNA	TcMar-Tc1
rnd-5_family-1580	DNA	TcMar-Tc1
rnd-5_family-487	DNA	CMC-Transib
rnd-5_family-575	LTR	Gypsy
rnd-5_family-5688	LTR	Gypsy
rnd-5_family-498	Unknown	
rnd-5_family-3036	DNA	hAT-Pegasus
rnd-5_family-85	Unknown	
rnd-5_family-999	Unknown	
rnd-5_family-1680	Satellite	
rnd-5_family-3043	LINE	R1
rnd-5_family-1811	DNA	CMC-Transib
rnd-5_family-347	RC	Helitron
rnd-5_family-33	LTR	Gypsy
rnd-5_family-896	Unknown	
rnd-5_family-3141	Unknown	
rnd-5_family-481	LTR	Gypsy
rnd-5_family-574	LTR	Gypsy
rnd-5_family-693	LTR	Pao
rnd-5_family-152	LTR	Copia
rnd-5_family-2592	LINE	I-Jockey
rnd-5_family-854	Unknown	
rnd-5_family-2569	LTR	Copia
rnd-5_family-502	LTR	Pao
rnd-5_family-2280	Unknown	
rnd-5_family-1390	LTR	Pao
rnd-5_family-252	LTR	Gypsy
rnd-5_family-2167	Unknown	
rnd-5_family-701	Unknown	
rnd-5_family-1981	LTR	Gypsy
rnd-5_family-2404	DNA	hAT-Tip100
rnd-5_family-3214	Unknown	
rnd-5_family-756	Unknown	
rnd-5_family-1867	Unknown	
rnd-5_family-1214	Unknown	
rnd-5_family-2614	DNA	hAT-hobo
rnd-5_family-203	Unknown	
rnd-5_family-157	Unknown	
rnd-5_family-652	LTR	Pao
rnd-5_family-2689	RC	Helitron
rnd-5_family-609	Unknown	
rnd-5_family-2892	LTR	Pao
rnd-5_family-656	LTR	Pao
rnd-5_family-3479	LTR	Gypsy
rnd-5_family-4030	LTR	Gypsy
rnd-5_family-2506	Unknown	
rnd-5_family-2594	Unknown	
rnd-5_family-3860	DNA	hAT-Blackjack
rnd-5_family-1278	Unknown	
rnd-5_family-1806	Unknown	
rnd-5_family-518	Unknown	
rnd-5_family-3294	Unknown	
rnd-5_family-727	DNA	hAT-Ac
rnd-5_family-161	DNA	TcMar-Tc1
rnd-5_family-2632	LINE	R1
rnd-5_family-1306	LTR	Gypsy
rnd-5_family-2571	LTR	Pao
rnd-5_family-1452	Unknown	
rnd-5_family-163	LTR	Pao
rnd-5_family-505	LTR	Pao
rnd-5_family-1581	Unknown	
rnd-5_family-98	LTR	Gypsy
rnd-5_family-4890	LTR	Gypsy
rnd-5_family-6423	Unknown	
rnd-5_family-276	LTR	Gypsy
rnd-5_family-4501	LTR	Gypsy
rnd-5_family-43	Unknown	
rnd-5_family-410	Unknown	
rnd-5_family-4613	DNA	TcMar-Tc1
rnd-5_family-814	LINE	I-Jockey
rnd-5_family-2041	LTR	Gypsy
rnd-5_family-2636	LTR	Pao
rnd-5_family-2219	LINE	R1
rnd-5_family-2419	LTR	Pao
rnd-5_family-1402	LTR	Gypsy
rnd-5_family-3906	Unknown	
rnd-5_family-3619	LTR	Gypsy
rnd-5_family-842	Simple	repeat
rnd-5_family-296	Unknown	
rnd-5_family-2078	Unknown	
rnd-5_family-1876	LTR	Gypsy
rnd-5_family-415	Unknown	
rnd-5_family-46	Unknown	
rnd-5_family-1294	Unknown	
rnd-5_family-5552	Unknown	
rnd-5_family-1654	LTR	Copia
rnd-6_family-4666	Unknown	
rnd-6_family-519	LINE	I-Jockey
rnd-6_family-887	DNA	P
rnd-6_family-595	LTR	Pao
rnd-6_family-295	LTR	Gypsy
rnd-6_family-343	LTR	Gypsy
rnd-6_family-13	LINE	CR1
rnd-6_family-493	LTR	Pao
rnd-6_family-859	Unknown	
rnd-6_family-160	LINE	I-Jockey
rnd-6_family-432	DNA	hAT-hobo
rnd-6_family-238	Unknown	
rnd-6_family-1223	RC	Helitron
rnd-6_family-3402	DNA	P
rnd-6_family-402	Unknown	
rnd-6_family-517	LTR	Pao
rnd-6_family-868	LTR	Gypsy
rnd-6_family-5120	LINE	I-Jockey
rnd-6_family-4259	LINE	CR1
rnd-6_family-394	Unknown	
rnd-6_family-25	LINE	I-Jockey
rnd-6_family-2374	LTR	Gypsy
rnd-6_family-1	Unknown	
rnd-6_family-1764	LTR	Gypsy
rnd-6_family-259	Unknown	
rnd-6_family-289	LTR	Pao
rnd-6_family-949	Unknown	
rnd-6_family-1167	LTR	Gypsy
rnd-6_family-1336	Unknown	
rnd-6_family-1279	Unknown	
rnd-6_family-6891	Unknown	
rnd-6_family-513	LTR	Gypsy
rnd-6_family-121	LTR	Gypsy
rnd-6_family-2595	LTR	Pao
rnd-6_family-1629	DNA	TcMar-Tc1
rnd-6_family-1643	DNA	TcMar-Tc1
rnd-6_family-778	LTR	Gypsy
rnd-6_family-4543	LTR	Gypsy
rnd-6_family-3444	LTR	Gypsy
rnd-6_family-294	LTR	Gypsy
rnd-6_family-1229	DNA	TcMar-Tc1
rnd-6_family-335	Unknown	
rnd-6_family-375	LTR	Pao
rnd-6_family-3159	Unknown	
rnd-6_family-1339	LTR	Pao
rnd-6_family-473	Unknown	
rnd-6_family-353	Unknown	
rnd-6_family-291	LTR	Gypsy
rnd-6_family-2312	LTR	Gypsy
rnd-6_family-2526	DNA	P
rnd-6_family-5958	Unknown	
rnd-6_family-728	Unknown	
rnd-6_family-3808	Unknown	
rnd-6_family-4598	Unknown	
rnd-6_family-197	LTR	Pao
rnd-6_family-1222	Unknown	
rnd-6_family-1438	LTR	Gypsy
rnd-6_family-396	DNA	TcMar-Tc1
rnd-6_family-1371	LTR	Gypsy
rnd-6_family-372	LTR	Pao
rnd-6_family-29	Unknown	
rnd-6_family-1170	Unknown	
rnd-6_family-2309	LINE	CR1
rnd-6_family-248	Unknown	
rnd-6_family-490	Unknown	
rnd-6_family-800	LTR	Gypsy
rnd-6_family-1742	Unknown	
rnd-6_family-2949	Unknown	
rnd-6_family-792	Unknown	
rnd-6_family-222	DNA	TcMar-Tc1
rnd-6_family-245	DNA	TcMar-Tc1
rnd-6_family-3709	Unknown	
rnd-6_family-599	Unknown	
rnd-6_family-862	Unknown	
rnd-6_family-401	LINE	R2-NeSL
rnd-6_family-4537	LTR	Gypsy
rnd-6_family-578	RC	Helitron
rnd-6_family-282	Unknown	
rnd-6_family-1205	LTR	Gypsy
rnd-6_family-520	LTR	Gypsy
rnd-6_family-2483	LTR	Pao
rnd-6_family-2437	LTR	Gypsy
rnd-6_family-3967	Unknown	
rnd-6_family-952	DNA	P
rnd-6_family-522	LTR	Gypsy
rnd-6_family-843	LTR	Gypsy
rnd-6_family-1227	Unknown	
rnd-6_family-727	Unknown	
