"seqnames","seqlengths","nonrepeat","DNA","DNA-LINE","DNA-LINE-RC","DNA-LINE-RC-tandem_repeat","DNA-LINE-tandem_repeat","DNA-LINE-Unknown","DNA-LTR","DNA-LTR-RC","DNA-LTR-RC-tandem_repeat-Unknown","DNA-LTR-RC-Unknown","DNA-LTR-tandem_repeat","DNA-LTR-Unknown","DNA-RC","DNA-RC-snRNA-Unknown","DNA-RC-tandem_repeat","DNA-RC-Unknown","DNA-snRNA","DNA-snRNA-Unknown","DNA-tandem_repeat","DNA-tandem_repeat-Unknown","DNA-Unknown","LINE","LINE-LTR","LINE-LTR-RC","LINE-LTR-RC-tandem_repeat","LINE-LTR-RC-tandem_repeat-Unknown","LINE-LTR-RC-Unknown","LINE-LTR-tandem_repeat","LINE-LTR-tandem_repeat-Unknown","LINE-LTR-Unknown","LINE-RC","LINE-RC-tandem_repeat","LINE-RC-tandem_repeat-Unknown","LINE-RC-Unknown","LINE-snRNA","LINE-tandem_repeat","LINE-tandem_repeat-Unknown","LINE-Unknown","LTR","LTR-RC","LTR-RC-snRNA-Unknown","LTR-RC-tandem_repeat","LTR-RC-tandem_repeat-Unknown","LTR-RC-Unknown","LTR-Satellite-tandem_repeat","LTR-Satellite-tandem_repeat-Unknown","LTR-Simple","LTR-Simple-tandem_repeat","LTR-snRNA","LTR-snRNA-Unknown","LTR-tandem_repeat","LTR-tandem_repeat-Unknown","LTR-Unknown","RC","RC-snRNA","RC-snRNA-Unknown","RC-tandem_repeat","RC-tandem_repeat-Unknown","RC-Unknown","Satellite","Satellite-tandem_repeat","Satellite-tandem_repeat-Unknown","Simple","Simple-tandem_repeat","Simple-tandem_repeat-Unknown","Simple-Unknown","snRNA","snRNA-tandem_repeat","snRNA-Unknown","tandem_repeat","tandem_repeat-tRNA","tandem_repeat-Unknown","tRNA","Unknown"
"contig_160 NW_025335040.1",592172,448602,3001,NA,NA,NA,NA,NA,NA,NA,NA,NA,NA,NA,NA,NA,NA,NA,NA,NA,NA,NA,178,21008,91,NA,NA,NA,NA,NA,NA,NA,11,NA,NA,NA,NA,110,NA,8,52453,150,NA,NA,NA,NA,NA,NA,NA,NA,NA,NA,885,28,2732,3327,NA,NA,144,NA,940,NA,NA,NA,NA,NA,NA,NA,NA,NA,NA,30750,NA,3882,NA,23872
"contig_182 NW_025335064.1",412689,344448,2265,NA,NA,NA,NA,NA,NA,NA,NA,NA,NA,NA,NA,NA,NA,NA,NA,NA,NA,NA,NA,15276,NA,NA,NA,NA,NA,NA,NA,NA,NA,NA,NA,NA,NA,45,NA,135,14326,151,NA,NA,NA,NA,NA,NA,NA,NA,NA,NA,97,NA,NA,NA,NA,NA,NA,NA,NA,NA,NA,NA,NA,NA,NA,NA,NA,NA,NA,31782,NA,587,NA,3577
"contig_173 NW_025335054.1",504562,312403,4589,NA,NA,NA,NA,NA,NA,NA,NA,NA,NA,NA,NA,NA,NA,NA,NA,NA,164,NA,296,50887,62,NA,NA,NA,NA,NA,NA,NA,14,NA,NA,NA,NA,370,NA,1098,58866,846,NA,NA,1,11,NA,NA,NA,NA,NA,NA,2334,216,3065,15079,NA,NA,953,2665,3735,NA,NA,NA,NA,NA,NA,NA,NA,NA,NA,25785,NA,2570,NA,18553
"contig_218 NW_025335104.1",3166382,2455524,51140,NA,NA,NA,NA,NA,354,NA,NA,NA,NA,NA,143,NA,NA,61,NA,NA,997,NA,1308,120180,3,7,NA,NA,NA,NA,NA,NA,441,11,143,84,NA,735,NA,2505,223121,930,NA,NA,NA,187,NA,NA,NA,354,5,3,5006,335,6713,21332,NA,NA,4467,592,3456,NA,NA,NA,100,32,NA,NA,105,NA,102,171032,NA,10033,NA,84841
"contig_80 NW_025335179.1",1627756,1061853,14135,NA,NA,NA,NA,NA,NA,NA,NA,NA,2,NA,NA,NA,NA,NA,NA,NA,466,NA,NA,47495,178,NA,NA,NA,NA,NA,NA,5,NA,NA,NA,405,NA,102,NA,969,103039,219,NA,NA,NA,598,NA,NA,NA,NA,NA,NA,6407,1067,5304,4754,NA,NA,196,129,4327,NA,NA,NA,NA,NA,NA,NA,NA,NA,NA,330981,NA,17963,NA,27162
"contig_155 NW_025335034.1",15822701,13474661,103611,66,NA,NA,NA,10,1808,1,NA,NA,1117,NA,155,NA,NA,2,NA,NA,4707,4,4508,295762,1547,17,NA,NA,47,9,NA,421,1474,1144,533,157,NA,4933,2982,14805,576542,1431,NA,330,319,485,NA,NA,NA,NA,4,NA,23913,3943,20200,155019,205,447,17744,13916,18005,NA,NA,NA,401,294,NA,209,4104,31,347,772083,NA,48525,84,249639
"contig_4 NW_025335134.1",2527349,1957441,22369,NA,NA,NA,NA,NA,179,NA,NA,NA,NA,2,353,NA,52,25,NA,NA,1193,NA,108,107523,112,10,NA,NA,NA,NA,NA,NA,1263,82,162,59,NA,596,10,1006,205675,161,NA,NA,19,25,NA,NA,NA,NA,NA,NA,7189,896,9760,13347,154,121,5059,1510,1622,NA,NA,NA,NA,NA,NA,NA,162,NA,299,126094,NA,9837,NA,52874
"contig_162 NW_025335042.1",785458,662004,5669,NA,NA,NA,NA,NA,NA,NA,NA,NA,NA,NA,NA,NA,NA,NA,4,NA,NA,NA,42,9231,6,NA,NA,NA,NA,NA,NA,NA,139,NA,NA,NA,NA,232,NA,108,40189,215,NA,13,NA,NA,NA,NA,NA,NA,NA,NA,1565,95,2250,2428,NA,NA,592,NA,6,NA,NA,NA,NA,NA,NA,NA,107,NA,NA,45051,NA,4891,NA,10621
"contig_190 NW_025335073.1",4829052,3644844,17022,1,NA,NA,NA,NA,NA,NA,NA,NA,NA,NA,156,NA,142,NA,NA,NA,191,NA,897,263219,15327,NA,NA,NA,NA,136,NA,1740,21,NA,NA,NA,NA,2401,33,5609,461906,427,NA,1,NA,44,NA,NA,NA,NA,NA,NA,10988,879,13517,42361,NA,221,2200,1473,7526,NA,NA,NA,NA,NA,NA,NA,NA,NA,NA,210270,NA,15736,NA,109764
"contig_207 NW_025335092.1",169154,90175,NA,NA,NA,NA,NA,NA,NA,NA,NA,NA,NA,NA,NA,NA,NA,NA,NA,NA,NA,NA,NA,15007,NA,NA,NA,NA,NA,NA,NA,NA,NA,NA,NA,NA,NA,NA,NA,274,20081,142,NA,NA,NA,NA,NA,NA,NA,NA,NA,NA,841,123,512,304,NA,NA,NA,NA,NA,NA,NA,NA,NA,NA,NA,NA,NA,NA,NA,39754,NA,97,NA,1844
"contig_154 NW_025335033.1",1001701,670823,16405,2,NA,NA,NA,NA,NA,NA,NA,NA,NA,NA,82,NA,49,NA,NA,NA,74,NA,404,79159,131,NA,NA,NA,NA,NA,NA,61,156,180,180,59,NA,35,NA,1746,108272,275,NA,NA,5,NA,NA,NA,NA,NA,NA,NA,4685,845,4675,14902,NA,NA,1237,8009,3303,NA,NA,NA,NA,NA,NA,NA,5,NA,106,37183,NA,8987,NA,39666
"contig_214 NW_025335100.1",149120,118375,640,NA,NA,NA,NA,NA,NA,NA,NA,NA,NA,NA,NA,NA,NA,NA,NA,NA,NA,NA,56,4021,NA,NA,NA,NA,NA,NA,NA,NA,NA,NA,NA,NA,NA,15,NA,6,12252,267,NA,NA,NA,NA,NA,NA,NA,NA,NA,NA,216,45,394,474,NA,NA,32,NA,NA,NA,NA,NA,NA,NA,NA,NA,NA,NA,NA,10633,NA,NA,NA,1694
"contig_36 NW_025335130.1",2123715,1567941,36047,NA,NA,NA,NA,NA,81,47,NA,NA,NA,NA,NA,NA,NA,NA,NA,NA,2125,NA,779,82685,520,NA,NA,NA,NA,NA,NA,33,10,NA,NA,NA,NA,253,NA,839,196203,1638,NA,7,3,7,NA,NA,NA,NA,NA,NA,8006,1057,13359,29531,NA,105,5574,9685,10358,NA,NA,NA,NA,NA,NA,NA,20,NA,203,96009,NA,4498,NA,56092
"contig_165 NW_025335045.1",635509,460926,6895,NA,NA,NA,NA,NA,NA,NA,NA,NA,NA,NA,138,NA,NA,NA,NA,NA,284,21,178,14676,1,NA,NA,NA,NA,NA,NA,NA,NA,176,NA,NA,NA,195,NA,335,67623,313,NA,59,NA,186,NA,NA,NA,NA,NA,NA,3125,511,3197,11285,NA,109,2292,680,3688,NA,NA,NA,NA,NA,NA,NA,135,NA,NA,34676,NA,2605,NA,21200
"contig_133 NW_025335010.1",2856403,2286134,35889,2,NA,NA,NA,NA,34,NA,NA,NA,NA,7,17,NA,NA,NA,NA,NA,967,NA,654,90474,103,NA,NA,NA,NA,NA,NA,NA,1,NA,NA,NA,NA,215,NA,820,182902,572,NA,34,NA,171,NA,NA,NA,NA,NA,NA,8622,513,4858,12259,4,102,1277,919,1819,NA,NA,NA,NA,NA,NA,NA,105,NA,NA,162733,NA,8341,NA,55855
"contig_166 NW_025335046.1",659013,490744,12956,NA,NA,NA,NA,NA,NA,NA,NA,NA,NA,NA,NA,NA,NA,NA,NA,NA,1,NA,1267,27012,NA,4,NA,NA,NA,NA,NA,NA,123,10,NA,NA,NA,NA,NA,484,53845,441,NA,NA,NA,5,NA,NA,NA,NA,NA,NA,1957,404,2796,13011,NA,NA,2101,214,142,NA,NA,NA,NA,NA,NA,NA,104,NA,105,25483,NA,1053,NA,24751
"contig_172 NW_025335053.1",516722,399448,1156,NA,8,NA,NA,NA,NA,NA,NA,NA,NA,NA,17,2,NA,NA,NA,NA,NA,NA,71,26587,7,NA,NA,NA,NA,NA,NA,NA,119,11,NA,NA,NA,41,NA,104,43681,441,NA,NA,NA,176,NA,NA,NA,NA,NA,NA,1314,NA,937,4210,NA,102,125,420,181,NA,NA,NA,NA,NA,NA,NA,NA,NA,NA,27980,NA,863,NA,8721
"contig_203 NW_025335088.1",4365352,3603719,42292,NA,NA,NA,NA,1,13,29,NA,NA,NA,NA,303,NA,118,NA,18,3,692,49,3142,96505,NA,NA,NA,NA,NA,NA,NA,NA,2558,1531,616,133,NA,441,183,2280,161201,1261,NA,89,NA,778,NA,NA,NA,NA,NA,NA,4566,374,4687,43215,NA,105,8521,2665,7956,NA,NA,NA,20,41,NA,NA,422,NA,535,290058,NA,7322,NA,76910
"contig_170 NW_025335051.1",540686,417601,3948,49,NA,NA,NA,NA,NA,NA,NA,NA,NA,NA,NA,NA,NA,NA,NA,NA,NA,NA,164,29075,63,NA,NA,NA,6,NA,NA,NA,123,10,NA,NA,NA,25,NA,432,33989,149,3,NA,NA,11,NA,NA,NA,NA,NA,NA,1273,261,1160,2235,NA,102,168,858,889,NA,NA,NA,NA,NA,NA,NA,NA,NA,NA,40266,NA,866,NA,6960
"contig_180 NW_025335062.1",460447,376946,6458,NA,NA,NA,NA,NA,NA,NA,NA,NA,NA,NA,NA,NA,NA,NA,NA,NA,488,NA,NA,19486,2,NA,NA,NA,NA,NA,NA,NA,NA,NA,NA,NA,NA,180,NA,121,28216,225,NA,NA,NA,NA,NA,NA,NA,NA,NA,NA,25,43,801,1566,NA,NA,NA,NA,249,NA,NA,NA,NA,NA,NA,NA,84,NA,NA,19152,NA,122,NA,6283
"contig_7 NW_025335167.1",86879,77045,952,NA,NA,NA,NA,NA,NA,NA,NA,NA,NA,NA,NA,NA,NA,NA,NA,NA,NA,NA,NA,NA,NA,NA,NA,NA,NA,NA,NA,NA,NA,NA,NA,NA,NA,NA,NA,NA,6826,244,NA,NA,NA,NA,NA,NA,NA,NA,NA,NA,25,NA,NA,14,NA,NA,NA,NA,NA,NA,NA,NA,NA,NA,NA,NA,NA,NA,NA,1682,NA,NA,NA,91
"contig_153 NW_025335032.1",1009379,798751,7190,NA,NA,NA,NA,NA,NA,NA,NA,NA,NA,NA,NA,NA,NA,NA,NA,NA,123,NA,75,45547,260,NA,NA,NA,NA,NA,NA,NA,NA,NA,NA,NA,NA,170,NA,562,85496,250,NA,NA,NA,NA,NA,NA,NA,NA,NA,NA,2321,310,2754,4539,NA,NA,214,NA,220,NA,NA,NA,NA,NA,NA,NA,NA,NA,NA,50114,NA,516,NA,9967
"contig_2 NW_025335083.1",27004956,25464265,59866,2,NA,NA,NA,NA,1124,NA,NA,NA,NA,26,3,NA,NA,NA,NA,NA,1900,NA,1051,32034,NA,5,NA,NA,NA,NA,NA,NA,1522,728,664,107,NA,246,770,2863,114693,395,NA,60,24,211,NA,NA,13,152,NA,41,4760,430,2944,52429,20,537,11296,5527,5465,147,NA,NA,972,534,NA,NA,688,NA,163,1125246,24,12446,435,98128
"contig_156 NW_025335035.1",943787,642586,16199,NA,NA,NA,NA,NA,NA,NA,NA,NA,NA,NA,NA,NA,NA,NA,NA,NA,NA,NA,97,47502,257,NA,NA,NA,NA,NA,NA,NA,14,NA,NA,NA,NA,30,NA,262,130690,27,NA,NA,NA,167,NA,NA,NA,NA,NA,NA,932,254,4064,29702,NA,NA,97,36,1267,NA,NA,NA,NA,NA,NA,NA,NA,NA,NA,35352,NA,4066,NA,30186
"contig_152 NW_025335031.1",1122563,357440,2188,NA,NA,NA,NA,NA,NA,NA,NA,NA,NA,NA,NA,NA,NA,NA,NA,NA,NA,NA,195,61126,777,NA,NA,NA,NA,NA,NA,NA,12,NA,NA,NA,NA,240,NA,496,52386,NA,NA,NA,1,7,4409,222,NA,NA,NA,NA,15758,1625,1693,7935,NA,NA,698,4485,3143,1803,26870,144,NA,NA,NA,NA,6,NA,212,559029,NA,9458,NA,10205
"contig_224 NW_025335111.1",111958,85085,129,NA,NA,NA,NA,NA,NA,NA,NA,NA,NA,NA,NA,NA,NA,NA,NA,NA,NA,NA,NA,7556,NA,NA,NA,NA,NA,NA,NA,NA,NA,NA,NA,NA,NA,NA,NA,155,11326,154,NA,NA,NA,NA,NA,NA,NA,NA,NA,NA,554,49,90,240,NA,NA,NA,NA,251,NA,NA,NA,NA,NA,NA,NA,NA,NA,NA,3911,NA,NA,NA,2458
"contig_164 NW_025335044.1",1273111,1022652,16066,NA,81,68,NA,NA,116,NA,NA,NA,NA,NA,172,NA,NA,NA,NA,NA,275,6,1080,35173,283,NA,NA,NA,NA,NA,NA,NA,670,708,NA,NA,110,1689,NA,925,64657,NA,NA,NA,NA,NA,NA,NA,NA,NA,NA,NA,486,51,678,12453,NA,105,3612,1367,2025,NA,NA,NA,87,45,NA,NA,219,NA,318,66835,NA,3445,NA,36654
"contig_184 NW_025335066.1",424513,209126,5864,1,NA,NA,NA,NA,NA,NA,NA,NA,NA,NA,NA,NA,NA,NA,NA,NA,68,NA,778,46798,217,NA,NA,NA,NA,10,NA,NA,NA,NA,NA,NA,NA,90,NA,1174,35031,NA,NA,NA,NA,NA,NA,NA,NA,NA,NA,NA,862,NA,1571,2437,NA,NA,169,39,68,NA,1428,NA,NA,NA,NA,NA,NA,NA,NA,106367,NA,931,NA,11484
"contig_138 NW_025335015.1",1265488,937248,3137,NA,NA,NA,NA,NA,1,NA,NA,NA,NA,NA,NA,NA,NA,NA,NA,NA,1349,NA,6,61880,32,6,NA,NA,NA,NA,NA,NA,341,164,NA,NA,NA,2011,NA,410,127223,492,7,99,NA,NA,NA,NA,NA,NA,NA,NA,3523,433,5267,8048,NA,206,1354,857,346,NA,NA,NA,NA,NA,NA,NA,NA,NA,42,58841,NA,6297,NA,45868
"contig_151 NW_025335030.1",676449,513877,5559,NA,NA,NA,NA,NA,48,NA,NA,NA,NA,NA,NA,NA,NA,NA,NA,NA,482,NA,34,46824,27,NA,NA,NA,NA,NA,NA,17,156,NA,NA,14,NA,NA,NA,443,40124,22,NA,NA,NA,5,NA,NA,NA,NA,NA,NA,728,236,2452,12008,NA,NA,726,1669,8012,NA,NA,NA,NA,NA,NA,NA,206,NA,105,18999,NA,2060,NA,21616
"contig_177 NW_025335058.1",480823,347574,4591,1,NA,NA,NA,NA,NA,NA,NA,NA,NA,NA,5,NA,NA,NA,NA,NA,NA,NA,NA,15531,23,NA,NA,NA,NA,NA,NA,NA,NA,NA,NA,NA,NA,114,NA,78,50000,NA,NA,NA,NA,NA,NA,NA,NA,NA,NA,NA,1678,25,1729,2199,NA,NA,29,NA,263,NA,NA,NA,NA,NA,NA,NA,NA,NA,NA,37944,NA,3291,NA,15748
"contig_189 NW_025335071.1",331743,276123,504,NA,NA,NA,NA,NA,NA,NA,NA,NA,NA,NA,NA,NA,NA,NA,NA,NA,NA,NA,NA,9430,NA,NA,NA,NA,NA,NA,NA,NA,48,159,NA,NA,NA,7,NA,123,17464,4,NA,NA,NA,NA,NA,NA,NA,NA,NA,NA,375,22,493,2947,NA,NA,351,NA,NA,NA,NA,NA,NA,NA,NA,NA,113,NA,NA,19466,NA,1627,NA,2487
"contig_158 NW_025335037.1",910981,650489,8010,NA,NA,NA,NA,NA,NA,NA,NA,NA,NA,NA,NA,NA,NA,NA,NA,NA,106,NA,736,45323,59,NA,NA,NA,NA,NA,NA,NA,NA,NA,NA,NA,NA,132,136,1801,77918,162,NA,NA,NA,NA,NA,NA,NA,NA,NA,NA,1498,245,4513,19082,NA,NA,233,2415,1626,NA,NA,NA,NA,NA,NA,NA,NA,NA,NA,75097,NA,2112,NA,19288
"contig_115 NW_025334990.1",19945858,18862470,26690,NA,NA,NA,NA,NA,230,NA,NA,NA,NA,NA,78,NA,71,NA,NA,NA,194,NA,709,20846,NA,NA,NA,NA,NA,NA,NA,NA,301,254,111,41,NA,224,NA,407,13601,356,NA,60,NA,5,NA,NA,NA,388,NA,NA,4293,NA,161,31400,NA,210,4222,3066,3754,NA,NA,NA,1582,797,NA,NA,167,NA,85,904446,NA,22963,546,41130
"contig_92 NW_025335192.1",1594157,87668,256,NA,NA,NA,NA,NA,NA,NA,NA,NA,NA,NA,NA,NA,NA,NA,NA,NA,1584,NA,NA,20010,260,NA,NA,NA,NA,NA,NA,NA,NA,178,111,NA,NA,10976,864,189,8600,128,NA,59,NA,NA,NA,NA,NA,NA,NA,NA,3172,122,761,NA,NA,NA,3124,250,NA,NA,NA,NA,NA,NA,NA,NA,NA,NA,NA,1451440,NA,2614,NA,1791
"contig_148 NW_025335026.1",1151029,214732,NA,NA,NA,NA,NA,NA,NA,NA,NA,NA,NA,NA,NA,NA,NA,NA,NA,NA,NA,NA,NA,18080,NA,NA,NA,NA,NA,139,143,NA,179,361,NA,33,NA,3012,1,NA,28376,384,NA,177,NA,11,NA,NA,NA,NA,NA,NA,5785,917,1492,18298,NA,NA,3601,173,292,NA,NA,NA,NA,NA,NA,NA,NA,NA,NA,843627,NA,3762,NA,7454
"contig_44 NW_025335139.1",22131,6278,NA,NA,NA,NA,NA,NA,NA,NA,NA,NA,NA,NA,NA,NA,NA,NA,NA,NA,NA,NA,NA,4686,NA,NA,NA,NA,NA,NA,NA,NA,16,NA,NA,NA,NA,52,NA,NA,7156,NA,NA,NA,NA,NA,NA,NA,NA,NA,NA,NA,NA,NA,NA,995,NA,NA,129,401,NA,NA,NA,NA,NA,NA,NA,NA,NA,NA,NA,1411,NA,4,NA,1003
"contig_84 NW_025335183.1",4756,1553,NA,NA,NA,NA,NA,NA,NA,NA,NA,NA,NA,NA,NA,NA,NA,NA,NA,NA,NA,NA,NA,2205,NA,NA,NA,NA,NA,NA,NA,NA,NA,NA,NA,NA,NA,NA,NA,NA,998,NA,NA,NA,NA,NA,NA,NA,NA,NA,NA,NA,NA,NA,NA,NA,NA,NA,NA,NA,NA,NA,NA,NA,NA,NA,NA,NA,NA,NA,NA,NA,NA,NA,NA,NA
"contig_196 NW_025335079.1",235706,200743,1712,NA,NA,NA,NA,NA,NA,NA,NA,NA,NA,NA,NA,NA,NA,NA,NA,NA,42,NA,80,9629,NA,NA,NA,NA,NA,NA,NA,NA,NA,NA,NA,NA,NA,NA,NA,132,6190,NA,NA,NA,NA,NA,NA,NA,NA,NA,NA,NA,NA,NA,336,176,NA,NA,NA,NA,NA,NA,NA,NA,NA,NA,NA,NA,NA,NA,NA,12920,NA,344,NA,3402
"contig_193 NW_025335076.1",3294,1,NA,NA,NA,NA,NA,NA,NA,NA,NA,NA,NA,NA,NA,NA,NA,NA,NA,NA,NA,NA,NA,3163,NA,NA,NA,NA,NA,NA,NA,NA,NA,NA,NA,NA,NA,NA,NA,130,NA,NA,NA,NA,NA,NA,NA,NA,NA,NA,NA,NA,NA,NA,NA,NA,NA,NA,NA,NA,NA,NA,NA,NA,NA,NA,NA,NA,NA,NA,NA,NA,NA,NA,NA,NA
"contig_145 NW_025335023.1",1214702,177250,491,NA,NA,NA,NA,NA,7,NA,NA,NA,NA,NA,1,NA,NA,6,NA,NA,NA,NA,92,4465,NA,NA,NA,NA,NA,NA,NA,NA,1488,2390,120,31,NA,1806,232,163,8704,128,NA,245,NA,NA,NA,NA,NA,NA,NA,NA,5248,814,367,9074,NA,NA,10129,2222,676,NA,NA,NA,NA,NA,NA,NA,NA,NA,NA,977014,NA,8486,NA,3053
"contig_186 NW_025335068.1",394465,288803,1299,NA,NA,NA,NA,NA,NA,NA,NA,NA,NA,NA,NA,NA,NA,NA,NA,NA,NA,NA,NA,6730,NA,NA,NA,NA,NA,NA,NA,NA,NA,NA,NA,NA,NA,NA,NA,127,50377,21,NA,NA,NA,14,NA,NA,NA,NA,NA,NA,445,39,1059,6267,NA,NA,233,204,4707,NA,NA,NA,NA,NA,NA,NA,114,NA,NA,22419,NA,3116,NA,8491
"contig_226 NW_025335113.1",95527,57761,NA,NA,NA,NA,NA,NA,NA,NA,NA,NA,NA,NA,79,NA,70,NA,NA,NA,NA,NA,NA,295,260,NA,NA,NA,NA,NA,NA,NA,667,324,NA,NA,NA,318,NA,NA,19915,NA,NA,NA,NA,6,NA,NA,NA,NA,NA,NA,923,420,1548,1420,NA,NA,1771,1264,644,NA,NA,NA,NA,NA,NA,NA,110,NA,NA,7585,NA,NA,NA,147
"contig_198 NW_025335081.1",270261,186520,370,NA,NA,NA,NA,NA,NA,NA,NA,NA,NA,NA,NA,NA,NA,NA,NA,NA,NA,NA,135,15751,4,NA,NA,NA,NA,NA,NA,NA,129,168,NA,NA,NA,9,NA,66,26645,NA,NA,NA,NA,NA,NA,NA,NA,NA,NA,NA,207,NA,13,1437,NA,NA,1284,306,356,NA,NA,NA,NA,NA,NA,NA,NA,NA,NA,27623,NA,NA,NA,9238
"contig_178 NW_025335059.1",11808632,11457638,5845,NA,NA,NA,NA,NA,314,NA,NA,NA,NA,NA,NA,NA,NA,NA,NA,NA,NA,NA,141,1425,NA,NA,NA,NA,NA,NA,NA,NA,354,185,181,14,NA,180,NA,NA,22496,127,NA,60,NA,NA,NA,NA,NA,NA,NA,NA,1803,384,181,4187,9,NA,1701,279,126,NA,NA,NA,1376,551,NA,NA,205,NA,NA,287566,NA,1360,NA,19944
"contig_38 NW_025335132.1",28341,16081,1657,NA,NA,NA,NA,NA,NA,NA,NA,NA,NA,NA,NA,NA,NA,NA,NA,NA,47,NA,150,1481,NA,NA,NA,NA,NA,NA,NA,NA,NA,NA,NA,NA,NA,48,NA,NA,3424,NA,NA,NA,NA,NA,NA,NA,NA,NA,NA,NA,NA,NA,115,500,NA,NA,63,NA,NA,NA,NA,NA,NA,NA,NA,NA,NA,NA,NA,1619,NA,277,NA,2879
"contig_163 NW_025335043.1",15806012,15132164,6116,NA,NA,NA,NA,NA,415,NA,NA,NA,NA,NA,79,NA,70,NA,NA,NA,126,NA,445,8677,80,NA,NA,NA,NA,NA,173,21,452,90,291,15,NA,238,161,189,22478,229,NA,448,NA,55,NA,NA,10,168,NA,NA,2587,25,300,11659,NA,NA,2465,599,859,28,17,NA,161,175,NA,NA,13,NA,219,563272,NA,8199,103,42141
"contig_3 NW_025335123.1",26507916,24403129,13846,12,4,NA,NA,NA,559,NA,NA,NA,NA,NA,210,NA,70,NA,NA,NA,39,NA,1055,35112,NA,NA,NA,NA,NA,NA,NA,NA,1244,1348,900,211,NA,13023,23,1141,28674,608,NA,874,208,427,NA,NA,9,329,NA,NA,3016,78,2432,28223,NA,552,10500,4929,3163,943,NA,NA,1792,880,NA,NA,54,NA,512,1823952,NA,18263,104,105468
"contig_167 NW_025335047.1",10547582,10038461,5723,14,5,NA,NA,NA,208,NA,NA,NA,NA,NA,NA,NA,NA,NA,NA,NA,47,NA,220,2342,NA,NA,NA,NA,NA,NA,NA,NA,329,261,271,42,NA,64,NA,NA,1651,NA,NA,NA,NA,NA,NA,NA,3,279,NA,NA,504,72,108,9022,NA,13,1640,427,808,43,471,NA,61,234,NA,NA,NA,NA,92,428351,NA,8495,476,46845
"contig_109 NW_025334983.1",4912,130,NA,NA,NA,NA,NA,NA,NA,NA,NA,NA,NA,NA,NA,NA,NA,NA,NA,NA,NA,NA,NA,3750,NA,NA,NA,NA,NA,NA,NA,NA,NA,NA,NA,NA,NA,6,NA,NA,NA,NA,NA,NA,NA,NA,NA,NA,NA,NA,NA,NA,NA,NA,NA,NA,NA,NA,NA,NA,NA,NA,NA,NA,NA,NA,NA,NA,NA,NA,NA,1026,NA,NA,NA,NA
"contig_194 NW_025335077.1",318725,250151,776,NA,NA,NA,NA,NA,NA,NA,NA,NA,NA,NA,NA,NA,NA,NA,NA,NA,47,NA,NA,25726,NA,NA,NA,NA,NA,NA,NA,NA,15,NA,NA,24,NA,NA,NA,321,5480,NA,NA,NA,NA,NA,NA,NA,NA,NA,NA,NA,612,NA,NA,4293,NA,NA,1226,130,1327,NA,NA,NA,NA,NA,NA,NA,NA,NA,NA,22271,NA,424,NA,5902
"contig_116 NW_025334991.1",1337403,1131796,5297,NA,NA,NA,NA,NA,214,NA,NA,NA,NA,10,NA,NA,NA,NA,NA,NA,NA,NA,47,14101,NA,NA,NA,NA,NA,NA,NA,NA,NA,NA,NA,NA,NA,67,NA,109,71947,126,NA,22,38,NA,NA,NA,NA,NA,NA,NA,2016,3,399,1304,NA,NA,72,101,409,NA,NA,NA,NA,NA,NA,NA,NA,NA,NA,85423,NA,2517,NA,21385
"contig_47 NW_025335142.1",4408483,4246038,2490,NA,NA,NA,NA,NA,NA,NA,NA,NA,NA,NA,NA,NA,NA,NA,NA,NA,NA,NA,NA,365,NA,NA,NA,NA,NA,NA,NA,NA,136,11,335,145,NA,NA,NA,NA,2407,23,NA,NA,NA,180,NA,NA,NA,NA,NA,NA,740,NA,345,5791,NA,13,2645,722,417,NA,NA,NA,NA,NA,NA,NA,NA,NA,92,131454,NA,1348,NA,12786
"contig_213 NW_025335099.1",173407,158920,148,NA,NA,NA,NA,NA,NA,NA,NA,NA,NA,NA,NA,NA,NA,NA,NA,NA,NA,NA,122,433,NA,NA,NA,NA,NA,NA,NA,NA,NA,NA,NA,NA,NA,NA,NA,NA,397,NA,NA,NA,NA,NA,NA,NA,NA,NA,NA,NA,NA,NA,NA,942,NA,NA,274,NA,169,NA,NA,NA,NA,NA,NA,NA,69,NA,NA,6860,NA,517,NA,4556
"contig_200 NW_025335085.1",260495,185809,1148,NA,NA,NA,NA,NA,3,NA,NA,NA,NA,NA,NA,NA,NA,NA,NA,NA,160,39,4,32630,NA,NA,NA,NA,NA,NA,NA,NA,NA,NA,NA,NA,NA,886,NA,200,15737,NA,NA,NA,NA,NA,NA,NA,NA,NA,NA,NA,270,3,1314,358,NA,NA,66,418,278,NA,NA,NA,NA,NA,NA,NA,NA,NA,NA,15650,NA,574,NA,4948
"contig_215 NW_025335101.1",160059,124237,9665,NA,NA,NA,NA,NA,NA,NA,NA,NA,NA,NA,NA,NA,NA,NA,NA,NA,607,NA,35,4597,NA,NA,NA,NA,NA,NA,NA,NA,NA,NA,NA,NA,NA,NA,NA,3,6149,NA,NA,NA,NA,NA,NA,NA,NA,NA,NA,NA,296,NA,57,489,NA,NA,76,NA,NA,NA,NA,NA,NA,NA,NA,NA,NA,NA,NA,5032,NA,264,NA,8552
"contig_204 NW_025335089.1",214662,176853,3826,NA,NA,NA,NA,NA,NA,NA,NA,NA,NA,NA,NA,NA,NA,NA,NA,NA,NA,NA,NA,12310,NA,NA,NA,NA,NA,NA,NA,NA,NA,NA,NA,NA,NA,31,NA,56,8869,NA,NA,NA,NA,NA,NA,NA,NA,NA,NA,NA,561,NA,603,1372,NA,NA,126,26,181,NA,NA,NA,NA,NA,NA,NA,NA,NA,NA,7557,NA,513,NA,1778
"contig_28 NW_025335121.1",31525,2194,276,NA,NA,NA,NA,NA,334,NA,1,5,NA,NA,NA,NA,NA,NA,NA,NA,NA,NA,NA,6518,NA,NA,NA,NA,NA,NA,NA,NA,69,1764,34,NA,NA,201,NA,224,1378,NA,NA,NA,15,NA,NA,NA,NA,NA,NA,NA,NA,NA,NA,380,NA,NA,4170,10949,92,NA,NA,NA,NA,NA,NA,NA,NA,NA,NA,1601,NA,80,NA,1240
"contig_8 NW_025335178.1",82916,69255,942,NA,NA,NA,NA,NA,NA,NA,NA,NA,NA,NA,NA,NA,NA,NA,NA,NA,NA,NA,NA,3124,NA,NA,NA,NA,NA,NA,NA,NA,NA,NA,NA,NA,NA,NA,NA,NA,380,31,NA,NA,NA,52,NA,NA,NA,NA,NA,NA,NA,NA,1071,222,NA,NA,NA,NA,162,NA,NA,NA,NA,NA,NA,NA,NA,NA,NA,1173,NA,768,NA,5736
"contig_22 NW_025335106.1",54343,35450,1634,NA,NA,NA,NA,NA,NA,NA,NA,NA,NA,NA,NA,NA,NA,NA,NA,NA,NA,NA,34,8839,NA,NA,NA,NA,NA,NA,NA,NA,NA,NA,NA,NA,NA,NA,NA,150,1813,NA,NA,NA,NA,NA,NA,NA,NA,NA,NA,NA,16,53,549,704,NA,NA,NA,NA,325,NA,NA,NA,NA,NA,NA,NA,NA,NA,NA,1072,NA,291,NA,3413
"contig_181 NW_025335063.1",446815,332641,1400,70,NA,NA,14,NA,NA,NA,NA,NA,NA,NA,NA,NA,NA,NA,NA,NA,NA,NA,NA,5541,NA,NA,NA,NA,NA,NA,NA,NA,NA,NA,NA,NA,NA,673,NA,NA,36102,NA,NA,NA,NA,NA,NA,NA,NA,NA,NA,NA,596,NA,880,16684,NA,NA,211,610,127,NA,NA,NA,NA,NA,NA,NA,NA,NA,NA,27900,NA,4466,NA,18900
"contig_69 NW_025335166.1",2339075,2142202,17655,16,NA,NA,NA,NA,NA,NA,NA,NA,NA,NA,NA,NA,NA,NA,NA,NA,45,NA,796,21720,NA,NA,NA,NA,NA,NA,NA,NA,133,9,NA,NA,NA,328,136,1961,10662,39,NA,NA,NA,51,NA,NA,NA,NA,NA,NA,927,NA,529,8826,NA,NA,962,487,1416,NA,NA,NA,NA,NA,NA,NA,NA,NA,103,105030,NA,2810,NA,22232
"contig_221 NW_025335108.1",140459,95255,NA,NA,NA,NA,NA,NA,NA,NA,NA,NA,NA,NA,NA,NA,NA,NA,NA,NA,NA,NA,NA,3133,NA,NA,NA,NA,NA,NA,NA,NA,NA,NA,NA,NA,NA,NA,NA,NA,29687,NA,NA,NA,NA,NA,NA,NA,NA,NA,NA,NA,325,30,348,NA,NA,NA,NA,NA,NA,NA,NA,NA,NA,NA,NA,NA,NA,NA,NA,4622,NA,723,NA,6336
"contig_192 NW_025335075.1",268,200,68,NA,NA,NA,NA,NA,NA,NA,NA,NA,NA,NA,NA,NA,NA,NA,NA,NA,NA,NA,NA,NA,NA,NA,NA,NA,NA,NA,NA,NA,NA,NA,NA,NA,NA,NA,NA,NA,NA,NA,NA,NA,NA,NA,NA,NA,NA,NA,NA,NA,NA,NA,NA,NA,NA,NA,NA,NA,NA,NA,NA,NA,NA,NA,NA,NA,NA,NA,NA,NA,NA,NA,NA,NA
"contig_206 NW_025335091.1",120847,40792,NA,NA,NA,NA,NA,NA,NA,NA,NA,NA,NA,NA,NA,NA,NA,NA,NA,NA,NA,NA,NA,NA,NA,NA,NA,NA,NA,NA,NA,NA,101,NA,181,14,NA,NA,NA,NA,6194,NA,NA,NA,NA,NA,NA,NA,NA,NA,NA,NA,598,150,75,1252,NA,NA,3076,208,NA,NA,NA,NA,NA,NA,NA,NA,NA,NA,NA,66903,NA,867,NA,436
"contig_150 NW_025335029.1",2860005,2699820,4075,NA,NA,NA,NA,NA,766,NA,NA,NA,NA,NA,NA,NA,NA,NA,NA,NA,5,NA,354,401,101,NA,NA,NA,NA,181,NA,NA,143,10,NA,NA,NA,NA,NA,77,5099,127,NA,118,NA,NA,NA,NA,NA,82,NA,NA,963,NA,NA,3491,NA,NA,563,NA,5,NA,NA,NA,377,158,NA,NA,NA,NA,NA,99112,NA,15890,NA,28087
"contig_168 NW_025335048.1",518313,128585,NA,NA,NA,NA,NA,NA,NA,NA,NA,NA,NA,NA,NA,NA,NA,NA,NA,NA,NA,NA,NA,429,NA,NA,NA,NA,NA,NA,NA,NA,NA,NA,NA,NA,NA,NA,NA,351,16334,NA,NA,NA,NA,NA,183,NA,NA,NA,NA,NA,4034,187,97,13054,NA,NA,2712,NA,316,3162,24361,104,NA,NA,NA,NA,NA,NA,NA,303009,NA,12615,NA,8780
"contig_105 NW_025334979.1",1401171,302545,405,NA,NA,NA,NA,NA,383,NA,NA,NA,NA,NA,NA,NA,NA,NA,NA,NA,NA,NA,NA,14391,NA,100,71,111,NA,282,NA,NA,2492,1208,617,95,NA,215,201,225,18032,180,NA,198,70,NA,NA,NA,NA,NA,NA,NA,4313,417,417,25438,NA,NA,22384,4549,6214,NA,NA,NA,NA,NA,NA,NA,742,35,NA,977339,NA,11594,NA,5908
"contig_95 NW_025335195.1",4729,2484,542,NA,NA,NA,NA,NA,NA,NA,NA,NA,NA,NA,NA,NA,NA,NA,NA,NA,NA,NA,NA,NA,NA,NA,NA,NA,NA,NA,NA,NA,NA,NA,NA,NA,NA,NA,NA,NA,NA,NA,NA,NA,NA,NA,NA,NA,NA,NA,NA,NA,NA,NA,NA,940,NA,NA,NA,NA,NA,NA,NA,NA,NA,NA,NA,NA,105,NA,NA,658,NA,NA,NA,NA
"contig_129 NW_025335005.1",2929,68,NA,NA,NA,NA,NA,NA,NA,NA,NA,NA,NA,NA,NA,NA,NA,NA,NA,NA,NA,NA,NA,858,NA,NA,NA,NA,NA,NA,NA,NA,NA,NA,NA,NA,NA,NA,NA,11,NA,NA,NA,NA,NA,NA,NA,NA,NA,NA,NA,NA,NA,NA,NA,1547,NA,NA,NA,NA,54,NA,NA,NA,NA,NA,NA,NA,NA,NA,NA,NA,NA,43,NA,348
"contig_53 NW_025335149.1",11171,3584,NA,NA,NA,NA,NA,NA,NA,NA,NA,NA,NA,NA,NA,NA,NA,NA,NA,NA,NA,NA,NA,NA,NA,NA,NA,NA,NA,NA,NA,NA,NA,NA,NA,NA,NA,NA,NA,NA,427,NA,NA,NA,NA,NA,NA,NA,NA,NA,NA,NA,NA,NA,340,1341,NA,NA,277,64,1409,NA,NA,NA,NA,NA,NA,NA,NA,NA,NA,1661,NA,969,NA,1099
"contig_15 NW_025335028.1",68928,59192,NA,NA,NA,NA,NA,NA,NA,NA,NA,NA,NA,NA,NA,NA,NA,NA,NA,NA,NA,NA,NA,NA,NA,NA,NA,NA,NA,NA,NA,NA,NA,NA,NA,NA,NA,NA,NA,NA,NA,NA,NA,NA,NA,NA,NA,NA,NA,NA,NA,NA,NA,NA,NA,1856,NA,NA,12,122,1418,NA,NA,NA,NA,NA,NA,NA,NA,NA,NA,5953,NA,NA,NA,375
"contig_188 NW_025335070.1",337310,279938,2813,NA,NA,NA,NA,NA,5,NA,NA,NA,NA,NA,NA,NA,NA,NA,NA,NA,NA,NA,70,1946,NA,NA,NA,NA,NA,NA,NA,NA,NA,NA,NA,NA,NA,184,NA,NA,26439,NA,NA,NA,NA,NA,NA,NA,NA,NA,NA,NA,1032,NA,91,916,NA,NA,NA,94,1474,NA,NA,NA,NA,NA,NA,NA,NA,NA,NA,12825,NA,880,NA,8603
"contig_82 NW_025335181.1",7133,5984,NA,NA,NA,NA,NA,NA,NA,NA,NA,NA,NA,NA,NA,NA,NA,NA,NA,NA,NA,NA,NA,668,NA,NA,NA,NA,NA,NA,NA,NA,NA,NA,NA,NA,NA,NA,NA,NA,NA,NA,NA,NA,NA,NA,NA,NA,NA,NA,NA,NA,NA,NA,NA,NA,NA,NA,NA,NA,NA,NA,NA,NA,NA,NA,NA,NA,NA,NA,NA,79,NA,33,NA,369
"contig_97 NW_025335197.1",5858,3581,851,NA,NA,NA,NA,NA,NA,NA,NA,NA,NA,NA,NA,NA,NA,NA,NA,NA,NA,NA,NA,899,NA,NA,NA,NA,NA,NA,NA,NA,9,NA,NA,NA,NA,10,NA,NA,NA,NA,NA,NA,NA,NA,NA,NA,NA,NA,NA,NA,NA,NA,NA,171,NA,NA,NA,NA,NA,NA,NA,NA,NA,NA,NA,NA,NA,NA,NA,186,NA,NA,NA,151
"contig_191 NW_025335074.1",322386,303063,NA,NA,NA,NA,NA,NA,NA,NA,NA,NA,NA,NA,NA,NA,NA,NA,NA,NA,NA,NA,NA,152,NA,NA,NA,NA,NA,NA,NA,NA,NA,NA,NA,NA,NA,NA,NA,NA,323,NA,NA,NA,NA,NA,NA,NA,NA,NA,NA,NA,576,NA,NA,682,NA,NA,921,207,218,NA,NA,NA,NA,NA,NA,NA,NA,NA,NA,12621,NA,326,NA,3297
"contig_175 NW_025335056.1",465355,334226,1439,NA,NA,NA,NA,NA,NA,NA,NA,NA,NA,NA,NA,NA,NA,NA,NA,NA,11,NA,NA,11971,1,NA,NA,NA,NA,NA,NA,NA,NA,290,NA,NA,NA,4040,85,128,17176,NA,NA,187,NA,NA,NA,NA,NA,NA,NA,NA,949,331,580,1562,NA,NA,456,38,NA,NA,NA,NA,NA,NA,NA,NA,NA,NA,NA,89374,NA,712,NA,1799
"contig_225 NW_025335112.1",113458,103281,2276,NA,NA,NA,NA,NA,NA,NA,NA,NA,NA,NA,NA,NA,NA,NA,NA,NA,43,NA,NA,320,NA,NA,NA,NA,NA,NA,NA,NA,NA,NA,NA,NA,NA,NA,NA,NA,2708,NA,NA,NA,NA,NA,NA,NA,NA,NA,NA,NA,NA,NA,NA,NA,NA,NA,NA,NA,NA,NA,NA,NA,NA,NA,NA,NA,NA,NA,NA,4440,NA,77,NA,313
"contig_159 NW_025335038.1",1386571,1211402,1758,NA,NA,NA,NA,NA,17,NA,NA,NA,NA,NA,NA,NA,NA,NA,NA,NA,47,NA,NA,151,NA,NA,NA,NA,NA,NA,NA,NA,NA,NA,NA,NA,NA,180,NA,NA,4282,NA,NA,NA,NA,NA,NA,NA,NA,NA,NA,NA,79,NA,98,719,NA,NA,261,NA,NA,NA,NA,NA,98,NA,NA,NA,136,NA,NA,164441,NA,779,NA,2123
"contig_183 NW_025335065.1",923,1,NA,NA,NA,NA,NA,NA,NA,NA,NA,NA,NA,NA,NA,NA,NA,NA,NA,NA,NA,NA,NA,NA,NA,NA,NA,NA,NA,NA,NA,NA,NA,NA,NA,NA,NA,NA,NA,NA,NA,NA,NA,NA,NA,NA,NA,NA,NA,NA,NA,NA,NA,NA,NA,NA,NA,NA,NA,NA,NA,NA,NA,NA,NA,NA,NA,NA,NA,NA,NA,NA,NA,95,NA,827
"contig_66 NW_025335163.1",10249,7219,79,NA,NA,NA,NA,NA,NA,NA,NA,NA,NA,NA,NA,NA,NA,NA,NA,NA,45,NA,NA,651,NA,NA,NA,NA,NA,NA,NA,NA,NA,NA,NA,NA,NA,NA,NA,NA,NA,NA,NA,NA,NA,NA,NA,NA,NA,NA,NA,NA,NA,NA,NA,514,NA,NA,423,NA,NA,NA,NA,NA,NA,NA,NA,NA,105,NA,NA,889,NA,28,NA,296
"contig_73 NW_025335171.1",8809,5515,1634,NA,NA,NA,NA,NA,NA,NA,NA,NA,NA,NA,NA,NA,NA,NA,NA,NA,NA,NA,NA,NA,NA,NA,NA,NA,NA,NA,NA,NA,NA,NA,NA,NA,NA,NA,NA,NA,200,126,NA,60,NA,NA,NA,NA,NA,NA,NA,NA,405,NA,NA,NA,NA,NA,NA,NA,NA,NA,NA,NA,NA,NA,NA,NA,105,NA,NA,764,NA,NA,NA,NA
"contig_46 NW_025335141.1",21615,9598,1217,NA,NA,NA,NA,NA,NA,NA,NA,NA,NA,NA,NA,NA,NA,NA,NA,NA,NA,NA,NA,4776,NA,NA,NA,NA,NA,NA,NA,NA,NA,NA,NA,NA,NA,NA,NA,84,3276,NA,NA,NA,NA,NA,NA,NA,NA,NA,NA,NA,81,NA,NA,25,NA,NA,452,NA,101,NA,NA,NA,NA,NA,NA,NA,NA,NA,NA,867,NA,54,NA,1084
"contig_27 NW_025335120.1",42767,25653,NA,NA,NA,NA,NA,NA,NA,NA,NA,NA,NA,NA,NA,NA,NA,NA,NA,NA,NA,NA,NA,8257,NA,NA,NA,NA,NA,NA,NA,NA,NA,NA,NA,NA,NA,NA,NA,NA,5181,NA,NA,NA,NA,NA,NA,NA,NA,NA,NA,NA,28,NA,NA,229,NA,NA,54,NA,NA,NA,NA,NA,NA,85,3,46,NA,NA,NA,394,NA,750,NA,2087
"contig_10 NW_025334973.1",70380,16158,NA,NA,NA,NA,NA,NA,NA,NA,NA,NA,NA,NA,NA,NA,NA,NA,NA,NA,NA,NA,NA,95,NA,NA,87,194,NA,NA,NA,NA,95,8,180,15,NA,NA,NA,NA,753,341,NA,480,235,15,NA,NA,NA,NA,NA,NA,2109,268,404,260,NA,NA,998,28,NA,NA,NA,NA,NA,NA,NA,NA,NA,NA,NA,47186,NA,94,NA,377
"contig_187 NW_025335069.1",369537,361932,1459,NA,NA,NA,NA,NA,NA,NA,NA,NA,NA,NA,NA,NA,NA,NA,NA,NA,NA,NA,194,NA,NA,NA,NA,NA,NA,NA,NA,NA,NA,NA,NA,NA,NA,NA,NA,NA,382,NA,NA,NA,NA,NA,NA,NA,NA,NA,NA,NA,201,246,15,NA,NA,NA,NA,NA,NA,NA,NA,NA,NA,NA,NA,NA,NA,NA,NA,4790,NA,50,NA,268
"contig_201 NW_025335086.1",241107,230068,NA,NA,NA,NA,NA,NA,NA,NA,NA,NA,NA,NA,NA,NA,NA,NA,NA,NA,NA,NA,NA,113,NA,NA,NA,NA,NA,NA,NA,NA,NA,NA,NA,NA,NA,180,NA,NA,4541,NA,NA,NA,NA,NA,NA,NA,NA,NA,NA,NA,NA,NA,NA,NA,NA,NA,NA,NA,NA,NA,NA,NA,NA,NA,NA,NA,NA,NA,NA,5447,NA,NA,NA,758
"contig_185 NW_025335067.1",394115,375534,NA,NA,NA,NA,NA,NA,NA,NA,NA,NA,NA,NA,NA,NA,NA,NA,NA,NA,NA,NA,NA,NA,NA,NA,NA,NA,NA,NA,NA,NA,NA,NA,NA,NA,NA,NA,NA,NA,NA,NA,NA,NA,NA,NA,NA,NA,NA,NA,NA,NA,NA,NA,NA,53,NA,NA,13,NA,195,NA,NA,NA,NA,NA,NA,NA,NA,NA,NA,17752,NA,195,NA,373
"contig_24 NW_025335117.1",49500,6962,NA,NA,NA,NA,NA,NA,NA,NA,NA,NA,NA,NA,NA,NA,NA,NA,NA,NA,NA,NA,NA,2422,NA,NA,NA,NA,NA,NA,NA,NA,NA,NA,NA,NA,NA,52,NA,NA,1361,NA,NA,NA,NA,NA,NA,NA,NA,NA,NA,NA,NA,NA,NA,NA,NA,NA,NA,NA,NA,NA,NA,NA,NA,NA,NA,NA,NA,NA,NA,38703,NA,NA,NA,NA
"contig_113 NW_025334988.1",4784,3382,NA,NA,NA,NA,NA,NA,NA,NA,NA,NA,NA,NA,NA,NA,NA,NA,NA,NA,NA,NA,NA,NA,NA,NA,NA,NA,NA,NA,NA,NA,NA,NA,NA,NA,NA,NA,NA,NA,NA,NA,NA,NA,NA,NA,NA,NA,NA,NA,NA,NA,NA,NA,NA,447,NA,NA,28,NA,NA,NA,NA,NA,NA,NA,NA,NA,NA,NA,NA,214,NA,NA,NA,713
"contig_55 NW_025335151.1",12340,2868,NA,NA,NA,NA,NA,NA,NA,NA,NA,NA,NA,NA,NA,NA,NA,NA,NA,NA,NA,NA,NA,NA,NA,NA,NA,NA,NA,NA,NA,NA,NA,NA,NA,NA,NA,NA,NA,NA,NA,NA,NA,NA,NA,NA,NA,NA,NA,NA,NA,NA,NA,NA,NA,NA,NA,NA,NA,8209,30,NA,NA,NA,NA,NA,NA,NA,NA,NA,NA,1233,NA,NA,NA,NA
"contig_81 NW_025335180.1",7391,2931,NA,NA,NA,NA,NA,NA,NA,NA,NA,NA,NA,NA,NA,NA,NA,NA,NA,NA,NA,NA,NA,NA,NA,NA,NA,NA,NA,NA,NA,NA,NA,NA,NA,NA,NA,NA,NA,NA,NA,NA,NA,NA,NA,NA,NA,NA,NA,NA,NA,NA,NA,NA,NA,122,NA,NA,65,NA,NA,NA,NA,NA,NA,NA,NA,NA,NA,NA,NA,4003,NA,181,NA,89
"contig_77 NW_025335175.1",8043,6385,NA,NA,NA,NA,NA,NA,NA,NA,NA,NA,NA,NA,NA,NA,NA,NA,NA,NA,NA,NA,NA,568,NA,NA,NA,NA,NA,NA,NA,NA,NA,NA,NA,NA,NA,NA,NA,NA,NA,NA,NA,NA,NA,NA,NA,NA,NA,NA,NA,NA,NA,NA,NA,NA,NA,NA,NA,NA,NA,NA,NA,NA,NA,NA,NA,NA,NA,NA,NA,1090,NA,NA,NA,NA
"contig_13 NW_025335006.1",72992,69136,NA,NA,NA,NA,NA,NA,NA,NA,NA,NA,NA,NA,NA,NA,NA,NA,NA,NA,NA,NA,NA,NA,NA,NA,NA,NA,NA,NA,NA,NA,NA,NA,NA,NA,NA,NA,NA,NA,1706,NA,NA,NA,NA,NA,NA,NA,NA,NA,NA,NA,NA,NA,NA,NA,NA,NA,NA,NA,NA,NA,NA,NA,414,NA,NA,NA,NA,NA,NA,1736,NA,NA,NA,NA
"contig_64 NW_025335161.1",2718,2311,NA,NA,NA,NA,NA,NA,NA,NA,NA,NA,NA,NA,NA,NA,NA,NA,NA,NA,NA,NA,NA,NA,NA,NA,NA,NA,NA,NA,NA,NA,NA,NA,NA,NA,NA,NA,NA,NA,407,NA,NA,NA,NA,NA,NA,NA,NA,NA,NA,NA,NA,NA,NA,NA,NA,NA,NA,NA,NA,NA,NA,NA,NA,NA,NA,NA,NA,NA,NA,NA,NA,NA,NA,NA
"contig_179 NW_025335060.1",475793,393643,1621,NA,NA,NA,NA,NA,NA,NA,NA,NA,NA,NA,NA,NA,NA,NA,NA,NA,56,NA,NA,6818,NA,NA,NA,NA,NA,NA,NA,NA,NA,NA,NA,NA,NA,235,NA,NA,19940,NA,NA,NA,NA,NA,NA,NA,NA,NA,NA,NA,780,NA,NA,9901,NA,NA,1563,NA,NA,NA,NA,NA,NA,NA,NA,NA,NA,NA,NA,32278,NA,562,NA,8396
"contig_211 NW_025335097.1",179263,160283,5066,NA,NA,NA,NA,NA,NA,NA,NA,NA,NA,NA,22,NA,NA,NA,NA,NA,74,NA,NA,NA,NA,NA,NA,NA,NA,NA,NA,NA,NA,NA,NA,NA,NA,NA,NA,NA,4906,NA,NA,NA,NA,NA,NA,NA,NA,NA,NA,NA,NA,NA,NA,1394,NA,NA,NA,NA,NA,NA,NA,NA,NA,NA,NA,NA,NA,NA,NA,6166,NA,NA,NA,1352
"contig_31 NW_025335125.1",32568,28723,695,NA,NA,NA,NA,NA,NA,NA,NA,NA,NA,NA,NA,NA,NA,NA,NA,NA,NA,NA,NA,NA,NA,NA,NA,NA,NA,NA,NA,NA,NA,NA,NA,NA,NA,NA,NA,NA,326,NA,NA,NA,NA,NA,NA,NA,NA,NA,NA,NA,NA,NA,NA,NA,NA,NA,NA,NA,NA,NA,NA,NA,NA,NA,NA,NA,NA,NA,NA,2592,NA,NA,NA,232
"contig_197 NW_025335080.1",294769,250630,106,NA,NA,NA,NA,NA,NA,NA,NA,NA,NA,NA,NA,NA,NA,NA,NA,NA,NA,NA,NA,2019,NA,NA,NA,NA,NA,NA,NA,NA,NA,NA,NA,NA,NA,338,NA,NA,14022,NA,NA,NA,NA,NA,NA,NA,NA,NA,NA,NA,123,NA,32,NA,NA,NA,NA,NA,NA,NA,NA,NA,NA,NA,NA,NA,NA,NA,NA,21640,NA,127,NA,5732
"contig_216 NW_025335102.1",155648,152678,NA,NA,NA,NA,NA,NA,NA,NA,NA,NA,NA,NA,NA,NA,NA,NA,NA,NA,NA,NA,NA,NA,NA,NA,NA,NA,NA,NA,NA,NA,NA,NA,NA,NA,NA,NA,NA,NA,277,NA,NA,NA,NA,NA,NA,NA,NA,NA,NA,NA,NA,NA,NA,NA,NA,NA,NA,NA,NA,NA,NA,NA,NA,NA,NA,NA,NA,NA,NA,2280,NA,NA,NA,413
"contig_17 NW_025335050.1",56973,46367,NA,NA,NA,NA,NA,NA,NA,NA,NA,NA,NA,NA,NA,NA,NA,NA,NA,NA,NA,NA,NA,NA,NA,NA,NA,NA,NA,NA,NA,NA,NA,NA,NA,NA,NA,NA,NA,NA,2426,NA,NA,NA,NA,NA,NA,NA,NA,NA,NA,NA,NA,NA,NA,NA,NA,NA,NA,NA,NA,NA,NA,NA,NA,NA,NA,NA,NA,NA,NA,7682,NA,NA,NA,498
"contig_202 NW_025335087.1",231744,197983,474,NA,NA,NA,NA,NA,NA,NA,NA,NA,NA,NA,NA,NA,NA,NA,NA,NA,NA,NA,NA,5838,NA,NA,NA,NA,NA,NA,NA,NA,NA,NA,NA,NA,NA,6,NA,NA,10705,NA,NA,NA,NA,NA,NA,NA,NA,NA,NA,NA,253,NA,NA,279,NA,NA,NA,NA,NA,NA,NA,NA,NA,NA,NA,NA,NA,NA,NA,13575,NA,633,NA,1998
"contig_33 NW_025335127.1",15628,11095,NA,NA,NA,NA,NA,NA,NA,NA,NA,NA,NA,NA,NA,NA,NA,NA,NA,NA,NA,NA,NA,NA,NA,NA,NA,NA,NA,NA,NA,NA,NA,NA,NA,NA,NA,NA,NA,NA,3980,NA,NA,NA,NA,NA,NA,NA,NA,NA,NA,NA,147,NA,NA,NA,NA,NA,NA,NA,NA,NA,NA,NA,NA,NA,NA,NA,NA,NA,NA,406,NA,NA,NA,NA
"contig_219 NW_025335105.1",146015,103006,NA,NA,NA,NA,NA,NA,NA,NA,NA,NA,NA,NA,NA,NA,NA,NA,NA,NA,NA,NA,NA,3957,NA,NA,NA,NA,NA,NA,NA,NA,NA,NA,NA,NA,NA,NA,NA,NA,1136,NA,NA,NA,NA,NA,NA,NA,NA,NA,NA,NA,NA,NA,NA,NA,NA,NA,NA,NA,NA,NA,NA,NA,NA,NA,NA,NA,NA,NA,NA,37916,NA,NA,NA,NA
"contig_58 NW_025335154.1",12708,7968,NA,NA,NA,NA,NA,NA,NA,NA,NA,NA,NA,NA,NA,NA,NA,NA,NA,NA,NA,NA,NA,NA,NA,NA,NA,NA,NA,NA,NA,NA,NA,NA,NA,NA,NA,NA,NA,NA,NA,NA,NA,NA,NA,NA,NA,NA,NA,NA,NA,NA,NA,NA,NA,NA,NA,NA,NA,NA,NA,NA,NA,NA,NA,NA,NA,NA,NA,NA,NA,1971,NA,45,NA,2724
"contig_5 NW_025335145.1",102607,90627,321,NA,NA,NA,NA,NA,NA,NA,NA,NA,NA,NA,NA,NA,NA,NA,NA,NA,NA,NA,NA,NA,NA,NA,NA,NA,NA,NA,NA,NA,NA,NA,NA,NA,NA,NA,NA,NA,2267,NA,NA,NA,NA,NA,NA,NA,NA,NA,NA,NA,NA,NA,NA,NA,NA,NA,NA,NA,NA,NA,NA,NA,NA,NA,NA,NA,NA,NA,NA,8080,NA,NA,NA,1312
"contig_171 NW_025335052.1",516794,507174,82,NA,NA,NA,NA,NA,NA,NA,NA,NA,NA,NA,NA,NA,NA,NA,NA,NA,NA,NA,NA,NA,NA,NA,NA,NA,NA,NA,NA,NA,NA,NA,NA,NA,NA,NA,NA,NA,1236,NA,NA,NA,NA,NA,NA,NA,NA,NA,NA,NA,60,NA,NA,NA,NA,NA,NA,NA,NA,NA,NA,NA,NA,NA,NA,NA,NA,NA,NA,7314,NA,41,NA,887
"contig_18 NW_025335061.1",59234,58022,NA,NA,NA,NA,NA,NA,NA,NA,NA,NA,NA,NA,NA,NA,NA,NA,NA,NA,NA,NA,NA,NA,NA,NA,NA,NA,NA,NA,NA,NA,NA,NA,NA,NA,NA,NA,NA,NA,NA,NA,NA,NA,NA,NA,NA,NA,NA,NA,NA,NA,NA,NA,NA,NA,NA,NA,NA,NA,NA,NA,NA,NA,NA,NA,NA,NA,NA,NA,NA,790,NA,NA,NA,422
"contig_23 NW_025335116.1",48401,29540,NA,NA,NA,NA,NA,NA,NA,NA,NA,NA,NA,NA,NA,NA,NA,NA,NA,NA,NA,NA,NA,1588,NA,NA,NA,NA,NA,NA,NA,NA,NA,NA,NA,NA,NA,NA,NA,NA,8065,NA,NA,NA,NA,NA,NA,NA,NA,NA,NA,NA,46,NA,NA,NA,NA,NA,NA,NA,NA,NA,NA,NA,NA,NA,NA,NA,NA,NA,NA,9162,NA,NA,NA,NA
"contig_199 NW_025335082.1",267246,243043,68,NA,NA,NA,NA,NA,NA,NA,NA,NA,NA,NA,NA,NA,NA,NA,NA,NA,NA,NA,NA,832,NA,NA,NA,NA,NA,NA,NA,NA,NA,NA,NA,NA,NA,NA,NA,NA,8199,NA,NA,NA,NA,NA,NA,NA,NA,NA,NA,NA,591,NA,NA,NA,NA,NA,NA,NA,NA,NA,NA,NA,NA,NA,NA,NA,NA,NA,NA,11666,NA,167,NA,2680
"contig_228 NW_025335115.1",105086,94039,233,NA,NA,NA,NA,NA,NA,NA,NA,NA,NA,NA,NA,NA,NA,NA,NA,NA,NA,NA,NA,48,NA,NA,NA,NA,NA,NA,NA,NA,NA,NA,NA,NA,NA,NA,NA,NA,4001,NA,NA,NA,NA,NA,NA,NA,NA,NA,NA,NA,68,NA,NA,NA,NA,NA,NA,NA,NA,NA,NA,NA,NA,NA,NA,NA,NA,NA,NA,6584,NA,NA,NA,113
"contig_29 NW_025335122.1",37504,32274,NA,NA,NA,NA,NA,NA,NA,NA,NA,NA,NA,NA,NA,NA,NA,NA,NA,NA,NA,NA,NA,NA,NA,NA,NA,NA,NA,NA,NA,NA,NA,NA,NA,NA,NA,NA,NA,NA,1129,NA,NA,NA,NA,NA,NA,NA,NA,NA,NA,NA,NA,NA,NA,NA,NA,NA,NA,NA,NA,NA,NA,NA,NA,NA,NA,NA,NA,NA,NA,4101,NA,NA,NA,NA
"contig_176 NW_025335057.1",6881,5882,NA,NA,NA,NA,NA,NA,NA,NA,NA,NA,NA,NA,NA,NA,NA,NA,NA,NA,NA,NA,NA,NA,NA,NA,NA,NA,NA,NA,NA,NA,NA,NA,NA,NA,NA,NA,NA,NA,999,NA,NA,NA,NA,NA,NA,NA,NA,NA,NA,NA,NA,NA,NA,NA,NA,NA,NA,NA,NA,NA,NA,NA,NA,NA,NA,NA,NA,NA,NA,NA,NA,NA,NA,NA
"contig_39 NW_025335133.1",28747,23210,198,NA,NA,NA,NA,NA,NA,NA,NA,NA,NA,NA,NA,NA,NA,NA,NA,NA,NA,NA,NA,NA,NA,NA,NA,NA,NA,NA,NA,NA,NA,NA,NA,NA,NA,NA,NA,NA,1266,NA,NA,NA,NA,NA,NA,NA,NA,NA,NA,NA,219,NA,NA,NA,NA,NA,NA,NA,NA,NA,NA,NA,NA,NA,NA,NA,NA,NA,NA,3563,NA,8,NA,283
"contig_144 NW_025335022.1",515,222,NA,NA,NA,NA,NA,NA,NA,NA,NA,NA,NA,NA,NA,NA,NA,NA,NA,NA,NA,NA,NA,NA,NA,NA,NA,NA,NA,NA,NA,NA,NA,NA,NA,NA,NA,NA,NA,NA,293,NA,NA,NA,NA,NA,NA,NA,NA,NA,NA,NA,NA,NA,NA,NA,NA,NA,NA,NA,NA,NA,NA,NA,NA,NA,NA,NA,NA,NA,NA,NA,NA,NA,NA,NA
"contig_12 NW_025334995.1",77950,75883,NA,NA,NA,NA,NA,NA,NA,NA,NA,NA,NA,NA,NA,NA,NA,NA,NA,NA,NA,NA,NA,NA,NA,NA,NA,NA,NA,NA,NA,NA,NA,NA,NA,NA,NA,NA,NA,NA,NA,NA,NA,NA,NA,NA,NA,NA,NA,NA,NA,NA,NA,NA,NA,NA,NA,NA,NA,NA,NA,NA,NA,NA,NA,NA,NA,NA,NA,NA,NA,1807,NA,NA,NA,260
"contig_86 NW_025335185.1",5961,3966,NA,NA,NA,NA,NA,NA,NA,NA,NA,NA,NA,NA,NA,NA,NA,NA,NA,NA,NA,NA,NA,NA,NA,NA,NA,NA,NA,NA,NA,NA,NA,NA,NA,NA,NA,NA,NA,NA,930,NA,NA,NA,NA,NA,NA,NA,NA,NA,NA,NA,NA,NA,NA,NA,NA,NA,NA,NA,NA,NA,NA,NA,NA,NA,NA,NA,NA,NA,NA,1065,NA,NA,NA,NA
"contig_34 NW_025335128.1",35812,31348,NA,NA,NA,NA,NA,NA,NA,NA,NA,NA,NA,NA,NA,NA,NA,NA,NA,NA,NA,NA,NA,NA,NA,NA,NA,NA,NA,NA,NA,NA,NA,NA,NA,NA,NA,NA,NA,NA,1559,NA,NA,NA,NA,NA,NA,NA,NA,NA,NA,NA,NA,NA,NA,NA,NA,NA,NA,NA,NA,NA,NA,NA,NA,NA,NA,NA,NA,NA,NA,2468,NA,NA,NA,437
"contig_56 NW_025335152.1",12605,10722,NA,NA,NA,NA,NA,NA,NA,NA,NA,NA,NA,NA,NA,NA,NA,NA,NA,NA,NA,NA,NA,NA,NA,NA,NA,NA,NA,NA,NA,NA,NA,NA,NA,NA,NA,NA,NA,NA,1643,NA,NA,NA,NA,NA,NA,NA,NA,NA,NA,NA,NA,NA,NA,NA,NA,NA,NA,NA,NA,NA,NA,NA,NA,NA,NA,NA,NA,NA,NA,240,NA,NA,NA,NA
"contig_32 NW_025335126.1",36101,30457,NA,NA,NA,NA,NA,NA,NA,NA,NA,NA,NA,NA,NA,NA,NA,NA,NA,NA,NA,NA,NA,NA,NA,NA,NA,NA,NA,NA,NA,NA,NA,NA,NA,NA,NA,NA,NA,NA,NA,NA,NA,NA,NA,NA,NA,NA,NA,NA,NA,NA,NA,NA,NA,NA,NA,NA,NA,NA,NA,NA,NA,NA,NA,NA,NA,NA,NA,NA,NA,4915,NA,NA,NA,729
"contig_42 NW_025335137.1",25034,21671,NA,NA,NA,NA,NA,NA,NA,NA,NA,NA,NA,NA,NA,NA,NA,NA,NA,NA,NA,NA,NA,NA,NA,NA,NA,NA,NA,NA,NA,NA,NA,NA,NA,NA,NA,NA,NA,NA,NA,NA,NA,NA,NA,NA,NA,NA,NA,NA,NA,NA,NA,NA,NA,NA,NA,NA,NA,NA,NA,NA,NA,NA,NA,NA,NA,NA,NA,NA,NA,2171,NA,NA,NA,1192
"contig_1 NW_025334972.1",117949,87623,381,NA,NA,NA,NA,NA,NA,NA,NA,NA,NA,NA,NA,NA,NA,NA,NA,NA,NA,NA,NA,NA,NA,NA,NA,NA,NA,NA,NA,NA,NA,NA,NA,NA,NA,NA,NA,NA,1947,NA,NA,NA,NA,NA,NA,NA,NA,NA,NA,NA,NA,NA,NA,NA,NA,NA,NA,NA,NA,NA,NA,NA,NA,NA,NA,NA,NA,NA,NA,27998,NA,NA,NA,NA
"contig_19 NW_025335072.1",58503,53592,NA,NA,NA,NA,NA,NA,NA,NA,NA,NA,NA,NA,NA,NA,NA,NA,NA,NA,NA,NA,NA,139,NA,NA,NA,NA,NA,NA,NA,NA,NA,NA,NA,NA,NA,NA,NA,NA,389,NA,NA,NA,NA,NA,NA,NA,NA,NA,NA,NA,NA,NA,NA,NA,NA,NA,NA,NA,NA,NA,NA,NA,NA,NA,NA,NA,NA,NA,NA,3798,NA,82,NA,503
"contig_100 NW_025334974.1",5071,4679,NA,NA,NA,NA,NA,NA,NA,NA,NA,NA,NA,NA,NA,NA,NA,NA,NA,NA,NA,NA,NA,NA,NA,NA,NA,NA,NA,NA,NA,NA,NA,NA,NA,NA,NA,NA,NA,NA,392,NA,NA,NA,NA,NA,NA,NA,NA,NA,NA,NA,NA,NA,NA,NA,NA,NA,NA,NA,NA,NA,NA,NA,NA,NA,NA,NA,NA,NA,NA,NA,NA,NA,NA,NA
"contig_51 NW_025335147.1",17661,13898,NA,NA,NA,NA,NA,NA,NA,NA,NA,NA,NA,NA,NA,NA,NA,NA,NA,NA,NA,NA,NA,NA,NA,NA,NA,NA,NA,NA,NA,NA,NA,NA,NA,NA,NA,NA,NA,NA,830,NA,NA,NA,NA,NA,NA,NA,NA,NA,NA,NA,NA,NA,NA,NA,NA,NA,NA,NA,NA,NA,NA,NA,NA,NA,NA,NA,NA,NA,NA,2933,NA,NA,NA,NA
"contig_25 NW_025335118.1",43648,38687,NA,NA,NA,NA,NA,NA,NA,NA,NA,NA,NA,NA,NA,NA,NA,NA,NA,NA,NA,NA,NA,300,NA,NA,NA,NA,NA,NA,NA,NA,NA,NA,NA,NA,NA,NA,NA,NA,1155,NA,NA,NA,NA,NA,NA,NA,NA,NA,NA,NA,NA,NA,NA,NA,NA,NA,NA,NA,NA,NA,NA,NA,NA,NA,NA,NA,NA,NA,NA,2190,NA,NA,NA,1316
"contig_161 NW_025335041.1",161932,137452,61,NA,NA,NA,NA,NA,NA,NA,NA,NA,NA,NA,NA,NA,NA,NA,NA,NA,NA,NA,NA,2843,NA,NA,NA,NA,NA,NA,NA,NA,NA,NA,NA,NA,NA,NA,NA,NA,8841,NA,NA,NA,NA,NA,NA,NA,NA,NA,NA,NA,43,NA,52,NA,NA,NA,NA,NA,NA,NA,NA,NA,NA,NA,NA,NA,NA,NA,NA,8829,NA,897,NA,2914
"contig_223 NW_025335110.1",124915,113319,752,NA,NA,NA,NA,NA,NA,NA,NA,NA,NA,NA,NA,NA,NA,NA,NA,NA,NA,NA,NA,110,NA,NA,NA,NA,NA,NA,NA,NA,NA,NA,NA,NA,NA,NA,NA,NA,376,NA,NA,NA,NA,NA,NA,NA,NA,NA,NA,NA,NA,NA,NA,NA,NA,NA,NA,NA,NA,NA,NA,NA,NA,NA,NA,NA,NA,NA,NA,7961,NA,NA,NA,2397
"contig_35 NW_025335129.1",30336,23649,NA,NA,NA,NA,NA,NA,NA,NA,NA,NA,NA,NA,NA,NA,NA,NA,NA,NA,NA,NA,NA,NA,NA,NA,NA,NA,NA,NA,NA,NA,NA,NA,NA,NA,NA,NA,NA,NA,3333,NA,NA,NA,NA,NA,NA,NA,NA,NA,NA,NA,NA,NA,NA,NA,NA,NA,NA,NA,NA,NA,NA,NA,NA,NA,NA,NA,NA,NA,NA,2761,NA,2,NA,591
"contig_76 NW_025335174.1",8057,7202,NA,NA,NA,NA,NA,NA,NA,NA,NA,NA,NA,NA,NA,NA,NA,NA,NA,NA,NA,NA,NA,NA,NA,NA,NA,NA,NA,NA,NA,NA,NA,NA,NA,NA,NA,NA,NA,NA,NA,NA,NA,NA,NA,NA,NA,NA,NA,NA,NA,NA,NA,NA,NA,NA,NA,NA,NA,NA,NA,NA,NA,NA,NA,NA,NA,NA,NA,NA,NA,686,NA,NA,NA,169
"contig_16 NW_025335039.1",64270,58751,NA,NA,NA,NA,NA,NA,NA,NA,NA,NA,NA,NA,NA,NA,NA,NA,NA,NA,NA,NA,NA,NA,NA,NA,NA,NA,NA,NA,NA,NA,NA,NA,NA,NA,NA,NA,NA,NA,2815,NA,NA,NA,NA,NA,NA,NA,NA,NA,NA,NA,NA,NA,NA,NA,NA,NA,NA,NA,NA,NA,NA,NA,NA,NA,NA,NA,NA,NA,NA,2704,NA,NA,NA,NA
"contig_195 NW_025335078.1",318628,309489,379,NA,NA,NA,NA,NA,NA,NA,NA,NA,NA,NA,NA,NA,NA,NA,NA,NA,NA,NA,NA,NA,NA,NA,NA,NA,NA,NA,NA,NA,NA,NA,NA,NA,NA,NA,NA,NA,NA,NA,NA,NA,NA,NA,NA,NA,NA,NA,NA,NA,NA,NA,NA,NA,NA,NA,NA,NA,NA,NA,NA,NA,NA,NA,NA,NA,NA,NA,NA,8530,NA,NA,NA,230
"contig_67 NW_025335164.1",9220,7728,573,NA,NA,NA,NA,NA,NA,NA,NA,NA,NA,NA,NA,NA,NA,NA,NA,NA,NA,NA,NA,NA,NA,NA,NA,NA,NA,NA,NA,NA,NA,NA,NA,NA,NA,NA,NA,NA,NA,NA,NA,NA,NA,NA,NA,NA,NA,NA,NA,NA,NA,NA,NA,NA,NA,NA,NA,NA,NA,NA,NA,NA,NA,NA,NA,NA,NA,NA,NA,919,NA,NA,NA,NA
"contig_127 NW_025335003.1",2847,1356,NA,NA,NA,NA,NA,NA,NA,NA,NA,NA,NA,NA,NA,NA,NA,NA,NA,NA,NA,NA,NA,1491,NA,NA,NA,NA,NA,NA,NA,NA,NA,NA,NA,NA,NA,NA,NA,NA,NA,NA,NA,NA,NA,NA,NA,NA,NA,NA,NA,NA,NA,NA,NA,NA,NA,NA,NA,NA,NA,NA,NA,NA,NA,NA,NA,NA,NA,NA,NA,NA,NA,NA,NA,NA
"contig_20 NW_025335084.1",52764,48112,NA,NA,NA,NA,NA,NA,NA,NA,NA,NA,NA,NA,NA,NA,NA,NA,NA,NA,NA,NA,NA,NA,NA,NA,NA,NA,NA,NA,NA,NA,NA,NA,NA,NA,NA,NA,NA,NA,752,NA,NA,NA,NA,NA,NA,NA,NA,NA,NA,NA,27,NA,NA,NA,NA,NA,NA,NA,NA,NA,NA,NA,NA,NA,NA,NA,NA,NA,NA,3873,NA,NA,NA,NA
"contig_70 NW_025335168.1",9745,5563,696,NA,NA,NA,NA,NA,NA,NA,NA,NA,NA,NA,NA,NA,NA,NA,NA,NA,NA,NA,NA,NA,NA,NA,NA,NA,NA,NA,NA,NA,NA,NA,NA,NA,NA,NA,NA,NA,NA,NA,NA,NA,NA,NA,NA,NA,NA,NA,NA,NA,NA,NA,NA,NA,NA,NA,NA,NA,NA,NA,NA,NA,NA,NA,NA,NA,NA,NA,NA,650,NA,213,NA,2623
"contig_83 NW_025335182.1",6447,5054,NA,NA,NA,NA,NA,NA,NA,NA,NA,NA,NA,NA,NA,NA,NA,NA,NA,NA,NA,NA,NA,312,NA,NA,NA,NA,NA,NA,NA,NA,NA,NA,NA,NA,NA,NA,NA,NA,NA,NA,NA,NA,NA,NA,NA,NA,NA,NA,NA,NA,NA,NA,NA,NA,NA,NA,NA,NA,NA,NA,NA,NA,NA,NA,NA,NA,NA,NA,NA,1081,NA,NA,NA,NA
"contig_61 NW_025335158.1",10899,9520,NA,NA,NA,NA,NA,NA,NA,NA,NA,NA,NA,NA,NA,NA,NA,NA,NA,NA,NA,NA,NA,NA,NA,NA,NA,NA,NA,NA,NA,NA,NA,NA,NA,NA,NA,NA,NA,NA,NA,NA,NA,NA,NA,NA,NA,NA,NA,NA,NA,NA,NA,NA,NA,901,NA,NA,NA,NA,NA,NA,NA,NA,NA,NA,NA,NA,NA,NA,NA,478,NA,NA,NA,NA
"contig_14 NW_025335017.1",72643,70474,NA,NA,NA,NA,NA,NA,NA,NA,NA,NA,NA,NA,NA,NA,NA,NA,NA,NA,NA,NA,NA,NA,NA,NA,NA,NA,NA,NA,NA,NA,NA,NA,NA,NA,NA,NA,NA,NA,NA,NA,NA,NA,NA,NA,NA,NA,NA,NA,NA,NA,NA,NA,NA,NA,NA,NA,NA,NA,NA,NA,NA,NA,NA,NA,NA,NA,NA,NA,NA,2132,NA,NA,NA,37
"contig_50 NW_025335146.1",16308,14882,NA,NA,NA,NA,NA,NA,NA,NA,NA,NA,NA,NA,NA,NA,NA,NA,NA,NA,NA,NA,NA,NA,NA,NA,NA,NA,NA,NA,NA,NA,NA,NA,NA,NA,NA,NA,NA,NA,NA,NA,NA,NA,NA,NA,NA,NA,NA,NA,NA,NA,NA,NA,NA,NA,NA,NA,NA,NA,NA,NA,NA,NA,NA,NA,NA,NA,NA,NA,NA,1285,NA,NA,NA,141
"contig_169 NW_025335049.1",17957,12797,NA,NA,NA,NA,NA,NA,NA,NA,NA,NA,NA,NA,NA,NA,NA,NA,NA,NA,NA,NA,NA,NA,NA,NA,NA,NA,NA,NA,NA,NA,NA,NA,NA,NA,NA,NA,NA,NA,1000,NA,NA,NA,NA,NA,NA,NA,NA,NA,NA,NA,NA,NA,NA,NA,NA,NA,NA,NA,NA,NA,NA,NA,NA,NA,NA,NA,NA,NA,NA,4160,NA,NA,NA,NA
"contig_119 NW_025334994.1",3947,3423,NA,NA,NA,NA,NA,NA,NA,NA,NA,NA,NA,NA,NA,NA,NA,NA,NA,NA,NA,NA,NA,NA,NA,NA,NA,NA,NA,NA,NA,NA,NA,NA,NA,NA,NA,NA,NA,NA,NA,NA,NA,NA,NA,NA,NA,NA,NA,NA,NA,NA,NA,NA,NA,NA,NA,NA,NA,NA,NA,NA,NA,NA,NA,NA,NA,NA,NA,NA,NA,19,NA,11,NA,494
"contig_6 NW_025335156.1",96886,42411,NA,NA,NA,NA,NA,NA,NA,NA,NA,NA,NA,NA,NA,NA,NA,NA,NA,NA,NA,NA,NA,NA,NA,NA,NA,NA,NA,NA,NA,NA,NA,NA,NA,NA,NA,NA,NA,NA,NA,NA,NA,NA,NA,NA,NA,NA,NA,NA,NA,NA,NA,NA,NA,NA,NA,NA,NA,NA,NA,NA,NA,NA,NA,NA,NA,NA,NA,NA,NA,27458,NA,1817,NA,25200
"contig_9 NW_025335189.1",81186,67371,NA,NA,NA,NA,NA,NA,NA,NA,NA,NA,NA,NA,NA,NA,NA,NA,NA,NA,NA,NA,NA,94,NA,NA,NA,NA,NA,NA,NA,NA,NA,NA,NA,NA,NA,NA,NA,NA,7191,NA,NA,NA,NA,NA,NA,NA,NA,NA,NA,NA,NA,NA,NA,NA,NA,NA,NA,NA,NA,NA,NA,NA,NA,NA,NA,NA,NA,NA,NA,6530,NA,NA,NA,NA
"contig_217 NW_025335103.1",149339,141898,395,NA,NA,NA,NA,NA,NA,NA,NA,NA,NA,NA,NA,NA,NA,NA,NA,NA,NA,NA,NA,76,NA,NA,NA,NA,NA,NA,NA,NA,NA,NA,NA,NA,NA,NA,NA,NA,NA,NA,NA,NA,NA,NA,NA,NA,NA,NA,NA,NA,NA,NA,NA,NA,NA,NA,NA,NA,NA,NA,NA,NA,NA,NA,NA,NA,NA,NA,NA,6498,NA,31,NA,441
"contig_26 NW_025335119.1",42660,41208,NA,NA,NA,NA,NA,NA,NA,NA,NA,NA,NA,NA,NA,NA,NA,NA,NA,NA,NA,NA,NA,NA,NA,NA,NA,NA,NA,NA,NA,NA,NA,NA,NA,NA,NA,NA,NA,NA,1304,NA,NA,NA,NA,NA,NA,NA,NA,NA,NA,NA,NA,NA,NA,NA,NA,NA,NA,NA,NA,NA,NA,NA,NA,NA,NA,NA,NA,NA,NA,148,NA,NA,NA,NA
"contig_21 NW_025335095.1",56059,52194,1043,NA,NA,NA,NA,NA,NA,NA,NA,NA,NA,NA,NA,NA,NA,NA,NA,NA,NA,NA,NA,NA,NA,NA,NA,NA,NA,NA,NA,NA,NA,NA,NA,NA,NA,NA,NA,NA,705,NA,NA,NA,NA,NA,NA,NA,NA,NA,NA,NA,NA,NA,NA,NA,NA,NA,NA,NA,NA,NA,NA,NA,NA,NA,NA,NA,NA,NA,NA,2084,NA,NA,NA,33
"contig_227 NW_025335114.1",106594,99640,195,NA,NA,NA,NA,NA,NA,NA,NA,NA,NA,NA,NA,NA,NA,NA,NA,NA,NA,NA,NA,76,NA,NA,NA,NA,NA,NA,NA,NA,NA,NA,NA,NA,NA,NA,NA,NA,129,NA,NA,NA,NA,NA,NA,NA,NA,NA,NA,NA,NA,NA,NA,NA,NA,NA,NA,NA,NA,NA,NA,NA,NA,NA,NA,NA,NA,NA,NA,6126,NA,NA,NA,428
"contig_60 NW_025335157.1",11808,10762,NA,NA,NA,NA,NA,NA,NA,NA,NA,NA,NA,NA,NA,NA,NA,NA,NA,NA,NA,NA,NA,NA,NA,NA,NA,NA,NA,NA,NA,NA,NA,NA,NA,NA,NA,NA,NA,NA,661,NA,NA,NA,NA,NA,NA,NA,NA,NA,NA,NA,NA,NA,NA,NA,NA,NA,NA,NA,NA,NA,NA,NA,NA,NA,NA,NA,NA,NA,NA,385,NA,NA,NA,NA
"contig_79 NW_025335177.1",7541,6666,NA,NA,NA,NA,NA,NA,NA,NA,NA,NA,NA,NA,NA,NA,NA,NA,NA,NA,NA,NA,NA,NA,NA,NA,NA,NA,NA,NA,NA,NA,NA,NA,NA,NA,NA,NA,NA,NA,845,NA,NA,NA,NA,NA,NA,NA,NA,NA,NA,NA,3,NA,NA,NA,NA,NA,NA,NA,NA,NA,NA,NA,NA,NA,NA,NA,NA,NA,NA,27,NA,NA,NA,NA
"contig_40 NW_025335135.1",26238,24975,NA,NA,NA,NA,NA,NA,NA,NA,NA,NA,NA,NA,NA,NA,NA,NA,NA,NA,NA,NA,NA,NA,NA,NA,NA,NA,NA,NA,NA,NA,NA,NA,NA,NA,NA,NA,NA,NA,326,NA,NA,NA,NA,NA,NA,NA,NA,NA,NA,NA,NA,NA,NA,NA,NA,NA,NA,NA,NA,NA,NA,NA,NA,NA,NA,NA,NA,NA,NA,937,NA,NA,NA,NA
"contig_43 NW_025335138.1",23707,23400,NA,NA,NA,NA,NA,NA,NA,NA,NA,NA,NA,NA,NA,NA,NA,NA,NA,NA,NA,NA,NA,NA,NA,NA,NA,NA,NA,NA,NA,NA,NA,NA,NA,NA,NA,NA,NA,NA,129,NA,NA,NA,NA,NA,NA,NA,NA,NA,NA,NA,NA,NA,NA,NA,NA,NA,NA,NA,NA,NA,NA,NA,NA,NA,NA,NA,NA,NA,NA,178,NA,NA,NA,NA
"contig_101 NW_025334975.1",5356,4548,NA,NA,NA,NA,NA,NA,NA,NA,NA,NA,NA,NA,NA,NA,NA,NA,NA,NA,NA,NA,NA,NA,NA,NA,NA,NA,NA,NA,NA,NA,NA,NA,NA,NA,NA,NA,NA,NA,NA,NA,NA,NA,NA,NA,NA,NA,NA,NA,NA,NA,NA,NA,NA,NA,NA,NA,NA,NA,NA,NA,NA,NA,NA,NA,NA,NA,NA,NA,NA,808,NA,NA,NA,NA
"contig_102 NW_025334976.1",4446,1907,NA,NA,NA,NA,NA,NA,NA,NA,NA,NA,NA,NA,NA,NA,NA,NA,NA,NA,NA,NA,NA,NA,NA,NA,NA,NA,NA,NA,NA,NA,NA,NA,NA,NA,NA,NA,NA,NA,NA,NA,NA,NA,NA,NA,NA,NA,NA,NA,NA,NA,NA,NA,NA,NA,NA,NA,NA,NA,NA,NA,NA,NA,NA,NA,NA,NA,NA,NA,NA,2539,NA,NA,NA,NA
"contig_103 NW_025334977.1",938,354,NA,NA,NA,NA,NA,NA,NA,NA,NA,NA,NA,NA,NA,NA,NA,NA,NA,NA,NA,NA,NA,NA,NA,NA,NA,NA,NA,NA,NA,NA,NA,NA,NA,NA,NA,NA,NA,NA,NA,NA,NA,NA,NA,NA,NA,NA,NA,NA,NA,NA,NA,NA,NA,NA,NA,NA,NA,NA,NA,NA,NA,NA,NA,NA,NA,NA,NA,NA,NA,584,NA,NA,NA,NA
"contig_104 NW_025334978.1",513,15,NA,NA,NA,NA,NA,NA,NA,NA,NA,NA,NA,NA,NA,NA,NA,NA,NA,NA,NA,NA,NA,NA,NA,NA,NA,NA,NA,NA,NA,NA,NA,NA,NA,NA,NA,NA,NA,NA,NA,NA,NA,NA,NA,NA,NA,NA,NA,NA,NA,NA,NA,NA,NA,NA,NA,NA,NA,NA,NA,NA,NA,NA,NA,NA,NA,NA,NA,NA,NA,498,NA,NA,NA,NA
"contig_106 NW_025334980.1",5319,4371,NA,NA,NA,NA,NA,NA,NA,NA,NA,NA,NA,NA,NA,NA,NA,NA,NA,NA,NA,NA,NA,NA,NA,NA,NA,NA,NA,NA,NA,NA,NA,NA,NA,NA,NA,NA,NA,NA,NA,NA,NA,NA,NA,NA,NA,NA,NA,NA,NA,NA,NA,NA,NA,NA,NA,NA,NA,NA,NA,NA,NA,NA,NA,NA,NA,NA,NA,NA,NA,948,NA,NA,NA,NA
"contig_107 NW_025334981.1",4853,4392,NA,NA,NA,NA,NA,NA,NA,NA,NA,NA,NA,NA,NA,NA,NA,NA,NA,NA,NA,NA,NA,NA,NA,NA,NA,NA,NA,NA,NA,NA,NA,NA,NA,NA,NA,NA,NA,NA,NA,NA,NA,NA,NA,NA,NA,NA,NA,NA,NA,NA,NA,NA,NA,NA,NA,NA,NA,NA,NA,NA,NA,NA,NA,NA,NA,NA,NA,NA,NA,461,NA,NA,NA,NA
"contig_108 NW_025334982.1",5043,4118,NA,NA,NA,NA,NA,NA,NA,NA,NA,NA,NA,NA,NA,NA,NA,NA,NA,NA,NA,NA,NA,NA,NA,NA,NA,NA,NA,NA,NA,NA,NA,NA,NA,NA,NA,NA,NA,NA,NA,NA,NA,NA,NA,NA,NA,NA,NA,NA,NA,NA,NA,NA,NA,NA,NA,NA,NA,NA,NA,NA,NA,NA,NA,NA,NA,NA,NA,NA,NA,925,NA,NA,NA,NA
"contig_11 NW_025334984.1",5986,5855,NA,NA,NA,NA,NA,NA,NA,NA,NA,NA,NA,NA,NA,NA,NA,NA,NA,NA,NA,NA,NA,NA,NA,NA,NA,NA,NA,NA,NA,NA,NA,NA,NA,NA,NA,NA,NA,NA,NA,NA,NA,NA,NA,NA,NA,NA,NA,NA,NA,NA,NA,NA,NA,NA,NA,NA,NA,NA,NA,NA,NA,NA,NA,NA,NA,NA,NA,NA,NA,131,NA,NA,NA,NA
"contig_110 NW_025334985.1",4595,1036,NA,NA,NA,NA,NA,NA,NA,NA,NA,NA,NA,NA,NA,NA,NA,NA,NA,NA,NA,NA,NA,NA,NA,NA,NA,NA,NA,NA,NA,NA,NA,NA,NA,NA,NA,NA,NA,NA,NA,NA,NA,NA,NA,NA,NA,NA,NA,NA,NA,NA,NA,NA,NA,NA,NA,NA,NA,NA,NA,NA,NA,NA,NA,NA,NA,NA,NA,NA,NA,3559,NA,NA,NA,NA
"contig_111 NW_025334986.1",4468,4353,NA,NA,NA,NA,NA,NA,NA,NA,NA,NA,NA,NA,NA,NA,NA,NA,NA,NA,NA,NA,NA,NA,NA,NA,NA,NA,NA,NA,NA,NA,NA,NA,NA,NA,NA,NA,NA,NA,NA,NA,NA,NA,NA,NA,NA,NA,NA,NA,NA,NA,NA,NA,NA,NA,NA,NA,NA,NA,NA,NA,NA,NA,NA,NA,NA,NA,NA,NA,NA,115,NA,NA,NA,NA
"contig_112 NW_025334987.1",4869,4121,NA,NA,NA,NA,NA,NA,NA,NA,NA,NA,NA,NA,NA,NA,NA,NA,NA,NA,NA,NA,NA,NA,NA,NA,NA,NA,NA,NA,NA,NA,NA,NA,NA,NA,NA,NA,NA,NA,NA,NA,NA,NA,NA,NA,NA,NA,NA,NA,NA,NA,NA,NA,NA,NA,NA,NA,NA,NA,NA,NA,NA,NA,NA,NA,NA,NA,NA,NA,NA,748,NA,NA,NA,NA
"contig_118 NW_025334993.1",3042,3017,NA,NA,NA,NA,NA,NA,NA,NA,NA,NA,NA,NA,NA,NA,NA,NA,NA,NA,NA,NA,NA,NA,NA,NA,NA,NA,NA,NA,NA,NA,NA,NA,NA,NA,NA,NA,NA,NA,NA,NA,NA,NA,NA,NA,NA,NA,NA,NA,NA,NA,NA,NA,NA,NA,NA,NA,NA,NA,NA,NA,NA,NA,NA,NA,NA,NA,NA,NA,NA,25,NA,NA,NA,NA
"contig_120 NW_025334996.1",3308,2751,NA,NA,NA,NA,NA,NA,NA,NA,NA,NA,NA,NA,NA,NA,NA,NA,NA,NA,NA,NA,NA,NA,NA,NA,NA,NA,NA,NA,NA,NA,NA,NA,NA,NA,NA,NA,NA,NA,NA,NA,NA,NA,NA,NA,NA,NA,NA,NA,NA,NA,NA,NA,NA,NA,NA,NA,NA,NA,NA,NA,NA,NA,NA,NA,NA,NA,NA,NA,NA,557,NA,NA,NA,NA
"contig_121 NW_025334997.1",3609,3514,NA,NA,NA,NA,NA,NA,NA,NA,NA,NA,NA,NA,NA,NA,NA,NA,NA,NA,NA,NA,NA,NA,NA,NA,NA,NA,NA,NA,NA,NA,NA,NA,NA,NA,NA,NA,NA,NA,NA,NA,NA,NA,NA,NA,NA,NA,NA,NA,NA,NA,NA,NA,NA,NA,NA,NA,NA,NA,NA,NA,NA,NA,NA,NA,NA,NA,NA,NA,NA,95,NA,NA,NA,NA
"contig_122 NW_025334998.1",675,225,NA,NA,NA,NA,NA,NA,NA,NA,NA,NA,NA,NA,NA,NA,NA,NA,NA,NA,NA,NA,NA,NA,NA,NA,NA,NA,NA,NA,NA,NA,NA,NA,NA,NA,NA,NA,NA,NA,NA,NA,NA,NA,NA,NA,NA,NA,NA,NA,NA,NA,NA,NA,NA,NA,NA,NA,NA,NA,NA,NA,NA,NA,NA,NA,NA,NA,NA,NA,NA,450,NA,NA,NA,NA
"contig_123 NW_025334999.1",2855,1613,NA,NA,NA,NA,NA,NA,NA,NA,NA,NA,NA,NA,NA,NA,NA,NA,NA,NA,NA,NA,NA,NA,NA,NA,NA,NA,NA,NA,NA,NA,NA,NA,NA,NA,NA,NA,NA,NA,NA,NA,NA,NA,NA,NA,NA,NA,NA,NA,NA,NA,NA,NA,NA,NA,NA,NA,NA,NA,NA,NA,NA,NA,NA,NA,NA,NA,NA,NA,NA,1242,NA,NA,NA,NA
"contig_124 NW_025335000.1",3174,2308,NA,NA,NA,NA,NA,NA,NA,NA,NA,NA,NA,NA,NA,NA,NA,NA,NA,NA,NA,NA,NA,NA,NA,NA,NA,NA,NA,NA,NA,NA,NA,NA,NA,NA,NA,NA,NA,NA,NA,NA,NA,NA,NA,NA,NA,NA,NA,NA,NA,NA,NA,NA,NA,NA,NA,NA,NA,NA,NA,NA,NA,NA,NA,NA,NA,NA,NA,NA,NA,866,NA,NA,NA,NA
"contig_125 NW_025335001.1",1826,1399,NA,NA,NA,NA,NA,NA,NA,NA,NA,NA,NA,NA,NA,NA,NA,NA,NA,NA,NA,NA,NA,NA,NA,NA,NA,NA,NA,NA,NA,NA,NA,NA,NA,NA,NA,NA,NA,NA,NA,NA,NA,NA,NA,NA,NA,NA,NA,NA,NA,NA,NA,NA,NA,NA,NA,NA,NA,NA,NA,NA,NA,NA,NA,NA,NA,NA,NA,NA,NA,427,NA,NA,NA,NA
"contig_126 NW_025335002.1",2269,70,NA,NA,NA,NA,NA,NA,NA,NA,NA,NA,NA,NA,NA,NA,NA,NA,NA,NA,NA,NA,NA,NA,NA,NA,NA,NA,NA,NA,NA,NA,NA,NA,NA,NA,NA,NA,NA,NA,NA,NA,NA,NA,NA,NA,NA,NA,NA,NA,NA,NA,NA,NA,NA,NA,NA,NA,NA,NA,NA,NA,NA,NA,NA,NA,NA,NA,NA,NA,NA,2199,NA,NA,NA,NA
"contig_128 NW_025335004.1",2773,1776,NA,NA,NA,NA,NA,NA,NA,NA,NA,NA,NA,NA,NA,NA,NA,NA,NA,NA,NA,NA,NA,NA,NA,NA,NA,NA,NA,NA,NA,NA,NA,NA,NA,NA,NA,NA,NA,NA,NA,NA,NA,NA,NA,NA,NA,NA,NA,NA,NA,NA,NA,NA,NA,NA,NA,NA,NA,NA,NA,NA,NA,NA,NA,NA,NA,NA,NA,NA,NA,997,NA,NA,NA,NA
"contig_131 NW_025335008.1",1769,880,NA,NA,NA,NA,NA,NA,NA,NA,NA,NA,NA,NA,NA,NA,NA,NA,NA,NA,NA,NA,NA,NA,NA,NA,NA,NA,NA,NA,NA,NA,NA,NA,NA,NA,NA,NA,NA,NA,NA,NA,NA,NA,NA,NA,NA,NA,NA,NA,NA,NA,NA,NA,NA,NA,NA,NA,NA,NA,NA,NA,NA,NA,NA,NA,NA,NA,NA,NA,NA,889,NA,NA,NA,NA
"contig_132 NW_025335009.1",2715,2360,NA,NA,NA,NA,NA,NA,NA,NA,NA,NA,NA,NA,NA,NA,NA,NA,NA,NA,NA,NA,NA,NA,NA,NA,NA,NA,NA,NA,NA,NA,NA,NA,NA,NA,NA,NA,NA,NA,NA,NA,NA,NA,NA,NA,NA,NA,NA,NA,NA,NA,NA,NA,NA,NA,NA,NA,NA,NA,NA,NA,NA,NA,NA,NA,NA,NA,NA,NA,NA,355,NA,NA,NA,NA
"contig_134 NW_025335011.1",2410,1902,NA,NA,NA,NA,NA,NA,NA,NA,NA,NA,NA,NA,NA,NA,NA,NA,NA,NA,NA,NA,NA,NA,NA,NA,NA,NA,NA,NA,NA,NA,NA,NA,NA,NA,NA,NA,NA,NA,NA,NA,NA,NA,NA,NA,NA,NA,NA,NA,NA,NA,NA,NA,NA,NA,NA,NA,NA,NA,NA,NA,NA,NA,NA,NA,NA,NA,NA,NA,NA,508,NA,NA,NA,NA
"contig_137 NW_025335014.1",1561,1049,NA,NA,NA,NA,NA,NA,NA,NA,NA,NA,NA,NA,NA,NA,NA,NA,NA,NA,NA,NA,NA,NA,NA,NA,NA,NA,NA,NA,NA,NA,NA,NA,NA,NA,NA,NA,NA,NA,NA,NA,NA,NA,NA,NA,NA,NA,NA,NA,NA,NA,NA,NA,NA,NA,NA,NA,NA,NA,NA,NA,NA,NA,NA,NA,NA,NA,NA,NA,NA,512,NA,NA,NA,NA
"contig_146 NW_025335024.1",714,0,NA,NA,NA,NA,NA,NA,NA,NA,NA,NA,NA,NA,NA,NA,NA,NA,NA,NA,NA,NA,NA,NA,NA,NA,NA,NA,NA,NA,NA,NA,NA,NA,NA,NA,NA,NA,NA,NA,NA,NA,NA,NA,NA,NA,NA,NA,NA,NA,NA,NA,NA,NA,NA,NA,NA,NA,NA,NA,NA,NA,NA,NA,NA,NA,NA,NA,NA,NA,NA,714,NA,NA,NA,NA
"contig_174 NW_025335055.1",2320,1752,NA,NA,NA,NA,NA,NA,NA,NA,NA,NA,NA,NA,NA,NA,NA,NA,NA,NA,NA,NA,NA,NA,NA,NA,NA,NA,NA,NA,NA,NA,NA,NA,NA,NA,NA,NA,NA,NA,NA,NA,NA,NA,NA,NA,NA,NA,NA,NA,NA,NA,NA,NA,NA,NA,NA,NA,NA,NA,NA,NA,NA,NA,NA,NA,NA,NA,NA,NA,NA,568,NA,NA,NA,NA
"contig_205 NW_025335090.1",8988,7300,NA,NA,NA,NA,NA,NA,NA,NA,NA,NA,NA,NA,NA,NA,NA,NA,NA,NA,NA,NA,NA,NA,NA,NA,NA,NA,NA,NA,NA,NA,NA,NA,NA,NA,NA,NA,NA,NA,NA,NA,NA,NA,NA,NA,NA,NA,NA,NA,NA,NA,NA,NA,NA,NA,NA,NA,NA,NA,NA,NA,NA,NA,NA,NA,NA,NA,NA,NA,NA,1688,NA,NA,NA,NA
"contig_212 NW_025335098.1",177402,40010,NA,NA,NA,NA,NA,NA,NA,NA,NA,NA,NA,NA,NA,NA,NA,NA,NA,NA,NA,NA,NA,NA,NA,NA,NA,NA,NA,NA,NA,NA,NA,NA,NA,NA,NA,NA,NA,NA,NA,NA,NA,NA,NA,NA,NA,NA,NA,NA,NA,NA,NA,NA,NA,NA,NA,NA,NA,NA,NA,NA,NA,NA,NA,NA,NA,NA,NA,NA,NA,137392,NA,NA,NA,NA
"contig_220 NW_025335107.1",139769,31878,NA,NA,NA,NA,NA,NA,NA,NA,NA,NA,NA,NA,NA,NA,NA,NA,NA,NA,NA,NA,NA,NA,NA,NA,NA,NA,NA,NA,NA,NA,NA,NA,NA,NA,NA,NA,NA,NA,NA,NA,NA,NA,NA,NA,NA,NA,NA,NA,NA,NA,NA,NA,NA,NA,NA,NA,NA,NA,NA,NA,NA,NA,NA,NA,NA,NA,NA,NA,NA,107891,NA,NA,NA,NA
"contig_222 NW_025335109.1",124528,19654,NA,NA,NA,NA,NA,NA,NA,NA,NA,NA,NA,NA,NA,NA,NA,NA,NA,NA,NA,NA,NA,NA,NA,NA,NA,NA,NA,NA,NA,NA,NA,NA,NA,NA,NA,NA,NA,NA,NA,NA,NA,NA,NA,NA,NA,NA,NA,NA,NA,NA,NA,NA,NA,NA,NA,NA,NA,NA,NA,NA,NA,NA,NA,NA,NA,NA,NA,NA,NA,104874,NA,NA,NA,NA
"contig_30 NW_025335124.1",37695,33132,NA,NA,NA,NA,NA,NA,NA,NA,NA,NA,NA,NA,NA,NA,NA,NA,NA,NA,NA,NA,NA,NA,NA,NA,NA,NA,NA,NA,NA,NA,NA,NA,NA,NA,NA,NA,NA,NA,NA,NA,NA,NA,NA,NA,NA,NA,NA,NA,NA,NA,NA,NA,NA,NA,NA,NA,NA,NA,NA,NA,NA,NA,NA,NA,NA,NA,NA,NA,NA,4563,NA,NA,NA,NA
"contig_37 NW_025335131.1",29215,26992,NA,NA,NA,NA,NA,NA,NA,NA,NA,NA,NA,NA,NA,NA,NA,NA,NA,NA,NA,NA,NA,NA,NA,NA,NA,NA,NA,NA,NA,NA,NA,NA,NA,NA,NA,NA,NA,NA,NA,NA,NA,NA,NA,NA,NA,NA,NA,NA,NA,NA,NA,NA,NA,NA,NA,NA,NA,NA,NA,NA,NA,NA,NA,NA,NA,NA,NA,NA,NA,2223,NA,NA,NA,NA
"contig_41 NW_025335136.1",11633,11387,NA,NA,NA,NA,NA,NA,NA,NA,NA,NA,NA,NA,NA,NA,NA,NA,NA,NA,NA,NA,NA,NA,NA,NA,NA,NA,NA,NA,NA,NA,NA,NA,NA,NA,NA,NA,NA,NA,NA,NA,NA,NA,NA,NA,NA,NA,NA,NA,NA,NA,NA,NA,NA,NA,NA,NA,NA,NA,NA,NA,NA,NA,NA,NA,NA,NA,NA,NA,NA,246,NA,NA,NA,NA
"contig_45 NW_025335140.1",22142,21888,NA,NA,NA,NA,NA,NA,NA,NA,NA,NA,NA,NA,NA,NA,NA,NA,NA,NA,NA,NA,NA,NA,NA,NA,NA,NA,NA,NA,NA,NA,NA,NA,NA,NA,NA,NA,NA,NA,NA,NA,NA,NA,NA,NA,NA,NA,NA,NA,NA,NA,NA,NA,NA,NA,NA,NA,NA,NA,NA,NA,NA,NA,NA,NA,NA,NA,NA,NA,NA,254,NA,NA,NA,NA
"contig_48 NW_025335143.1",9071,1283,NA,NA,NA,NA,NA,NA,NA,NA,NA,NA,NA,NA,NA,NA,NA,NA,NA,NA,NA,NA,NA,NA,NA,NA,NA,NA,NA,NA,NA,NA,NA,NA,NA,NA,NA,NA,NA,NA,NA,NA,NA,NA,NA,NA,NA,NA,NA,NA,NA,NA,NA,NA,NA,NA,NA,NA,NA,NA,NA,NA,NA,NA,NA,NA,NA,NA,NA,NA,NA,7788,NA,NA,NA,NA
"contig_52 NW_025335148.1",5548,196,NA,NA,NA,NA,NA,NA,NA,NA,NA,NA,NA,NA,NA,NA,NA,NA,NA,NA,NA,NA,NA,NA,NA,NA,NA,NA,NA,NA,NA,NA,NA,NA,NA,NA,NA,NA,NA,NA,NA,NA,NA,NA,NA,NA,NA,NA,NA,NA,NA,NA,NA,NA,NA,NA,NA,NA,NA,NA,NA,NA,NA,NA,NA,NA,NA,NA,NA,NA,NA,5352,NA,NA,NA,NA
"contig_54 NW_025335150.1",14774,14149,NA,NA,NA,NA,NA,NA,NA,NA,NA,NA,NA,NA,NA,NA,NA,NA,NA,NA,NA,NA,NA,NA,NA,NA,NA,NA,NA,NA,NA,NA,NA,NA,NA,NA,NA,NA,NA,NA,NA,NA,NA,NA,NA,NA,NA,NA,NA,NA,NA,NA,NA,NA,NA,NA,NA,NA,NA,NA,NA,NA,NA,NA,NA,NA,NA,NA,NA,NA,NA,625,NA,NA,NA,NA
"contig_57 NW_025335153.1",12834,12397,NA,NA,NA,NA,NA,NA,NA,NA,NA,NA,NA,NA,NA,NA,NA,NA,NA,NA,NA,NA,NA,NA,NA,NA,NA,NA,NA,NA,NA,NA,NA,NA,NA,NA,NA,NA,NA,NA,NA,NA,NA,NA,NA,NA,NA,NA,NA,NA,NA,NA,NA,NA,NA,NA,NA,NA,NA,NA,NA,NA,NA,NA,NA,NA,NA,NA,NA,NA,NA,437,NA,NA,NA,NA
"contig_59 NW_025335155.1",11321,10352,NA,NA,NA,NA,NA,NA,NA,NA,NA,NA,NA,NA,NA,NA,NA,NA,NA,NA,NA,NA,NA,NA,NA,NA,NA,NA,NA,NA,NA,NA,NA,NA,NA,NA,NA,NA,NA,NA,NA,NA,NA,NA,NA,NA,NA,NA,NA,NA,NA,NA,NA,NA,NA,NA,NA,NA,NA,NA,NA,NA,NA,NA,NA,NA,NA,NA,NA,NA,NA,969,NA,NA,NA,NA
"contig_62 NW_025335159.1",11169,10548,NA,NA,NA,NA,NA,NA,NA,NA,NA,NA,NA,NA,NA,NA,NA,NA,NA,NA,NA,NA,NA,NA,NA,NA,NA,NA,NA,NA,NA,NA,NA,NA,NA,NA,NA,NA,NA,NA,NA,NA,NA,NA,NA,NA,NA,NA,NA,NA,NA,NA,NA,NA,NA,NA,NA,NA,NA,NA,NA,NA,NA,NA,NA,NA,NA,NA,NA,NA,NA,621,NA,NA,NA,NA
"contig_63 NW_025335160.1",10936,7897,NA,NA,NA,NA,NA,NA,NA,NA,NA,NA,NA,NA,NA,NA,NA,NA,NA,NA,NA,NA,NA,NA,NA,NA,NA,NA,NA,NA,NA,NA,NA,NA,NA,NA,NA,NA,NA,NA,NA,NA,NA,NA,NA,NA,NA,NA,NA,NA,NA,NA,NA,NA,NA,NA,NA,NA,NA,NA,NA,NA,NA,NA,NA,NA,NA,NA,NA,NA,NA,3039,NA,NA,NA,NA
"contig_65 NW_025335162.1",4336,3961,NA,NA,NA,NA,NA,NA,NA,NA,NA,NA,NA,NA,NA,NA,NA,NA,NA,NA,NA,NA,NA,NA,NA,NA,NA,NA,NA,NA,NA,NA,NA,NA,NA,NA,NA,NA,NA,NA,NA,NA,NA,NA,NA,NA,NA,NA,NA,NA,NA,NA,NA,NA,NA,NA,NA,NA,NA,NA,NA,NA,NA,NA,NA,NA,NA,NA,NA,NA,NA,375,NA,NA,NA,NA
"contig_68 NW_025335165.1",9776,9104,NA,NA,NA,NA,NA,NA,NA,NA,NA,NA,NA,NA,NA,NA,NA,NA,NA,NA,NA,NA,NA,NA,NA,NA,NA,NA,NA,NA,NA,NA,NA,NA,NA,NA,NA,NA,NA,NA,NA,NA,NA,NA,NA,NA,NA,NA,NA,NA,NA,NA,NA,NA,NA,NA,NA,NA,NA,NA,NA,NA,NA,NA,NA,NA,NA,NA,NA,NA,NA,672,NA,NA,NA,NA
"contig_71 NW_025335169.1",9450,8184,NA,NA,NA,NA,NA,NA,NA,NA,NA,NA,NA,NA,NA,NA,NA,NA,NA,NA,NA,NA,NA,NA,NA,NA,NA,NA,NA,NA,NA,NA,NA,NA,NA,NA,NA,NA,NA,NA,NA,NA,NA,NA,NA,NA,NA,NA,NA,NA,NA,NA,NA,NA,NA,NA,NA,NA,NA,NA,NA,NA,NA,NA,NA,NA,NA,NA,NA,NA,NA,1266,NA,NA,NA,NA
"contig_72 NW_025335170.1",9026,7132,NA,NA,NA,NA,NA,NA,NA,NA,NA,NA,NA,NA,NA,NA,NA,NA,NA,NA,NA,NA,NA,NA,NA,NA,NA,NA,NA,NA,NA,NA,NA,NA,NA,NA,NA,NA,NA,NA,NA,NA,NA,NA,NA,NA,NA,NA,NA,NA,NA,NA,NA,NA,NA,NA,NA,NA,NA,NA,NA,NA,NA,NA,NA,NA,NA,NA,NA,NA,NA,1894,NA,NA,NA,NA
"contig_74 NW_025335172.1",6666,4636,NA,NA,NA,NA,NA,NA,NA,NA,NA,NA,NA,NA,NA,NA,NA,NA,NA,NA,NA,NA,NA,NA,NA,NA,NA,NA,NA,NA,NA,NA,NA,NA,NA,NA,NA,NA,NA,NA,NA,NA,NA,NA,NA,NA,NA,NA,NA,NA,NA,NA,NA,NA,NA,NA,NA,NA,NA,NA,NA,NA,NA,NA,NA,NA,NA,NA,NA,NA,NA,2030,NA,NA,NA,NA
"contig_75 NW_025335173.1",7224,6013,NA,NA,NA,NA,NA,NA,NA,NA,NA,NA,NA,NA,NA,NA,NA,NA,NA,NA,NA,NA,NA,NA,NA,NA,NA,NA,NA,NA,NA,NA,NA,NA,NA,NA,NA,NA,NA,NA,NA,NA,NA,NA,NA,NA,NA,NA,NA,NA,NA,NA,NA,NA,NA,NA,NA,NA,NA,NA,NA,NA,NA,NA,NA,NA,NA,NA,NA,NA,NA,1211,NA,NA,NA,NA
"contig_78 NW_025335176.1",6825,4892,NA,NA,NA,NA,NA,NA,NA,NA,NA,NA,NA,NA,NA,NA,NA,NA,NA,NA,NA,NA,NA,NA,NA,NA,NA,NA,NA,NA,NA,NA,NA,NA,NA,NA,NA,NA,NA,NA,NA,NA,NA,NA,NA,NA,NA,NA,NA,NA,NA,NA,NA,NA,NA,NA,NA,NA,NA,NA,NA,NA,NA,NA,NA,NA,NA,NA,NA,NA,NA,1933,NA,NA,NA,NA
"contig_87 NW_025335186.1",6244,5989,NA,NA,NA,NA,NA,NA,NA,NA,NA,NA,NA,NA,NA,NA,NA,NA,NA,NA,NA,NA,NA,NA,NA,NA,NA,NA,NA,NA,NA,NA,NA,NA,NA,NA,NA,NA,NA,NA,NA,NA,NA,NA,NA,NA,NA,NA,NA,NA,NA,NA,NA,NA,NA,NA,NA,NA,NA,NA,NA,NA,NA,NA,NA,NA,NA,NA,NA,NA,NA,255,NA,NA,NA,NA
"contig_88 NW_025335187.1",6148,5402,NA,NA,NA,NA,NA,NA,NA,NA,NA,NA,NA,NA,NA,NA,NA,NA,NA,NA,NA,NA,NA,NA,NA,NA,NA,NA,NA,NA,NA,NA,NA,NA,NA,NA,NA,NA,NA,NA,NA,NA,NA,NA,NA,NA,NA,NA,NA,NA,NA,NA,NA,NA,NA,NA,NA,NA,NA,NA,NA,NA,NA,NA,NA,NA,NA,NA,NA,NA,NA,746,NA,NA,NA,NA
"contig_90 NW_025335190.1",4197,3263,NA,NA,NA,NA,NA,NA,NA,NA,NA,NA,NA,NA,NA,NA,NA,NA,NA,NA,NA,NA,NA,NA,NA,NA,NA,NA,NA,NA,NA,NA,NA,NA,NA,NA,NA,NA,NA,NA,NA,NA,NA,NA,NA,NA,NA,NA,NA,NA,NA,NA,NA,NA,NA,NA,NA,NA,NA,NA,NA,NA,NA,NA,NA,NA,NA,NA,NA,NA,NA,934,NA,NA,NA,NA
"contig_91 NW_025335191.1",6068,4911,NA,NA,NA,NA,NA,NA,NA,NA,NA,NA,NA,NA,NA,NA,NA,NA,NA,NA,NA,NA,NA,NA,NA,NA,NA,NA,NA,NA,NA,NA,NA,NA,NA,NA,NA,NA,NA,NA,NA,NA,NA,NA,NA,NA,NA,NA,NA,NA,NA,NA,NA,NA,NA,NA,NA,NA,NA,NA,NA,NA,NA,NA,NA,NA,NA,NA,NA,NA,NA,1157,NA,NA,NA,NA
"contig_94 NW_025335194.1",6067,6026,NA,NA,NA,NA,NA,NA,NA,NA,NA,NA,NA,NA,NA,NA,NA,NA,NA,NA,NA,NA,NA,NA,NA,NA,NA,NA,NA,NA,NA,NA,NA,NA,NA,NA,NA,NA,NA,NA,NA,NA,NA,NA,NA,NA,NA,NA,NA,NA,NA,NA,NA,NA,NA,NA,NA,NA,NA,NA,NA,NA,NA,NA,NA,NA,NA,NA,NA,NA,NA,41,NA,NA,NA,NA
"contig_96 NW_025335196.1",5969,5571,NA,NA,NA,NA,NA,NA,NA,NA,NA,NA,NA,NA,NA,NA,NA,NA,NA,NA,NA,NA,NA,NA,NA,NA,NA,NA,NA,NA,NA,NA,NA,NA,NA,NA,NA,NA,NA,NA,NA,NA,NA,NA,NA,NA,NA,NA,NA,NA,NA,NA,NA,NA,NA,NA,NA,NA,NA,NA,NA,NA,NA,NA,NA,NA,NA,NA,NA,NA,NA,398,NA,NA,NA,NA
"contig_98 NW_025335198.1",5499,4831,NA,NA,NA,NA,NA,NA,NA,NA,NA,NA,NA,NA,NA,NA,NA,NA,NA,NA,NA,NA,NA,NA,NA,NA,NA,NA,NA,NA,NA,NA,NA,NA,NA,NA,NA,NA,NA,NA,NA,NA,NA,NA,NA,NA,NA,NA,NA,NA,NA,NA,NA,NA,NA,NA,NA,NA,NA,NA,NA,NA,NA,NA,NA,NA,NA,NA,NA,NA,NA,668,NA,NA,NA,NA
"contig_99 NW_025335199.1",5335,2949,NA,NA,NA,NA,NA,NA,NA,NA,NA,NA,NA,NA,NA,NA,NA,NA,NA,NA,NA,NA,NA,NA,NA,NA,NA,NA,NA,NA,NA,NA,NA,NA,NA,NA,NA,NA,NA,NA,NA,NA,NA,NA,NA,NA,NA,NA,NA,NA,NA,NA,NA,NA,NA,NA,NA,NA,NA,NA,NA,NA,NA,NA,NA,NA,NA,NA,NA,NA,NA,2386,NA,NA,NA,NA
"contig_114 NW_025334989.1",4123,4123,NA,NA,NA,NA,NA,NA,NA,NA,NA,NA,NA,NA,NA,NA,NA,NA,NA,NA,NA,NA,NA,NA,NA,NA,NA,NA,NA,NA,NA,NA,NA,NA,NA,NA,NA,NA,NA,NA,NA,NA,NA,NA,NA,NA,NA,NA,NA,NA,NA,NA,NA,NA,NA,NA,NA,NA,NA,NA,NA,NA,NA,NA,NA,NA,NA,NA,NA,NA,NA,NA,NA,NA,NA,NA
"contig_117 NW_025334992.1",4210,4210,NA,NA,NA,NA,NA,NA,NA,NA,NA,NA,NA,NA,NA,NA,NA,NA,NA,NA,NA,NA,NA,NA,NA,NA,NA,NA,NA,NA,NA,NA,NA,NA,NA,NA,NA,NA,NA,NA,NA,NA,NA,NA,NA,NA,NA,NA,NA,NA,NA,NA,NA,NA,NA,NA,NA,NA,NA,NA,NA,NA,NA,NA,NA,NA,NA,NA,NA,NA,NA,NA,NA,NA,NA,NA
"contig_130 NW_025335007.1",792,792,NA,NA,NA,NA,NA,NA,NA,NA,NA,NA,NA,NA,NA,NA,NA,NA,NA,NA,NA,NA,NA,NA,NA,NA,NA,NA,NA,NA,NA,NA,NA,NA,NA,NA,NA,NA,NA,NA,NA,NA,NA,NA,NA,NA,NA,NA,NA,NA,NA,NA,NA,NA,NA,NA,NA,NA,NA,NA,NA,NA,NA,NA,NA,NA,NA,NA,NA,NA,NA,NA,NA,NA,NA,NA
"contig_135 NW_025335012.1",2393,2393,NA,NA,NA,NA,NA,NA,NA,NA,NA,NA,NA,NA,NA,NA,NA,NA,NA,NA,NA,NA,NA,NA,NA,NA,NA,NA,NA,NA,NA,NA,NA,NA,NA,NA,NA,NA,NA,NA,NA,NA,NA,NA,NA,NA,NA,NA,NA,NA,NA,NA,NA,NA,NA,NA,NA,NA,NA,NA,NA,NA,NA,NA,NA,NA,NA,NA,NA,NA,NA,NA,NA,NA,NA,NA
"contig_136 NW_025335013.1",1630,1630,NA,NA,NA,NA,NA,NA,NA,NA,NA,NA,NA,NA,NA,NA,NA,NA,NA,NA,NA,NA,NA,NA,NA,NA,NA,NA,NA,NA,NA,NA,NA,NA,NA,NA,NA,NA,NA,NA,NA,NA,NA,NA,NA,NA,NA,NA,NA,NA,NA,NA,NA,NA,NA,NA,NA,NA,NA,NA,NA,NA,NA,NA,NA,NA,NA,NA,NA,NA,NA,NA,NA,NA,NA,NA
"contig_139 NW_025335016.1",1696,1696,NA,NA,NA,NA,NA,NA,NA,NA,NA,NA,NA,NA,NA,NA,NA,NA,NA,NA,NA,NA,NA,NA,NA,NA,NA,NA,NA,NA,NA,NA,NA,NA,NA,NA,NA,NA,NA,NA,NA,NA,NA,NA,NA,NA,NA,NA,NA,NA,NA,NA,NA,NA,NA,NA,NA,NA,NA,NA,NA,NA,NA,NA,NA,NA,NA,NA,NA,NA,NA,NA,NA,NA,NA,NA
"contig_140 NW_025335018.1",1619,1619,NA,NA,NA,NA,NA,NA,NA,NA,NA,NA,NA,NA,NA,NA,NA,NA,NA,NA,NA,NA,NA,NA,NA,NA,NA,NA,NA,NA,NA,NA,NA,NA,NA,NA,NA,NA,NA,NA,NA,NA,NA,NA,NA,NA,NA,NA,NA,NA,NA,NA,NA,NA,NA,NA,NA,NA,NA,NA,NA,NA,NA,NA,NA,NA,NA,NA,NA,NA,NA,NA,NA,NA,NA,NA
"contig_141 NW_025335019.1",222,222,NA,NA,NA,NA,NA,NA,NA,NA,NA,NA,NA,NA,NA,NA,NA,NA,NA,NA,NA,NA,NA,NA,NA,NA,NA,NA,NA,NA,NA,NA,NA,NA,NA,NA,NA,NA,NA,NA,NA,NA,NA,NA,NA,NA,NA,NA,NA,NA,NA,NA,NA,NA,NA,NA,NA,NA,NA,NA,NA,NA,NA,NA,NA,NA,NA,NA,NA,NA,NA,NA,NA,NA,NA,NA
"contig_142 NW_025335020.1",296,296,NA,NA,NA,NA,NA,NA,NA,NA,NA,NA,NA,NA,NA,NA,NA,NA,NA,NA,NA,NA,NA,NA,NA,NA,NA,NA,NA,NA,NA,NA,NA,NA,NA,NA,NA,NA,NA,NA,NA,NA,NA,NA,NA,NA,NA,NA,NA,NA,NA,NA,NA,NA,NA,NA,NA,NA,NA,NA,NA,NA,NA,NA,NA,NA,NA,NA,NA,NA,NA,NA,NA,NA,NA,NA
"contig_143 NW_025335021.1",1254,1254,NA,NA,NA,NA,NA,NA,NA,NA,NA,NA,NA,NA,NA,NA,NA,NA,NA,NA,NA,NA,NA,NA,NA,NA,NA,NA,NA,NA,NA,NA,NA,NA,NA,NA,NA,NA,NA,NA,NA,NA,NA,NA,NA,NA,NA,NA,NA,NA,NA,NA,NA,NA,NA,NA,NA,NA,NA,NA,NA,NA,NA,NA,NA,NA,NA,NA,NA,NA,NA,NA,NA,NA,NA,NA
"contig_147 NW_025335025.1",660,660,NA,NA,NA,NA,NA,NA,NA,NA,NA,NA,NA,NA,NA,NA,NA,NA,NA,NA,NA,NA,NA,NA,NA,NA,NA,NA,NA,NA,NA,NA,NA,NA,NA,NA,NA,NA,NA,NA,NA,NA,NA,NA,NA,NA,NA,NA,NA,NA,NA,NA,NA,NA,NA,NA,NA,NA,NA,NA,NA,NA,NA,NA,NA,NA,NA,NA,NA,NA,NA,NA,NA,NA,NA,NA
"contig_149 NW_025335027.1",784,784,NA,NA,NA,NA,NA,NA,NA,NA,NA,NA,NA,NA,NA,NA,NA,NA,NA,NA,NA,NA,NA,NA,NA,NA,NA,NA,NA,NA,NA,NA,NA,NA,NA,NA,NA,NA,NA,NA,NA,NA,NA,NA,NA,NA,NA,NA,NA,NA,NA,NA,NA,NA,NA,NA,NA,NA,NA,NA,NA,NA,NA,NA,NA,NA,NA,NA,NA,NA,NA,NA,NA,NA,NA,NA
"contig_157 NW_025335036.1",1799,1799,NA,NA,NA,NA,NA,NA,NA,NA,NA,NA,NA,NA,NA,NA,NA,NA,NA,NA,NA,NA,NA,NA,NA,NA,NA,NA,NA,NA,NA,NA,NA,NA,NA,NA,NA,NA,NA,NA,NA,NA,NA,NA,NA,NA,NA,NA,NA,NA,NA,NA,NA,NA,NA,NA,NA,NA,NA,NA,NA,NA,NA,NA,NA,NA,NA,NA,NA,NA,NA,NA,NA,NA,NA,NA
"contig_208 NW_025335093.1",3042,3042,NA,NA,NA,NA,NA,NA,NA,NA,NA,NA,NA,NA,NA,NA,NA,NA,NA,NA,NA,NA,NA,NA,NA,NA,NA,NA,NA,NA,NA,NA,NA,NA,NA,NA,NA,NA,NA,NA,NA,NA,NA,NA,NA,NA,NA,NA,NA,NA,NA,NA,NA,NA,NA,NA,NA,NA,NA,NA,NA,NA,NA,NA,NA,NA,NA,NA,NA,NA,NA,NA,NA,NA,NA,NA
"contig_209 NW_025335094.1",584,584,NA,NA,NA,NA,NA,NA,NA,NA,NA,NA,NA,NA,NA,NA,NA,NA,NA,NA,NA,NA,NA,NA,NA,NA,NA,NA,NA,NA,NA,NA,NA,NA,NA,NA,NA,NA,NA,NA,NA,NA,NA,NA,NA,NA,NA,NA,NA,NA,NA,NA,NA,NA,NA,NA,NA,NA,NA,NA,NA,NA,NA,NA,NA,NA,NA,NA,NA,NA,NA,NA,NA,NA,NA,NA
"contig_210 NW_025335096.1",864,864,NA,NA,NA,NA,NA,NA,NA,NA,NA,NA,NA,NA,NA,NA,NA,NA,NA,NA,NA,NA,NA,NA,NA,NA,NA,NA,NA,NA,NA,NA,NA,NA,NA,NA,NA,NA,NA,NA,NA,NA,NA,NA,NA,NA,NA,NA,NA,NA,NA,NA,NA,NA,NA,NA,NA,NA,NA,NA,NA,NA,NA,NA,NA,NA,NA,NA,NA,NA,NA,NA,NA,NA,NA,NA
"contig_49 NW_025335144.1",2672,2672,NA,NA,NA,NA,NA,NA,NA,NA,NA,NA,NA,NA,NA,NA,NA,NA,NA,NA,NA,NA,NA,NA,NA,NA,NA,NA,NA,NA,NA,NA,NA,NA,NA,NA,NA,NA,NA,NA,NA,NA,NA,NA,NA,NA,NA,NA,NA,NA,NA,NA,NA,NA,NA,NA,NA,NA,NA,NA,NA,NA,NA,NA,NA,NA,NA,NA,NA,NA,NA,NA,NA,NA,NA,NA
"contig_85 NW_025335184.1",6429,6429,NA,NA,NA,NA,NA,NA,NA,NA,NA,NA,NA,NA,NA,NA,NA,NA,NA,NA,NA,NA,NA,NA,NA,NA,NA,NA,NA,NA,NA,NA,NA,NA,NA,NA,NA,NA,NA,NA,NA,NA,NA,NA,NA,NA,NA,NA,NA,NA,NA,NA,NA,NA,NA,NA,NA,NA,NA,NA,NA,NA,NA,NA,NA,NA,NA,NA,NA,NA,NA,NA,NA,NA,NA,NA
"contig_89 NW_025335188.1",352,352,NA,NA,NA,NA,NA,NA,NA,NA,NA,NA,NA,NA,NA,NA,NA,NA,NA,NA,NA,NA,NA,NA,NA,NA,NA,NA,NA,NA,NA,NA,NA,NA,NA,NA,NA,NA,NA,NA,NA,NA,NA,NA,NA,NA,NA,NA,NA,NA,NA,NA,NA,NA,NA,NA,NA,NA,NA,NA,NA,NA,NA,NA,NA,NA,NA,NA,NA,NA,NA,NA,NA,NA,NA,NA
"contig_93 NW_025335193.1",6274,6274,NA,NA,NA,NA,NA,NA,NA,NA,NA,NA,NA,NA,NA,NA,NA,NA,NA,NA,NA,NA,NA,NA,NA,NA,NA,NA,NA,NA,NA,NA,NA,NA,NA,NA,NA,NA,NA,NA,NA,NA,NA,NA,NA,NA,NA,NA,NA,NA,NA,NA,NA,NA,NA,NA,NA,NA,NA,NA,NA,NA,NA,NA,NA,NA,NA,NA,NA,NA,NA,NA,NA,NA,NA,NA
