"seqnames","seqlengths","nonrepeat","DNA","DNA-LINE","DNA-LINE-LTR","DNA-LINE-LTR-RC-Unknown","DNA-LINE-LTR-tandem_repeat","DNA-LINE-LTR-Unknown","DNA-LINE-RC","DNA-LINE-RC-tandem_repeat","DNA-LINE-RC-tandem_repeat-Unknown","DNA-LINE-RC-Unknown","DNA-LINE-tandem_repeat","DNA-LINE-tandem_repeat-Unknown","DNA-LINE-Unknown","DNA-LTR","DNA-LTR-RC","DNA-LTR-RC-tandem_repeat","DNA-LTR-RC-tandem_repeat-Unknown","DNA-LTR-RC-Unknown","DNA-LTR-tandem_repeat","DNA-LTR-tandem_repeat-Unknown","DNA-LTR-Unknown","DNA-RC","DNA-RC-snRNA-Unknown","DNA-RC-tandem_repeat","DNA-RC-tandem_repeat-Unknown","DNA-RC-Unknown","DNA-Simple","DNA-Simple-Unknown","DNA-snRNA","DNA-snRNA-Unknown","DNA-tandem_repeat","DNA-tandem_repeat-Unknown","DNA-Unknown","LINE","LINE-LTR","LINE-LTR-RC","LINE-LTR-RC-tandem_repeat","LINE-LTR-RC-tandem_repeat-Unknown","LINE-LTR-RC-Unknown","LINE-LTR-Satellite-tandem_repeat","LINE-LTR-Satellite-tandem_repeat-Unknown","LINE-LTR-Simple","LINE-LTR-Simple-tandem_repeat","LINE-LTR-Simple-tandem_repeat-Unknown","LINE-LTR-Simple-Unknown","LINE-LTR-tandem_repeat","LINE-LTR-tandem_repeat-Unknown","LINE-LTR-Unknown","LINE-RC","LINE-RC-tandem_repeat","LINE-RC-tandem_repeat-Unknown","LINE-RC-Unknown","LINE-Satellite","LINE-Satellite-tandem_repeat","LINE-Satellite-tandem_repeat-Unknown","LINE-Simple","LINE-Simple-tandem_repeat","LINE-Simple-tandem_repeat-Unknown","LINE-Simple-Unknown","LINE-snRNA","LINE-snRNA-Unknown","LINE-tandem_repeat","LINE-tandem_repeat-Unknown","LINE-Unknown","LTR","LTR-RC","LTR-RC-Simple-tandem_repeat-Unknown","LTR-RC-Simple-Unknown","LTR-RC-snRNA-Unknown","LTR-RC-tandem_repeat","LTR-RC-tandem_repeat-Unknown","LTR-RC-Unknown","LTR-Satellite","LTR-Satellite-tandem_repeat","LTR-Satellite-tandem_repeat-Unknown","LTR-Satellite-Unknown","LTR-Simple","LTR-Simple-tandem_repeat","LTR-Simple-tandem_repeat-Unknown","LTR-Simple-Unknown","LTR-snRNA","LTR-snRNA-Unknown","LTR-tandem_repeat","LTR-tandem_repeat-Unknown","LTR-Unknown","RC","RC-Satellite","RC-Satellite-tandem_repeat","RC-Satellite-tandem_repeat-Unknown","RC-Satellite-Unknown","RC-Simple","RC-Simple-tandem_repeat","RC-Simple-tandem_repeat-Unknown","RC-Simple-Unknown","RC-snRNA","RC-snRNA-Unknown","RC-tandem_repeat","RC-tandem_repeat-Unknown","RC-Unknown","Satellite","Satellite-tandem_repeat","Satellite-tandem_repeat-Unknown","Satellite-tRNA","Satellite-Unknown","Simple","Simple-tandem_repeat","Simple-tandem_repeat-Unknown","Simple-Unknown","snRNA","snRNA-tandem_repeat","snRNA-Unknown","tandem_repeat","tandem_repeat-tRNA","tandem_repeat-Unknown","tRNA","Unknown"
"contig_158 NW_025335037.1",910981,370426,20846,10,NA,NA,NA,NA,NA,NA,NA,NA,NA,NA,NA,124,NA,NA,NA,42,NA,NA,4,1228,NA,46,39,89,NA,NA,NA,NA,1084,257,5039,95482,179,NA,NA,NA,NA,NA,NA,NA,NA,NA,NA,NA,NA,NA,NA,NA,NA,NA,NA,NA,NA,NA,NA,NA,NA,NA,NA,603,136,5418,203106,345,NA,NA,NA,90,3,506,NA,NA,NA,NA,NA,NA,NA,NA,NA,NA,3193,2764,19606,39668,NA,NA,NA,NA,NA,NA,NA,NA,NA,NA,3248,6508,8557,NA,NA,NA,NA,NA,NA,NA,NA,NA,NA,NA,NA,56077,NA,7926,NA,58332
"contig_151 NW_025335030.1",676449,193824,9421,NA,NA,NA,NA,NA,295,NA,NA,102,NA,NA,NA,53,92,NA,NA,NA,NA,NA,18,1757,NA,150,NA,46,NA,NA,NA,NA,243,454,2773,150664,64,NA,NA,NA,NA,NA,NA,NA,NA,NA,NA,NA,NA,556,980,NA,NA,524,NA,NA,NA,NA,NA,NA,NA,NA,NA,149,144,2548,179318,413,NA,NA,NA,108,49,247,NA,NA,NA,NA,NA,NA,NA,NA,NA,NA,1969,1881,22685,15934,NA,NA,NA,NA,NA,NA,NA,NA,144,37,1679,1956,11463,NA,NA,NA,NA,NA,NA,NA,NA,NA,62,NA,68,10686,NA,5432,NA,57461
"contig_2 NW_025335083.1",27004956,24720640,109749,3636,NA,NA,NA,116,771,NA,NA,108,NA,NA,323,1157,575,175,NA,127,NA,149,81,10865,NA,774,500,1905,25,NA,NA,NA,2451,2787,27831,124171,276,114,35,348,165,NA,NA,11,112,164,11,10,65,1387,5240,1025,844,1154,NA,NA,NA,1,NA,NA,NA,NA,NA,2740,1578,11019,199721,4520,39,114,1,1330,1756,2506,NA,NA,NA,NA,62,193,157,14,NA,41,8771,2995,74580,158872,675,420,NA,68,264,306,322,78,20,536,34245,19418,28250,868,3527,158,NA,1662,2137,1209,45,195,688,NA,163,963009,24,113126,804,341852
"contig_172 NW_025335053.1",516722,256727,2999,NA,NA,NA,NA,NA,NA,NA,NA,8,NA,NA,NA,2,NA,NA,NA,NA,NA,NA,NA,274,2,6,NA,NA,NA,NA,NA,NA,48,22,586,78726,425,NA,NA,NA,146,NA,NA,NA,NA,NA,NA,NA,NA,393,NA,NA,11,119,NA,NA,NA,NA,NA,NA,NA,NA,NA,235,NA,1152,93354,179,NA,NA,NA,NA,NA,396,NA,NA,NA,NA,NA,NA,NA,NA,NA,NA,2530,1447,12467,9146,NA,NA,NA,NA,NA,NA,NA,NA,NA,102,220,3049,2144,NA,NA,NA,NA,NA,NA,NA,NA,NA,NA,NA,NA,18199,NA,4987,NA,26621
"contig_156 NW_025335035.1",943787,287236,31846,18,NA,NA,NA,NA,NA,NA,NA,NA,NA,NA,NA,73,NA,NA,NA,4,NA,NA,10,3337,NA,160,NA,478,NA,NA,NA,NA,487,288,5267,131778,1185,NA,NA,NA,NA,NA,NA,NA,NA,NA,NA,NA,NA,473,44,NA,NA,NA,NA,NA,NA,NA,NA,NA,NA,NA,NA,168,23,4134,270538,179,NA,NA,NA,NA,NA,469,NA,NA,NA,NA,NA,NA,NA,NA,NA,NA,3621,4745,26715,75016,NA,NA,NA,NA,NA,NA,NA,NA,NA,NA,2471,147,5531,NA,NA,NA,NA,NA,46,137,NA,NA,NA,NA,NA,20153,NA,8367,NA,58643
"contig_150 NW_025335029.1",2860005,2633699,12255,NA,NA,NA,NA,NA,NA,NA,NA,NA,NA,NA,NA,766,NA,NA,NA,NA,NA,NA,NA,609,NA,52,NA,NA,NA,NA,NA,NA,511,82,1357,6327,122,NA,NA,NA,NA,NA,NA,NA,NA,NA,NA,255,NA,NA,143,10,NA,NA,NA,NA,NA,NA,NA,NA,NA,NA,NA,29,NA,136,10707,416,NA,NA,NA,313,NA,160,NA,NA,NA,NA,NA,82,NA,NA,NA,NA,1370,10,377,8855,NA,NA,NA,NA,37,23,NA,NA,NA,NA,1739,666,1335,45,NA,NA,NA,NA,582,305,NA,NA,NA,NA,NA,79832,NA,31803,NA,64995
"contig_223 NW_025335110.1",124915,60288,4115,NA,NA,NA,NA,NA,NA,NA,NA,NA,NA,NA,NA,11,NA,NA,NA,NA,NA,NA,NA,NA,NA,NA,NA,NA,NA,NA,NA,NA,9,NA,223,14276,100,NA,NA,NA,NA,NA,NA,NA,NA,NA,NA,NA,NA,105,NA,NA,NA,NA,NA,NA,NA,NA,NA,NA,NA,NA,NA,343,NA,1037,23133,NA,NA,NA,NA,NA,NA,NA,NA,NA,NA,NA,NA,NA,NA,NA,NA,NA,77,1307,6022,229,NA,NA,NA,NA,NA,NA,NA,NA,NA,NA,NA,NA,NA,NA,NA,NA,NA,NA,NA,NA,NA,NA,NA,NA,NA,5049,NA,1176,NA,7415
"contig_69 NW_025335166.1",2339075,1936914,57661,140,NA,NA,NA,NA,715,NA,NA,68,8,48,566,169,NA,NA,NA,65,NA,NA,9,2748,NA,124,26,195,NA,NA,NA,NA,1648,123,5741,45430,28,NA,NA,NA,41,NA,NA,NA,NA,NA,NA,NA,NA,237,718,189,11,903,NA,NA,NA,NA,NA,NA,NA,NA,NA,484,209,10963,58863,738,NA,NA,NA,205,175,529,NA,NA,NA,NA,NA,NA,NA,NA,NA,NA,1191,1937,8355,34129,NA,NA,NA,NA,NA,NA,23,37,NA,72,7721,2577,5437,NA,NA,NA,NA,NA,NA,NA,NA,NA,NA,NA,31,85210,NA,8825,66,56773
"contig_154 NW_025335033.1",1001701,316266,37980,698,NA,NA,NA,NA,596,NA,NA,53,NA,NA,74,108,38,NA,NA,39,NA,NA,178,3443,NA,468,79,1146,NA,NA,NA,NA,2660,862,6653,163500,753,5,NA,NA,38,NA,NA,NA,NA,NA,10,NA,38,442,259,300,180,332,NA,NA,NA,NA,NA,NA,NA,NA,NA,1977,1673,5975,240749,3439,NA,NA,NA,528,506,3511,NA,NA,NA,NA,NA,NA,NA,121,NA,NA,6878,4905,31766,27342,NA,NA,NA,NA,60,NA,NA,NA,NA,NA,2928,10321,14584,NA,NA,NA,NA,NA,NA,NA,NA,NA,1,NA,110,19509,NA,7657,NA,79963
"contig_152 NW_025335031.1",1122563,183777,5708,109,NA,NA,NA,NA,261,NA,NA,205,NA,NA,196,2,142,44,NA,NA,NA,NA,100,3035,NA,148,31,76,NA,NA,NA,NA,266,347,2556,136378,803,NA,NA,NA,NA,NA,NA,NA,NA,NA,NA,NA,NA,NA,448,33,NA,625,23,NA,NA,NA,NA,NA,NA,NA,NA,5449,3950,1545,92982,728,NA,NA,NA,410,182,7,NA,2927,1704,NA,NA,NA,NA,NA,NA,NA,10149,8340,6178,29129,NA,58,NA,NA,76,30,NA,NA,NA,NA,2754,6130,4478,2190,26383,4089,NA,354,114,101,NA,NA,6,NA,212,462023,NA,87391,NA,27181
"contig_204 NW_025335089.1",214662,93377,12711,185,NA,NA,NA,NA,NA,NA,NA,NA,NA,NA,NA,4,NA,NA,NA,NA,NA,NA,NA,648,NA,39,NA,162,NA,NA,NA,NA,155,NA,1857,54781,1250,NA,NA,NA,NA,NA,NA,NA,NA,NA,NA,NA,NA,NA,NA,NA,NA,NA,NA,NA,NA,NA,NA,NA,NA,NA,NA,211,NA,487,20456,25,NA,NA,NA,NA,NA,NA,NA,NA,NA,NA,NA,NA,NA,NA,NA,NA,758,NA,2539,5392,NA,NA,NA,NA,NA,NA,NA,NA,NA,NA,278,26,573,NA,NA,NA,NA,NA,NA,NA,NA,NA,NA,NA,NA,6436,NA,911,NA,11401
"contig_153 NW_025335032.1",1009379,432263,25540,3,NA,NA,NA,NA,97,NA,NA,36,NA,NA,NA,29,7,NA,NA,NA,NA,NA,1,4162,NA,140,NA,187,NA,NA,NA,NA,391,120,3887,110508,568,6,NA,NA,65,NA,NA,NA,NA,NA,NA,NA,NA,60,614,207,NA,183,NA,NA,NA,NA,NA,NA,NA,NA,NA,1490,64,3082,259812,590,NA,NA,NA,NA,NA,522,NA,NA,NA,NA,NA,NA,NA,NA,NA,NA,5455,2360,31470,35467,NA,NA,NA,NA,NA,NA,NA,NA,NA,NA,2146,365,3986,NA,NA,NA,NA,NA,NA,NA,NA,NA,NA,NA,NA,33706,NA,7324,NA,42466
"contig_4 NW_025335134.1",2527349,894000,75227,114,NA,NA,NA,NA,165,NA,NA,34,NA,NA,208,1089,648,43,NA,NA,NA,NA,208,5253,NA,278,31,445,NA,NA,NA,NA,2720,1181,17500,399100,7538,13,NA,NA,115,NA,NA,NA,NA,NA,NA,46,NA,2339,1453,73,234,1034,NA,NA,NA,NA,NA,NA,NA,NA,NA,13839,706,13425,643475,2698,NA,NA,NA,256,305,1352,NA,NA,NA,NA,45,NA,293,37,NA,NA,21072,10905,83042,46709,NA,NA,NA,NA,18,NA,21,21,53,222,7506,4600,18501,NA,NA,NA,NA,NA,20,NA,179,102,59,NA,402,63093,NA,25318,NA,157986
"contig_3 NW_025335123.1",26507916,23826547,66297,136,NA,38,NA,NA,659,NA,NA,145,NA,NA,628,474,NA,NA,NA,172,NA,163,181,4674,NA,609,394,568,NA,NA,NA,NA,2395,630,10048,132362,343,98,111,126,271,NA,NA,NA,81,206,5,408,280,207,2835,896,1873,1754,NA,NA,NA,NA,NA,NA,NA,NA,NA,25310,1522,7140,80897,3149,NA,NA,NA,1134,1364,3720,NA,NA,NA,NA,106,323,677,53,NA,18,7394,3064,20543,108051,81,NA,NA,NA,95,29,67,95,NA,755,26207,18254,21553,7456,2757,666,NA,1925,2920,1597,1098,843,24,NA,321,1640181,NA,138616,191,321106
"contig_80 NW_025335179.1",1627756,554535,19590,93,NA,NA,NA,NA,1479,NA,NA,269,NA,NA,NA,35,573,39,NA,NA,6,NA,9,4781,NA,220,124,596,NA,NA,NA,NA,425,140,2934,179452,2086,NA,NA,NA,118,NA,NA,14,NA,NA,NA,236,NA,558,791,NA,NA,1422,1,178,NA,NA,NA,NA,NA,NA,NA,803,NA,4824,338337,875,NA,NA,NA,29,NA,886,17,NA,70,NA,140,NA,NA,NA,NA,NA,9333,6791,38050,22678,497,613,NA,NA,NA,NA,NA,NA,NA,NA,3635,1925,8580,1187,1541,673,NA,179,NA,NA,NA,NA,NA,NA,NA,233319,NA,97213,NA,84857
"contig_36 NW_025335130.1",2123715,896851,76804,2462,NA,35,NA,19,133,NA,NA,NA,NA,NA,568,321,28,NA,NA,14,NA,NA,55,4144,NA,135,39,655,NA,NA,NA,NA,5487,309,8511,218986,1103,NA,NA,NA,241,NA,NA,NA,NA,NA,NA,19,25,1390,1566,11,NA,52,NA,NA,NA,NA,NA,NA,NA,NA,NA,3108,764,7058,461032,2039,NA,NA,2,19,5,1928,NA,NA,NA,NA,38,137,NA,NA,NA,NA,15040,4893,54361,70290,NA,NA,NA,NA,NA,NA,NA,NA,NA,103,7036,11928,25035,NA,NA,NA,NA,NA,95,23,22,20,NA,NA,223,63088,NA,15129,NA,160336
"contig_190 NW_025335073.1",4829052,1617345,69398,11006,2,NA,NA,5,1454,NA,NA,233,91,NA,2922,393,337,88,NA,NA,NA,NA,3,17202,NA,736,102,392,NA,NA,NA,NA,493,239,19868,769751,14502,NA,NA,NA,39,NA,NA,195,NA,NA,718,794,3,7871,3697,208,398,1104,NA,NA,NA,NA,NA,NA,NA,NA,NA,5769,865,31891,1347665,6319,NA,NA,NA,592,784,3845,NA,NA,NA,NA,839,NA,NA,215,NA,NA,27231,29069,157594,142958,NA,NA,NA,NA,75,29,NA,NA,NA,221,8202,4168,31233,NA,NA,NA,NA,NA,NA,16,NA,NA,NA,NA,NA,124504,NA,40069,NA,323310
"contig_155 NW_025335034.1",15822701,10850240,349583,7670,NA,28,NA,43,885,10,NA,57,NA,NA,1838,3238,403,84,43,287,1155,159,2377,27811,NA,2607,1539,4868,60,52,NA,NA,14052,3179,48225,832676,5603,37,40,314,1100,NA,NA,16,NA,NA,NA,49,NA,2854,3671,1417,1093,1815,NA,NA,NA,NA,NA,91,181,NA,NA,11698,10903,50804,1491920,8346,13,38,NA,1377,1818,9056,NA,NA,NA,NA,185,65,62,20,5,NA,45742,26362,164338,379040,NA,NA,NA,NA,131,55,50,59,254,526,48463,30900,55622,281,NA,NA,38,NA,999,781,96,200,3413,31,909,567578,NA,124701,469,613903
"contig_164 NW_025335044.1",1273111,741069,41934,3,NA,NA,NA,NA,408,68,NA,65,NA,52,322,232,137,40,NA,NA,44,NA,18,7582,NA,69,47,29,NA,NA,NA,NA,453,171,5223,68395,333,NA,NA,NA,NA,NA,NA,NA,NA,NA,NA,NA,NA,231,732,685,31,530,NA,NA,NA,NA,NA,NA,NA,8,102,2245,42,4325,169252,399,NA,NA,NA,133,117,264,NA,NA,NA,NA,96,NA,NA,NA,NA,NA,1992,1282,13586,52126,NA,NA,NA,NA,NA,NA,NA,NA,NA,208,8959,3196,7786,NA,NA,NA,NA,NA,7,NA,45,112,219,NA,215,49966,NA,8950,56,78520
"contig_219 NW_025335105.1",146015,48429,NA,NA,NA,NA,NA,NA,266,NA,NA,107,NA,NA,NA,2,33,NA,NA,NA,NA,NA,NA,56,NA,NA,NA,NA,NA,NA,NA,NA,NA,NA,NA,8732,NA,NA,NA,NA,NA,NA,NA,NA,NA,NA,NA,NA,NA,NA,613,NA,NA,524,NA,NA,NA,NA,NA,NA,NA,NA,NA,NA,NA,238,42235,NA,NA,NA,NA,NA,NA,NA,NA,NA,NA,NA,NA,NA,NA,NA,NA,NA,834,536,3143,3241,NA,NA,NA,NA,NA,NA,NA,NA,NA,NA,582,NA,268,NA,66,840,NA,NA,NA,NA,NA,NA,NA,NA,NA,30386,NA,4672,NA,212
"contig_105 NW_025334979.1",1401171,206963,1021,NA,NA,NA,NA,NA,NA,NA,NA,NA,NA,NA,NA,419,NA,NA,NA,NA,7,NA,NA,742,NA,528,3,NA,NA,NA,NA,NA,394,206,948,33212,390,216,10,1111,224,NA,NA,NA,NA,NA,NA,311,246,NA,2721,1237,1002,366,NA,NA,NA,NA,NA,NA,NA,NA,NA,1043,656,1740,60886,702,NA,NA,NA,1011,669,186,NA,NA,5,3,NA,NA,NA,NA,NA,NA,5544,3340,5784,34331,NA,NA,NA,NA,NA,NA,NA,NA,NA,NA,35155,9069,7499,533,7357,424,NA,3,NA,NA,NA,NA,742,35,NA,910971,NA,43270,NA,17936
"contig_166 NW_025335046.1",659013,213294,34554,36,NA,NA,NA,NA,NA,NA,NA,NA,NA,NA,341,75,1,NA,NA,NA,NA,NA,178,901,NA,169,NA,508,NA,NA,NA,NA,120,218,7015,62463,968,NA,NA,NA,6,NA,NA,14,NA,NA,NA,98,NA,18,594,NA,14,232,NA,NA,NA,NA,NA,NA,NA,NA,NA,529,357,5432,193241,691,NA,NA,NA,43,NA,958,NA,NA,NA,NA,148,NA,NA,NA,NA,NA,4165,2316,17045,20744,NA,NA,NA,NA,NA,NA,NA,NA,NA,NA,2343,1751,2077,NA,NA,NA,NA,NA,NA,NA,NA,NA,104,NA,105,9918,NA,9182,NA,66047
"contig_133 NW_025335010.1",2856403,1163745,105913,2838,NA,NA,NA,NA,234,NA,NA,25,NA,220,823,260,NA,NA,NA,NA,NA,5,258,5865,NA,492,101,279,NA,NA,NA,NA,2628,383,11926,346849,747,NA,NA,NA,NA,NA,NA,NA,NA,NA,NA,NA,NA,510,477,NA,NA,264,NA,NA,NA,NA,NA,NA,NA,NA,NA,2358,480,8149,657614,1481,NA,NA,NA,34,2,774,NA,NA,NA,NA,24,NA,137,6,NA,NA,15302,6519,69750,73183,NA,NA,NA,NA,38,19,3,NA,4,102,9285,7124,19391,NA,NA,NA,NA,NA,43,22,21,133,105,NA,NA,95963,NA,42523,NA,200972
"contig_92 NW_025335192.1",1594157,48775,474,NA,NA,NA,NA,NA,NA,NA,NA,NA,NA,NA,NA,NA,NA,NA,354,NA,NA,NA,NA,961,NA,581,972,194,NA,NA,NA,NA,3409,834,721,33297,971,NA,NA,NA,NA,NA,NA,NA,NA,NA,NA,281,NA,NA,NA,384,215,NA,NA,NA,NA,NA,NA,NA,NA,NA,NA,18372,1181,741,11900,348,NA,NA,NA,349,14,54,NA,NA,NA,NA,NA,NA,NA,NA,NA,NA,16055,1668,1293,10752,NA,NA,NA,NA,NA,53,300,NA,NA,NA,32554,7064,1938,NA,NA,NA,NA,NA,NA,7,NA,NA,NA,NA,NA,1325485,NA,64362,NA,7244
"contig_203 NW_025335088.1",4365352,2581065,112086,972,NA,27,NA,42,333,NA,NA,78,NA,NA,842,274,143,NA,NA,143,NA,NA,276,10365,NA,559,218,458,NA,NA,NA,21,3083,402,17155,358729,2329,NA,NA,222,642,NA,NA,NA,NA,NA,NA,4,NA,2190,2097,817,1149,2499,NA,NA,NA,NA,NA,NA,NA,NA,NA,5430,1096,24553,503198,2181,NA,NA,NA,328,269,3470,NA,NA,NA,NA,NA,NA,NA,NA,NA,NA,13095,4030,43065,126208,NA,NA,NA,NA,136,NA,37,105,NA,143,14411,11732,31006,NA,NA,NA,NA,NA,386,106,7,7,422,NA,497,235300,NA,24971,NA,219943
"contig_165 NW_025335045.1",635509,222246,17398,NA,NA,NA,NA,NA,133,NA,NA,NA,NA,NA,56,192,36,NA,NA,NA,NA,NA,99,1721,NA,NA,NA,29,NA,NA,NA,NA,380,42,1001,41689,982,NA,NA,NA,NA,NA,NA,NA,NA,NA,NA,709,NA,316,173,177,NA,111,NA,NA,NA,NA,NA,NA,NA,NA,NA,332,NA,5402,188940,409,NA,NA,NA,59,225,520,NA,NA,NA,NA,NA,NA,NA,NA,NA,NA,6254,1353,18665,29938,NA,NA,NA,NA,NA,NA,NA,NA,NA,109,2889,1123,5192,NA,NA,NA,NA,NA,NA,NA,NA,NA,135,NA,NA,22751,NA,8330,NA,55393
"contig_221 NW_025335108.1",140459,22590,3510,27,NA,NA,NA,NA,7,NA,NA,NA,NA,NA,232,NA,NA,NA,NA,NA,NA,NA,NA,417,NA,47,NA,NA,NA,NA,NA,NA,82,22,845,38407,342,NA,NA,NA,NA,NA,NA,NA,NA,NA,NA,NA,143,140,NA,NA,NA,NA,NA,NA,NA,NA,NA,NA,NA,NA,NA,200,1,410,51776,NA,NA,NA,NA,NA,NA,NA,NA,NA,NA,NA,NA,NA,NA,NA,NA,NA,524,368,2955,1274,NA,NA,NA,NA,NA,NA,NA,NA,NA,NA,345,NA,812,NA,NA,NA,NA,NA,NA,NA,NA,NA,NA,NA,NA,2825,NA,1143,NA,11015
"contig_116 NW_025334991.1",1337403,581675,23033,133,NA,NA,NA,104,96,NA,NA,36,NA,NA,102,93,305,22,38,36,NA,3,530,4089,NA,280,78,286,NA,NA,NA,NA,191,271,2756,133026,983,NA,NA,NA,188,NA,NA,NA,NA,NA,NA,162,NA,483,471,NA,NA,150,NA,NA,NA,NA,NA,NA,NA,NA,NA,834,447,5702,318432,2696,NA,NA,NA,143,3,1003,NA,NA,NA,NA,39,50,108,7,NA,NA,8209,6487,36225,50594,NA,NA,NA,NA,NA,NA,NA,NA,NA,NA,3309,576,6240,NA,NA,NA,NA,NA,NA,NA,NA,NA,NA,NA,NA,48857,NA,20191,NA,77631
"contig_34 NW_025335128.1",35812,11781,349,NA,NA,NA,NA,NA,NA,NA,NA,NA,NA,NA,NA,60,NA,NA,NA,NA,NA,NA,NA,1254,NA,18,NA,NA,NA,NA,NA,NA,NA,NA,79,8738,NA,NA,NA,NA,NA,NA,NA,NA,NA,NA,NA,14,NA,NA,NA,NA,NA,NA,NA,NA,NA,NA,NA,NA,NA,NA,NA,531,NA,401,7877,NA,NA,NA,NA,NA,NA,NA,NA,NA,NA,NA,NA,NA,NA,NA,NA,NA,1465,24,515,273,NA,NA,NA,NA,NA,NA,NA,NA,NA,NA,62,NA,NA,NA,NA,NA,NA,NA,NA,NA,NA,NA,NA,NA,NA,354,NA,NA,NA,2017
"contig_170 NW_025335051.1",540686,134844,10033,1628,NA,NA,NA,NA,NA,NA,NA,NA,NA,NA,4,10,7,NA,NA,NA,NA,NA,NA,1430,NA,43,32,193,NA,NA,NA,NA,63,143,562,94401,729,NA,NA,NA,6,NA,NA,NA,NA,NA,NA,NA,NA,NA,582,48,NA,24,NA,NA,NA,NA,NA,NA,NA,NA,NA,245,NA,1131,164616,197,NA,NA,3,569,507,846,NA,NA,NA,NA,NA,NA,NA,NA,NA,NA,6781,2654,20386,13964,NA,NA,NA,NA,NA,NA,NA,NA,NA,102,1220,9784,7603,NA,NA,NA,NA,NA,NA,NA,NA,NA,NA,NA,NA,9932,NA,11706,NA,43658
"contig_169 NW_025335049.1",17957,1730,NA,NA,NA,NA,NA,NA,NA,NA,NA,NA,NA,NA,NA,NA,NA,NA,NA,NA,NA,NA,NA,NA,NA,NA,NA,NA,NA,NA,NA,NA,NA,NA,NA,4496,NA,NA,NA,NA,NA,NA,NA,NA,NA,NA,NA,NA,NA,NA,NA,NA,NA,NA,NA,NA,NA,NA,NA,NA,NA,NA,NA,3,NA,376,5736,NA,NA,NA,NA,NA,NA,NA,NA,NA,NA,NA,NA,NA,NA,NA,NA,NA,66,240,1252,NA,NA,NA,NA,NA,NA,NA,NA,NA,NA,NA,NA,NA,NA,NA,NA,NA,NA,NA,NA,NA,NA,NA,NA,NA,NA,3738,NA,113,NA,207
"contig_218 NW_025335104.1",3166382,1496561,117336,1949,NA,NA,NA,NA,646,NA,NA,84,NA,NA,324,810,1,NA,NA,41,NA,2,166,7072,NA,162,30,292,NA,NA,NA,NA,1958,583,15094,311056,365,7,NA,35,111,NA,NA,NA,NA,NA,NA,NA,NA,350,1452,11,317,756,NA,NA,NA,NA,NA,NA,NA,NA,NA,1637,737,19386,577646,2290,NA,NA,NA,326,2022,3188,NA,NA,NA,NA,24,350,4,NA,5,3,17122,5092,59645,106311,NA,NA,NA,NA,NA,NA,NA,NA,NA,NA,14343,8332,20656,NA,NA,NA,NA,NA,52,26,6,88,2,NA,205,100836,NA,39806,NA,228671
"contig_37 NW_025335131.1",29215,7014,183,NA,NA,NA,NA,NA,NA,NA,NA,NA,NA,NA,NA,NA,NA,NA,NA,NA,NA,NA,NA,NA,NA,NA,NA,NA,NA,NA,NA,NA,107,NA,NA,11086,362,NA,NA,NA,NA,NA,NA,NA,NA,NA,NA,NA,NA,34,NA,NA,NA,NA,NA,NA,NA,NA,NA,NA,NA,NA,NA,86,NA,516,2787,5,NA,NA,NA,NA,NA,248,NA,NA,NA,NA,NA,NA,NA,NA,NA,NA,175,57,269,2956,NA,NA,NA,NA,NA,NA,NA,NA,NA,NA,NA,NA,149,NA,NA,NA,NA,NA,NA,NA,NA,NA,NA,NA,NA,1189,NA,609,NA,1383
"contig_182 NW_025335064.1",412689,232823,8662,97,NA,NA,NA,NA,NA,NA,NA,NA,NA,NA,36,100,NA,NA,NA,NA,NA,NA,37,238,NA,NA,NA,2,NA,NA,NA,NA,NA,NA,363,35769,574,NA,NA,NA,NA,NA,NA,NA,NA,NA,NA,NA,NA,NA,26,NA,NA,NA,NA,NA,NA,NA,NA,NA,NA,NA,NA,146,NA,1617,58339,NA,NA,NA,NA,NA,NA,151,NA,NA,NA,NA,NA,NA,NA,NA,NA,NA,2425,571,4793,11729,NA,NA,NA,NA,NA,NA,NA,NA,NA,NA,1642,111,1972,NA,NA,NA,NA,NA,NA,NA,NA,NA,NA,NA,NA,23803,NA,3813,NA,22850
"contig_173 NW_025335054.1",504562,154455,11858,1065,NA,NA,NA,NA,264,NA,NA,36,NA,NA,88,11,220,NA,NA,NA,NA,NA,10,769,NA,40,NA,NA,NA,NA,NA,NA,227,NA,714,110068,393,15,NA,NA,NA,NA,NA,NA,NA,NA,NA,NA,NA,8,18,NA,NA,141,NA,NA,NA,NA,NA,NA,NA,NA,NA,571,1222,3286,114103,1494,NA,NA,NA,85,1,1241,NA,NA,NA,NA,NA,NA,NA,NA,NA,NA,5610,1190,9715,19958,NA,NA,NA,NA,NA,NA,NA,NA,NA,NA,1020,2967,4593,NA,NA,NA,NA,NA,NA,NA,NA,NA,NA,NA,NA,18132,NA,3993,NA,34981
"contig_148 NW_025335026.1",1151029,92569,3295,NA,NA,NA,NA,NA,NA,NA,NA,NA,NA,NA,NA,NA,2,NA,NA,2,NA,NA,NA,3471,NA,260,NA,NA,NA,NA,NA,NA,52,204,480,57247,432,NA,NA,NA,NA,NA,NA,3,NA,NA,NA,116,282,NA,113,181,180,103,NA,NA,NA,127,NA,NA,NA,NA,NA,8262,566,2461,58307,1747,NA,NA,NA,1587,708,334,NA,NA,NA,NA,95,105,4,NA,NA,NA,4120,2373,7502,40540,NA,NA,NA,NA,56,68,21,21,NA,NA,18017,5990,2339,NA,NA,NA,NA,NA,168,87,9,NA,NA,NA,NA,790695,NA,27811,NA,17917
"contig_175 NW_025335056.1",465355,176156,10010,NA,NA,NA,NA,NA,NA,NA,NA,NA,NA,NA,NA,10,NA,NA,NA,NA,NA,NA,17,NA,NA,89,NA,NA,NA,NA,NA,NA,35,30,3741,57202,414,NA,NA,NA,NA,NA,NA,NA,NA,NA,NA,86,NA,NA,NA,105,185,NA,NA,NA,NA,NA,NA,NA,NA,NA,NA,4763,840,2100,73737,NA,NA,NA,NA,638,40,NA,NA,NA,NA,NA,NA,NA,NA,NA,NA,NA,1350,1675,7785,18760,NA,NA,NA,NA,NA,NA,NA,NA,NA,NA,2742,1904,1540,NA,NA,NA,NA,NA,NA,NA,NA,NA,NA,NA,NA,73965,NA,8026,NA,17410
"contig_21 NW_025335095.1",56059,18941,3506,NA,NA,NA,NA,NA,NA,NA,NA,NA,NA,NA,NA,3,NA,NA,NA,NA,NA,NA,NA,NA,NA,NA,NA,NA,NA,NA,NA,NA,3,NA,364,6725,NA,NA,NA,NA,NA,NA,NA,NA,NA,NA,NA,NA,NA,NA,NA,NA,NA,NA,NA,NA,NA,NA,NA,NA,NA,NA,NA,126,NA,24,13114,NA,NA,NA,NA,NA,NA,NA,NA,NA,NA,NA,NA,NA,NA,NA,NA,NA,63,113,1631,607,NA,NA,NA,NA,NA,NA,NA,NA,NA,NA,23,16,672,NA,NA,NA,NA,NA,NA,NA,NA,NA,NA,NA,NA,1085,NA,655,NA,8388
"contig_184 NW_025335066.1",424513,89065,6341,1,NA,NA,NA,NA,NA,NA,NA,NA,NA,NA,NA,NA,NA,NA,NA,NA,NA,NA,38,988,NA,511,NA,NA,NA,NA,NA,NA,68,1,1185,65673,1809,NA,NA,NA,NA,NA,NA,25,NA,NA,NA,594,7,NA,21,NA,NA,NA,NA,NA,NA,NA,NA,NA,NA,NA,NA,80,1,1515,115109,NA,NA,NA,NA,NA,NA,NA,NA,NA,NA,NA,372,42,NA,38,NA,NA,1922,566,10732,4484,NA,24,166,NA,NA,NA,NA,NA,NA,NA,3287,81,223,514,2581,1510,NA,58,NA,NA,NA,NA,NA,NA,NA,82089,NA,16434,NA,16358
"contig_180 NW_025335062.1",460447,290180,12652,2,NA,NA,NA,NA,NA,NA,NA,NA,11,NA,NA,NA,NA,NA,NA,NA,NA,NA,NA,213,NA,NA,NA,NA,NA,NA,NA,NA,613,43,629,55342,11,NA,NA,NA,NA,NA,NA,NA,NA,NA,NA,NA,NA,NA,109,4,NA,NA,NA,NA,NA,NA,NA,NA,NA,NA,NA,746,NA,906,55398,340,NA,NA,NA,NA,NA,NA,NA,NA,NA,NA,NA,NA,NA,NA,70,NA,955,656,7168,4151,NA,NA,NA,NA,NA,NA,NA,NA,NA,NA,167,NA,339,NA,NA,NA,NA,NA,NA,NA,NA,NA,14,NA,NA,15542,NA,1273,NA,12913
"contig_7 NW_025335167.1",86879,76744,952,NA,NA,NA,NA,NA,NA,NA,NA,NA,NA,NA,NA,NA,NA,NA,NA,NA,NA,NA,NA,NA,NA,NA,NA,NA,NA,NA,NA,NA,NA,NA,NA,NA,NA,NA,NA,NA,225,NA,NA,NA,NA,NA,NA,NA,NA,199,NA,NA,NA,NA,NA,NA,NA,NA,NA,NA,NA,NA,NA,NA,NA,NA,5964,1,NA,NA,NA,NA,NA,18,NA,NA,NA,NA,NA,NA,NA,NA,NA,NA,NA,25,763,241,NA,NA,NA,NA,NA,NA,NA,NA,NA,NA,56,NA,NA,NA,NA,NA,NA,NA,NA,NA,NA,NA,NA,NA,NA,1590,NA,36,NA,65
"contig_186 NW_025335068.1",394465,75032,6264,NA,NA,NA,NA,NA,194,NA,NA,71,NA,NA,286,110,17,NA,NA,NA,NA,149,NA,1786,NA,173,NA,NA,NA,NA,NA,NA,89,NA,866,62216,467,NA,NA,NA,NA,NA,NA,NA,NA,NA,NA,NA,NA,342,394,NA,NA,256,NA,NA,NA,NA,NA,NA,NA,NA,NA,13,NA,1484,140430,275,NA,NA,NA,43,NA,41,NA,NA,NA,NA,NA,NA,NA,NA,NA,NA,1344,1591,12456,24578,NA,NA,NA,NA,NA,NA,NA,NA,NA,NA,2886,1943,6568,NA,NA,NA,NA,NA,NA,NA,NA,NA,114,NA,NA,11216,NA,7009,NA,33762
"contig_115 NW_025334990.1",19945858,18521445,51244,NA,NA,NA,NA,36,NA,NA,NA,NA,NA,NA,NA,491,307,88,NA,77,93,NA,99,5697,NA,691,219,485,NA,NA,NA,NA,539,96,4956,42581,137,NA,115,10,102,NA,NA,19,95,454,NA,355,183,416,1305,377,613,340,NA,NA,NA,130,NA,NA,NA,NA,NA,946,723,4778,85477,2707,NA,NA,NA,978,790,360,NA,NA,NA,NA,90,529,324,NA,NA,NA,7096,1523,4464,100129,NA,NA,NA,NA,74,30,68,172,NA,210,22406,9292,15541,2146,2627,161,155,829,2632,1300,46,158,167,NA,85,799411,165,88746,3767,150961
"contig_30 NW_025335124.1",37695,9657,7,NA,NA,NA,NA,NA,NA,NA,NA,NA,NA,NA,NA,NA,NA,NA,NA,NA,NA,NA,NA,NA,NA,NA,NA,NA,NA,NA,NA,NA,NA,NA,112,7147,260,NA,NA,NA,NA,NA,NA,NA,NA,NA,NA,NA,NA,NA,NA,NA,NA,NA,NA,NA,NA,NA,NA,NA,NA,NA,NA,49,NA,NA,11463,NA,NA,NA,NA,NA,NA,NA,NA,NA,NA,NA,NA,NA,NA,NA,NA,NA,934,256,1244,206,NA,NA,NA,NA,NA,NA,NA,NA,NA,NA,93,NA,NA,NA,NA,NA,NA,NA,NA,NA,NA,NA,NA,NA,NA,2069,NA,1162,NA,3036
"contig_178 NW_025335059.1",11808632,11294729,17458,NA,NA,NA,NA,NA,NA,NA,79,NA,NA,NA,NA,306,134,44,NA,34,NA,NA,43,1663,NA,228,116,NA,NA,NA,NA,NA,497,72,2041,20185,130,NA,NA,NA,NA,NA,NA,NA,NA,86,6,NA,14,5,431,116,286,158,NA,NA,NA,NA,NA,1,NA,NA,NA,622,197,1675,52759,810,14,37,NA,389,62,556,NA,NA,NA,NA,NA,NA,NA,NA,NA,NA,3971,733,3549,23252,NA,NA,NA,NA,37,16,24,38,9,NA,7989,944,2643,1500,38,NA,NA,67,2328,990,175,18,205,NA,NA,267771,NA,8776,479,87097
"contig_197 NW_025335080.1",294769,179807,4251,NA,NA,NA,NA,NA,NA,NA,NA,NA,NA,NA,NA,NA,NA,NA,NA,NA,NA,NA,NA,656,NA,NA,NA,475,NA,NA,NA,NA,NA,NA,1344,21512,65,NA,NA,NA,NA,NA,NA,NA,NA,NA,NA,NA,NA,18,NA,NA,NA,NA,NA,NA,NA,NA,NA,NA,NA,NA,NA,548,47,572,45110,70,NA,NA,NA,NA,181,8,NA,NA,NA,NA,NA,NA,NA,NA,NA,NA,1535,349,4269,1859,NA,NA,NA,NA,NA,NA,NA,NA,NA,NA,300,397,597,NA,NA,NA,NA,NA,39,21,NA,NA,NA,NA,NA,17426,NA,1424,NA,11889
"contig_163 NW_025335043.1",15806012,14900670,22680,3056,NA,NA,NA,NA,NA,NA,NA,NA,NA,NA,290,454,138,43,NA,NA,NA,NA,48,3255,NA,379,58,225,43,NA,NA,NA,926,30,3976,51480,92,NA,NA,NA,NA,NA,NA,NA,147,NA,NA,65,263,21,1135,50,496,418,NA,NA,NA,NA,1,NA,NA,NA,NA,722,412,2292,40767,1260,NA,NA,NA,1710,13,524,NA,NA,NA,NA,18,72,110,NA,NA,NA,3877,1118,5329,38681,NA,NA,NA,NA,37,16,NA,NA,NA,NA,10059,2665,3793,844,1621,237,NA,85,1227,685,NA,NA,13,NA,219,517118,214,35997,795,143043
"contig_224 NW_025335111.1",111958,57077,3289,NA,NA,NA,NA,NA,NA,NA,NA,NA,NA,NA,141,NA,NA,NA,NA,NA,NA,NA,NA,NA,NA,NA,NA,NA,NA,NA,NA,NA,103,21,587,11043,6,NA,NA,NA,NA,NA,NA,NA,NA,NA,NA,NA,NA,NA,NA,NA,NA,NA,NA,NA,NA,NA,NA,NA,NA,NA,NA,NA,NA,240,24665,156,NA,NA,NA,NA,NA,348,NA,NA,NA,NA,NA,NA,NA,NA,NA,NA,554,97,1875,575,NA,NA,NA,NA,NA,NA,NA,NA,NA,NA,NA,NA,251,NA,NA,NA,NA,NA,NA,NA,NA,NA,NA,NA,NA,3013,NA,726,NA,7191
"contig_159 NW_025335038.1",1386571,1188634,6117,869,NA,NA,NA,NA,NA,NA,NA,NA,NA,NA,NA,NA,NA,NA,NA,NA,NA,NA,17,830,NA,31,NA,NA,NA,NA,NA,NA,94,NA,85,58,NA,NA,NA,NA,NA,NA,NA,NA,NA,NA,NA,NA,NA,NA,NA,NA,NA,NA,NA,NA,NA,NA,NA,NA,NA,NA,NA,170,10,96,8493,NA,NA,NA,NA,NA,14,126,NA,NA,NA,NA,NA,NA,118,14,NA,NA,351,707,1785,2142,NA,NA,NA,NA,NA,NA,NA,NA,NA,NA,572,290,438,54,NA,NA,NA,NA,152,61,NA,NA,136,NA,NA,157410,NA,5959,NA,10738
"contig_47 NW_025335142.1",4408483,4122221,14645,1517,NA,33,NA,5,NA,NA,NA,NA,63,NA,102,111,NA,NA,NA,56,NA,NA,79,1665,NA,88,51,430,NA,NA,NA,NA,826,522,2483,17172,NA,NA,NA,NA,13,NA,NA,NA,NA,NA,NA,73,NA,293,718,210,723,342,NA,NA,NA,NA,NA,NA,NA,NA,NA,590,244,961,21264,1009,NA,NA,NA,225,44,887,NA,NA,NA,NA,33,70,131,5,NA,NA,629,701,2926,38399,NA,NA,NA,NA,191,67,14,NA,NA,72,7323,3987,5802,657,NA,NA,NA,NA,132,157,7,NA,NA,NA,33,106822,NA,13688,NA,36972
"contig_162 NW_025335042.1",785458,327598,33680,2,NA,NA,NA,NA,NA,NA,NA,NA,NA,NA,144,66,NA,NA,NA,NA,NA,NA,NA,2989,NA,118,NA,95,58,NA,4,NA,442,67,2506,68742,277,NA,NA,NA,NA,NA,NA,NA,NA,NA,NA,97,443,200,207,NA,NA,NA,NA,NA,NA,NA,NA,NA,NA,NA,NA,458,168,4809,178882,413,NA,NA,NA,47,NA,446,NA,NA,NA,NA,NA,NA,NA,NA,10,NA,3552,2855,24249,34195,NA,NA,NA,NA,NA,NA,NA,NA,64,NA,1913,2998,4058,NA,NA,NA,NA,NA,8,NA,NA,NA,33,NA,NA,28971,NA,10310,NA,49284
"contig_138 NW_025335015.1",1265488,439945,19766,131,NA,NA,NA,NA,142,NA,NA,NA,NA,NA,NA,188,13,NA,NA,NA,NA,NA,16,1732,NA,44,NA,102,NA,NA,NA,NA,1889,22,1105,167920,5368,22,NA,NA,4,NA,NA,NA,NA,NA,NA,137,NA,230,976,75,121,133,NA,NA,NA,NA,NA,NA,NA,NA,NA,2215,NA,1200,419641,1052,NA,NA,71,234,41,215,NA,NA,NA,NA,24,75,NA,NA,NA,NA,9163,4800,33120,14092,NA,NA,NA,NA,NA,NA,NA,NA,NA,142,3018,4969,1934,NA,NA,NA,NA,NA,21,NA,NA,NA,NA,NA,42,40631,NA,7494,NA,81213
"contig_194 NW_025335077.1",318725,144451,4878,852,NA,NA,NA,NA,NA,NA,NA,NA,NA,NA,1719,NA,NA,NA,NA,NA,NA,NA,NA,1579,NA,73,27,465,NA,NA,NA,NA,47,NA,971,87511,NA,NA,NA,NA,NA,NA,NA,NA,NA,NA,NA,NA,NA,10,236,NA,NA,511,NA,NA,NA,NA,NA,NA,NA,NA,NA,453,NA,4902,19062,21,NA,NA,NA,NA,NA,262,NA,NA,NA,NA,NA,NA,NA,NA,NA,NA,662,293,4044,8920,238,NA,NA,NA,NA,NA,NA,NA,NA,NA,1725,554,2126,2012,287,NA,NA,NA,NA,NA,NA,NA,NA,NA,NA,18707,NA,1882,NA,9245
"contig_191 NW_025335074.1",322386,289669,2589,120,NA,NA,NA,NA,118,NA,NA,NA,NA,NA,1,NA,NA,NA,NA,NA,NA,NA,NA,192,NA,NA,157,201,NA,NA,NA,NA,78,NA,41,745,NA,1,NA,NA,60,NA,NA,NA,NA,NA,NA,NA,NA,NA,1,NA,NA,181,NA,NA,NA,NA,NA,NA,NA,NA,NA,NA,4,742,943,138,NA,NA,NA,80,125,131,NA,NA,NA,NA,NA,NA,NA,NA,NA,NA,496,NA,99,3944,NA,NA,NA,NA,NA,NA,NA,NA,NA,NA,1553,1067,938,NA,NA,NA,NA,NA,NA,NA,NA,NA,NA,NA,NA,10274,NA,817,NA,6881
"contig_181 NW_025335063.1",446815,168829,10561,128,68,NA,27,NA,1,NA,NA,NA,NA,NA,NA,7,71,NA,NA,NA,NA,NA,NA,1285,NA,NA,NA,251,NA,NA,NA,NA,88,866,1112,44362,354,NA,NA,NA,NA,NA,NA,NA,NA,NA,NA,51,NA,65,NA,NA,NA,NA,NA,NA,NA,NA,NA,NA,NA,NA,NA,888,298,567,95211,588,NA,NA,NA,NA,NA,66,NA,NA,NA,NA,NA,NA,NA,NA,NA,NA,2501,1665,11346,36158,NA,NA,NA,NA,NA,NA,NA,NA,NA,NA,680,1009,2275,NA,NA,NA,NA,NA,NA,NA,NA,NA,NA,NA,NA,21298,NA,5099,NA,39040
"contig_1 NW_025334972.1",117949,30689,382,NA,NA,NA,NA,NA,NA,NA,NA,NA,NA,NA,NA,NA,NA,NA,NA,NA,NA,NA,NA,NA,NA,NA,NA,NA,NA,NA,NA,NA,NA,NA,498,22001,NA,NA,NA,NA,NA,NA,NA,NA,NA,NA,NA,NA,NA,NA,NA,NA,NA,NA,NA,NA,NA,NA,NA,NA,NA,NA,NA,NA,NA,NA,1552,44,NA,NA,NA,NA,NA,NA,NA,NA,NA,NA,NA,NA,NA,NA,NA,NA,362,NA,3826,23827,NA,NA,NA,NA,NA,NA,NA,NA,NA,NA,3114,700,3389,NA,NA,NA,NA,NA,NA,NA,NA,NA,NA,NA,NA,19120,NA,4702,NA,3743
"contig_202 NW_025335087.1",231744,115936,7812,NA,NA,NA,NA,NA,NA,NA,NA,NA,NA,NA,NA,6,NA,NA,NA,NA,NA,NA,106,1841,NA,153,NA,50,NA,NA,NA,NA,238,23,909,13459,60,NA,NA,NA,NA,NA,NA,NA,NA,NA,NA,NA,NA,4,NA,NA,NA,NA,NA,NA,NA,NA,NA,NA,NA,NA,NA,212,41,2624,38139,50,NA,NA,NA,6,11,298,NA,NA,NA,NA,NA,NA,NA,NA,NA,NA,658,250,5141,11773,NA,NA,NA,NA,NA,NA,NA,NA,NA,NA,1719,622,2077,NA,NA,NA,NA,NA,NA,NA,NA,NA,NA,NA,NA,7746,NA,2788,NA,16992
"contig_160 NW_025335040.1",592172,299165,12189,3,NA,NA,NA,NA,7,NA,NA,NA,NA,NA,2,2,NA,NA,NA,NA,NA,NA,NA,245,NA,NA,NA,NA,NA,26,NA,NA,134,NA,3683,50244,447,NA,NA,NA,NA,NA,NA,NA,NA,NA,NA,NA,NA,NA,249,108,108,138,NA,NA,NA,NA,NA,NA,NA,NA,NA,235,518,2736,112015,131,NA,NA,NA,328,350,576,NA,NA,NA,NA,22,NA,NA,NA,NA,NA,1969,283,12839,9792,NA,NA,NA,NA,NA,NA,NA,NA,NA,NA,873,159,2354,NA,NA,NA,NA,NA,15,NA,NA,NA,NA,NA,NA,23471,NA,7263,NA,49493
"contig_167 NW_025335047.1",10547582,9939018,10187,14,NA,NA,NA,NA,145,NA,NA,5,NA,NA,NA,208,NA,NA,3,NA,NA,146,NA,1235,NA,164,NA,62,NA,NA,NA,NA,147,85,1998,6971,33,NA,NA,111,NA,NA,NA,NA,NA,143,NA,42,NA,NA,425,227,410,242,NA,NA,NA,29,69,10,NA,NA,NA,390,NA,238,17866,138,NA,NA,NA,43,116,NA,NA,NA,NA,NA,16,585,156,3,NA,NA,977,306,558,25657,NA,NA,NA,NA,37,16,NA,NA,NA,13,4601,2574,3004,725,630,NA,80,57,513,686,56,143,NA,NA,92,401838,NA,26585,493,96261
"contig_67 NW_025335164.1",9220,2831,588,NA,NA,NA,NA,NA,NA,NA,NA,NA,NA,NA,NA,NA,NA,NA,NA,NA,NA,NA,NA,645,NA,29,NA,NA,NA,NA,NA,NA,NA,NA,NA,NA,NA,NA,NA,NA,NA,NA,NA,NA,NA,NA,NA,NA,NA,NA,NA,NA,NA,NA,NA,NA,NA,NA,NA,NA,NA,NA,NA,NA,NA,NA,2288,108,NA,NA,NA,NA,NA,254,NA,NA,NA,NA,NA,NA,NA,NA,NA,NA,223,NA,130,418,NA,NA,NA,NA,NA,NA,NA,NA,NA,NA,63,NA,351,NA,NA,NA,NA,NA,NA,NA,NA,NA,NA,NA,NA,331,NA,273,NA,688
"contig_196 NW_025335079.1",235706,105042,5900,34,NA,NA,NA,NA,63,NA,NA,NA,NA,NA,36,12,NA,NA,NA,NA,NA,NA,7,NA,NA,NA,NA,NA,NA,NA,NA,NA,218,NA,831,66765,NA,NA,NA,NA,NA,NA,NA,NA,NA,NA,NA,NA,NA,98,214,NA,NA,NA,NA,NA,NA,NA,NA,NA,NA,NA,NA,929,NA,1716,25801,12,NA,NA,NA,NA,NA,NA,NA,NA,NA,NA,64,NA,NA,NA,NA,NA,693,876,4221,902,NA,NA,NA,NA,NA,NA,NA,NA,NA,NA,632,30,760,NA,NA,NA,NA,NA,NA,NA,NA,NA,NA,NA,NA,9128,NA,800,NA,9922
"contig_161 NW_025335041.1",161932,66690,1926,NA,NA,NA,NA,NA,133,NA,NA,NA,NA,NA,NA,NA,NA,NA,NA,NA,NA,NA,NA,1923,NA,99,NA,NA,NA,NA,NA,NA,NA,NA,12,15202,87,NA,NA,NA,NA,NA,NA,NA,NA,NA,NA,NA,NA,NA,329,NA,NA,NA,NA,NA,NA,NA,NA,NA,NA,NA,NA,52,NA,65,35338,62,NA,NA,NA,NA,NA,493,NA,NA,NA,NA,NA,NA,NA,NA,NA,NA,104,141,5916,5465,NA,NA,NA,NA,NA,NA,NA,NA,NA,NA,732,91,6331,NA,NA,NA,NA,NA,NA,NA,NA,NA,NA,NA,NA,7284,NA,1266,NA,12191
"contig_59 NW_025335155.1",11321,6117,689,NA,NA,NA,NA,NA,NA,NA,NA,NA,NA,NA,NA,NA,NA,NA,NA,NA,NA,NA,NA,523,NA,35,NA,93,NA,NA,NA,NA,23,NA,218,NA,NA,NA,NA,NA,NA,NA,NA,NA,NA,NA,NA,NA,NA,NA,NA,NA,NA,NA,NA,NA,NA,NA,NA,NA,NA,NA,NA,NA,NA,NA,2277,NA,NA,NA,NA,NA,NA,NA,NA,NA,NA,NA,NA,NA,NA,NA,NA,NA,NA,NA,49,94,NA,NA,NA,NA,NA,NA,NA,NA,NA,NA,NA,NA,NA,NA,NA,NA,NA,NA,NA,NA,NA,NA,NA,NA,NA,911,NA,NA,NA,292
"contig_195 NW_025335078.1",318628,304998,859,NA,NA,NA,NA,NA,NA,NA,NA,NA,NA,NA,NA,1,NA,NA,NA,28,NA,NA,7,NA,NA,NA,NA,NA,NA,NA,NA,NA,NA,NA,NA,246,NA,NA,NA,NA,NA,NA,NA,NA,NA,NA,NA,NA,NA,NA,NA,NA,NA,NA,NA,NA,NA,NA,NA,NA,NA,NA,NA,NA,NA,NA,210,15,NA,NA,NA,NA,NA,16,NA,NA,NA,NA,NA,NA,NA,NA,NA,NA,343,50,188,1190,NA,NA,NA,NA,NA,NA,NA,NA,NA,NA,515,NA,70,NA,NA,NA,NA,NA,NA,NA,NA,NA,NA,NA,NA,7332,NA,290,NA,2270
"contig_103 NW_025334977.1",938,191,NA,NA,NA,NA,NA,NA,NA,NA,NA,NA,NA,NA,NA,NA,NA,NA,NA,NA,NA,NA,NA,NA,NA,NA,NA,NA,NA,NA,NA,NA,NA,NA,NA,NA,NA,NA,NA,NA,NA,NA,NA,NA,NA,NA,NA,NA,NA,NA,NA,NA,NA,NA,NA,NA,NA,NA,NA,NA,NA,NA,NA,NA,NA,NA,NA,NA,NA,NA,NA,NA,NA,NA,NA,NA,NA,NA,NA,NA,NA,NA,NA,NA,NA,NA,NA,65,NA,NA,NA,NA,NA,NA,NA,NA,NA,NA,NA,NA,NA,NA,NA,NA,NA,NA,NA,NA,NA,NA,NA,NA,NA,499,NA,85,NA,98
"contig_177 NW_025335058.1",480823,180918,11090,2,NA,NA,NA,NA,NA,NA,NA,NA,NA,NA,1,25,NA,NA,NA,NA,NA,NA,99,151,NA,NA,NA,245,NA,NA,NA,NA,74,28,1773,51271,323,NA,NA,NA,NA,NA,NA,NA,NA,NA,NA,NA,NA,NA,NA,NA,NA,36,NA,NA,NA,NA,NA,NA,NA,NA,NA,147,412,3980,118656,16,NA,NA,NA,NA,NA,44,NA,NA,NA,NA,NA,NA,NA,NA,NA,NA,2617,2263,17848,5034,NA,NA,NA,NA,NA,NA,21,39,NA,NA,112,NA,538,NA,NA,NA,NA,NA,NA,NA,NA,NA,NA,NA,NA,31310,NA,6097,NA,45653
"contig_198 NW_025335081.1",270261,103843,411,13,NA,NA,NA,NA,NA,NA,NA,NA,NA,NA,NA,NA,NA,NA,NA,NA,NA,NA,NA,NA,NA,NA,NA,NA,NA,NA,NA,NA,NA,NA,2441,20817,72,NA,NA,NA,NA,NA,NA,NA,NA,NA,NA,NA,NA,NA,NA,37,131,129,NA,NA,NA,NA,NA,NA,NA,NA,NA,117,NA,181,85442,176,NA,NA,NA,NA,NA,155,NA,NA,NA,NA,NA,NA,NA,NA,NA,NA,4928,12,3469,3529,NA,NA,NA,NA,NA,NA,NA,NA,NA,NA,3430,6138,3246,NA,NA,NA,NA,NA,NA,NA,NA,NA,NA,NA,NA,11239,NA,3565,NA,16740
"contig_212 NW_025335098.1",177402,25252,NA,NA,NA,NA,NA,NA,NA,NA,NA,NA,NA,NA,NA,NA,NA,NA,NA,NA,NA,NA,NA,78,NA,71,NA,NA,NA,NA,NA,NA,NA,NA,NA,1560,NA,NA,NA,NA,NA,NA,NA,NA,NA,NA,NA,NA,NA,NA,NA,NA,NA,NA,NA,NA,NA,NA,NA,NA,NA,NA,NA,6334,357,110,36,NA,NA,NA,NA,NA,NA,NA,NA,NA,NA,NA,NA,NA,NA,NA,NA,NA,114,NA,NA,735,NA,NA,NA,NA,NA,NA,NA,NA,NA,NA,3550,335,166,NA,NA,NA,NA,NA,NA,NA,NA,NA,NA,NA,NA,119784,NA,6847,NA,12073
"contig_145 NW_025335023.1",1214702,82582,1260,1350,NA,NA,NA,NA,NA,NA,18,25,42,207,201,7,NA,7,NA,NA,NA,NA,NA,779,NA,2946,56,6,NA,NA,NA,NA,1799,1358,118,13500,75,NA,6,230,103,NA,NA,NA,NA,NA,NA,NA,111,NA,1775,5468,372,123,NA,NA,NA,NA,NA,NA,NA,NA,NA,2808,241,394,44124,354,NA,NA,NA,919,661,253,NA,NA,NA,NA,NA,NA,NA,NA,NA,NA,10159,2183,1196,41549,NA,NA,NA,NA,NA,NA,NA,NA,NA,NA,37580,21704,5793,NA,NA,NA,NA,NA,NA,NA,NA,NA,NA,NA,NA,893912,NA,25919,NA,10429
"contig_187 NW_025335069.1",369537,360689,2371,NA,NA,NA,NA,NA,NA,NA,NA,NA,NA,NA,NA,NA,NA,NA,NA,NA,NA,NA,NA,NA,NA,NA,NA,NA,NA,NA,NA,NA,71,NA,221,NA,NA,NA,NA,NA,NA,NA,NA,NA,NA,NA,NA,NA,NA,NA,NA,NA,NA,NA,NA,NA,NA,NA,NA,NA,NA,NA,NA,NA,NA,NA,393,126,NA,NA,NA,59,NA,NA,NA,NA,NA,NA,NA,NA,NA,NA,NA,NA,1,387,15,NA,NA,NA,NA,NA,NA,NA,NA,NA,NA,NA,NA,NA,NA,NA,NA,NA,NA,NA,29,52,NA,NA,NA,NA,NA,4667,NA,50,NA,406
"contig_201 NW_025335086.1",241107,228186,NA,NA,NA,NA,NA,NA,NA,NA,NA,NA,NA,NA,NA,NA,NA,NA,NA,NA,NA,NA,NA,NA,NA,NA,NA,NA,NA,NA,NA,NA,NA,NA,NA,200,NA,NA,NA,NA,NA,NA,NA,NA,NA,NA,NA,NA,NA,NA,NA,NA,NA,NA,NA,NA,NA,NA,NA,NA,NA,NA,NA,180,NA,NA,4975,NA,NA,NA,NA,NA,NA,NA,NA,NA,NA,NA,NA,NA,NA,NA,NA,NA,NA,NA,NA,NA,NA,NA,NA,NA,NA,NA,NA,NA,NA,NA,NA,NA,NA,NA,NA,NA,NA,NA,NA,NA,NA,NA,NA,NA,NA,5366,NA,81,NA,2119
"contig_211 NW_025335097.1",179263,62108,5259,6,NA,NA,NA,NA,NA,NA,NA,NA,NA,NA,NA,64,NA,NA,NA,NA,NA,NA,NA,6,NA,NA,NA,16,NA,NA,NA,NA,74,NA,10,31999,58,NA,NA,NA,NA,NA,NA,NA,NA,NA,NA,NA,NA,NA,14,NA,NA,NA,NA,NA,NA,NA,NA,NA,NA,NA,NA,43,NA,235,53515,12,NA,NA,NA,NA,NA,NA,NA,NA,NA,NA,NA,NA,NA,NA,NA,NA,1235,483,4983,3671,NA,NA,NA,NA,NA,NA,NA,NA,NA,NA,778,NA,532,NA,NA,NA,NA,NA,NA,NA,NA,NA,NA,NA,NA,1727,NA,1900,NA,10535
"contig_28 NW_025335121.1",31525,1553,NA,NA,NA,NA,NA,NA,NA,NA,NA,NA,NA,NA,NA,NA,NA,NA,1,5,NA,NA,334,78,NA,376,142,6,NA,NA,NA,NA,NA,NA,316,6592,76,NA,NA,NA,NA,NA,NA,NA,NA,NA,NA,NA,NA,NA,69,563,1235,NA,NA,NA,NA,NA,NA,NA,NA,NA,NA,203,NA,478,1446,NA,NA,NA,NA,NA,15,NA,NA,NA,NA,NA,NA,NA,NA,NA,NA,NA,NA,NA,NA,268,NA,NA,NA,NA,NA,NA,NA,NA,NA,NA,2087,12994,120,NA,NA,NA,NA,NA,NA,NA,NA,NA,NA,NA,NA,1119,NA,80,NA,1369
"contig_20 NW_025335084.1",52764,24439,851,NA,NA,NA,NA,NA,NA,NA,NA,NA,NA,NA,NA,NA,NA,NA,NA,NA,NA,NA,NA,NA,NA,NA,NA,NA,NA,NA,NA,NA,NA,NA,NA,4543,NA,NA,NA,NA,NA,NA,NA,NA,NA,NA,NA,NA,NA,NA,NA,NA,NA,NA,NA,NA,NA,NA,NA,NA,NA,NA,NA,NA,NA,185,12306,NA,NA,NA,NA,NA,NA,NA,NA,NA,NA,NA,NA,NA,NA,NA,NA,NA,528,243,737,295,NA,NA,NA,NA,NA,NA,NA,NA,NA,NA,NA,NA,NA,NA,NA,NA,NA,NA,NA,NA,NA,NA,NA,NA,NA,2371,NA,758,NA,5508
"contig_95 NW_025335195.1",4729,2361,545,NA,NA,NA,NA,NA,132,NA,NA,NA,NA,NA,NA,NA,NA,NA,NA,NA,NA,NA,NA,NA,NA,NA,NA,NA,NA,NA,NA,NA,NA,NA,NA,NA,NA,NA,NA,NA,NA,NA,NA,NA,NA,NA,NA,NA,NA,NA,282,NA,NA,NA,NA,NA,NA,NA,NA,NA,NA,NA,NA,NA,NA,NA,NA,NA,NA,NA,NA,NA,NA,NA,NA,NA,NA,NA,NA,NA,NA,NA,NA,NA,NA,NA,NA,526,NA,NA,NA,NA,NA,NA,NA,NA,NA,72,NA,NA,9,NA,NA,NA,NA,NA,NA,NA,NA,NA,NA,NA,33,658,NA,NA,NA,111
"contig_216 NW_025335102.1",155648,147780,177,NA,NA,NA,NA,NA,NA,NA,NA,NA,NA,NA,NA,NA,NA,NA,NA,NA,NA,NA,NA,NA,NA,NA,NA,NA,NA,NA,NA,NA,NA,NA,107,2739,NA,NA,NA,NA,NA,NA,NA,NA,NA,NA,NA,NA,NA,NA,NA,NA,NA,NA,NA,NA,NA,NA,NA,NA,NA,NA,NA,NA,NA,NA,384,99,NA,NA,NA,154,NA,70,NA,NA,NA,NA,NA,NA,NA,NA,NA,NA,150,NA,57,719,NA,NA,NA,NA,NA,NA,NA,NA,NA,NA,131,19,198,NA,NA,NA,NA,NA,NA,NA,NA,NA,NA,NA,NA,1826,NA,NA,NA,1038
"contig_189 NW_025335071.1",331743,209195,4809,NA,NA,NA,NA,NA,NA,NA,NA,NA,NA,NA,NA,NA,NA,NA,NA,NA,NA,NA,NA,489,NA,47,NA,NA,NA,NA,NA,NA,NA,NA,NA,46870,NA,NA,NA,NA,NA,NA,NA,NA,NA,NA,NA,NA,NA,NA,48,159,NA,NA,NA,NA,NA,NA,NA,NA,NA,NA,NA,133,11,506,31365,152,NA,NA,NA,NA,NA,NA,NA,NA,NA,NA,NA,NA,NA,NA,NA,NA,588,239,1979,5352,NA,NA,NA,NA,NA,NA,NA,NA,NA,NA,416,NA,6,NA,NA,NA,NA,NA,6,NA,NA,23,113,NA,NA,16899,NA,3515,NA,8823
"contig_15 NW_025335028.1",68928,56726,325,NA,NA,NA,NA,NA,NA,NA,NA,NA,NA,NA,NA,NA,NA,NA,NA,NA,NA,NA,NA,4,NA,NA,39,62,NA,NA,NA,NA,NA,NA,105,113,NA,NA,NA,NA,NA,NA,NA,NA,NA,NA,NA,NA,NA,NA,207,NA,NA,NA,NA,NA,NA,NA,NA,NA,NA,NA,NA,NA,NA,NA,NA,280,NA,NA,NA,12,NA,151,NA,NA,NA,NA,NA,NA,NA,NA,NA,NA,NA,NA,NA,2610,NA,NA,NA,NA,NA,NA,NA,NA,NA,NA,1195,241,1773,NA,NA,NA,NA,NA,NA,NA,NA,NA,NA,NA,NA,4545,NA,55,NA,485
"contig_25 NW_025335118.1",43648,19665,588,NA,NA,NA,NA,NA,NA,NA,NA,NA,NA,NA,NA,NA,NA,NA,NA,NA,NA,NA,NA,NA,NA,NA,NA,NA,NA,NA,NA,NA,54,NA,55,4898,NA,NA,NA,NA,NA,NA,NA,NA,NA,NA,NA,NA,NA,NA,NA,NA,NA,NA,NA,NA,NA,NA,NA,NA,NA,NA,NA,23,NA,NA,11357,1,NA,NA,NA,NA,NA,NA,NA,NA,NA,NA,NA,NA,NA,NA,NA,NA,290,NA,575,797,NA,NA,NA,NA,NA,NA,NA,NA,NA,NA,245,NA,49,NA,NA,NA,NA,NA,NA,NA,NA,NA,NA,NA,NA,1502,NA,76,NA,3473
"contig_225 NW_025335112.1",113458,97726,4352,NA,NA,NA,NA,NA,NA,NA,NA,NA,NA,NA,NA,NA,NA,NA,NA,NA,NA,NA,62,NA,NA,NA,NA,NA,NA,NA,NA,NA,43,NA,NA,320,NA,NA,NA,NA,NA,NA,NA,NA,NA,NA,NA,NA,NA,NA,NA,NA,NA,NA,NA,NA,NA,NA,NA,NA,NA,NA,NA,NA,NA,NA,4499,NA,NA,NA,NA,NA,NA,NA,NA,NA,NA,NA,NA,NA,88,NA,NA,NA,99,NA,577,450,NA,NA,NA,NA,NA,NA,NA,NA,NA,NA,24,11,129,NA,NA,NA,NA,NA,NA,NA,1,NA,NA,NA,NA,4217,NA,77,NA,783
"contig_53 NW_025335149.1",11171,1848,9,NA,NA,NA,NA,NA,NA,NA,NA,NA,NA,NA,NA,NA,NA,NA,NA,NA,NA,NA,NA,78,NA,NA,NA,NA,NA,NA,NA,NA,NA,NA,NA,NA,NA,NA,NA,NA,NA,NA,NA,NA,NA,NA,NA,NA,NA,NA,NA,NA,NA,NA,NA,NA,NA,NA,NA,NA,NA,NA,NA,NA,NA,NA,372,NA,NA,NA,NA,NA,NA,NA,NA,NA,NA,NA,NA,NA,NA,NA,NA,NA,NA,1223,659,1666,NA,NA,NA,NA,NA,NA,NA,NA,NA,NA,269,99,1525,NA,NA,NA,NA,NA,NA,NA,NA,NA,NA,NA,NA,1144,NA,236,NA,2043
"contig_171 NW_025335052.1",516794,491092,834,NA,NA,NA,NA,NA,NA,NA,NA,NA,NA,NA,NA,NA,NA,NA,NA,NA,NA,NA,NA,NA,NA,NA,NA,NA,NA,NA,NA,NA,NA,NA,808,115,NA,NA,NA,NA,NA,NA,NA,NA,NA,NA,NA,NA,NA,NA,NA,NA,NA,NA,NA,NA,NA,NA,NA,NA,NA,NA,NA,NA,NA,NA,12668,41,NA,NA,NA,NA,NA,NA,NA,NA,NA,NA,NA,NA,NA,NA,NA,NA,128,NA,NA,415,NA,NA,NA,NA,NA,NA,NA,NA,NA,NA,494,NA,NA,NA,NA,NA,NA,NA,NA,NA,NA,NA,NA,NA,NA,6736,NA,57,NA,3406
"contig_48 NW_025335143.1",9071,1217,NA,NA,NA,NA,NA,NA,NA,NA,NA,NA,NA,NA,NA,NA,NA,NA,NA,NA,NA,NA,NA,NA,NA,NA,NA,NA,NA,NA,NA,NA,NA,NA,NA,NA,NA,NA,NA,NA,NA,NA,NA,NA,NA,NA,NA,NA,NA,NA,NA,NA,NA,NA,NA,NA,NA,NA,NA,NA,NA,NA,NA,NA,NA,NA,NA,NA,NA,NA,NA,NA,NA,NA,NA,NA,NA,NA,NA,NA,NA,NA,NA,NA,NA,NA,NA,NA,NA,NA,NA,NA,NA,NA,NA,NA,NA,NA,3332,248,NA,NA,NA,NA,NA,NA,NA,NA,NA,NA,NA,NA,NA,3771,NA,437,NA,66
"contig_78 NW_025335176.1",6825,4135,NA,NA,NA,NA,NA,NA,NA,NA,NA,NA,NA,NA,NA,NA,NA,NA,NA,NA,NA,NA,NA,NA,NA,NA,NA,NA,NA,NA,NA,NA,NA,NA,NA,NA,NA,NA,NA,NA,NA,NA,NA,NA,NA,NA,NA,NA,NA,NA,NA,NA,NA,NA,NA,NA,NA,NA,NA,NA,NA,NA,NA,NA,NA,NA,NA,NA,NA,NA,NA,NA,NA,NA,NA,NA,NA,NA,NA,NA,NA,NA,NA,NA,NA,NA,NA,408,NA,NA,NA,NA,NA,NA,NA,NA,NA,NA,288,NA,31,NA,NA,NA,NA,NA,NA,NA,NA,NA,NA,NA,NA,1318,NA,327,NA,318
"contig_26 NW_025335119.1",42660,37193,NA,NA,NA,NA,NA,NA,NA,NA,NA,NA,NA,NA,NA,NA,NA,NA,NA,NA,NA,NA,NA,NA,NA,NA,NA,NA,NA,NA,NA,NA,NA,NA,NA,101,NA,NA,NA,NA,NA,NA,NA,NA,NA,NA,NA,NA,NA,NA,NA,NA,NA,NA,NA,NA,NA,NA,NA,NA,NA,NA,NA,NA,NA,NA,4922,NA,NA,NA,NA,NA,NA,NA,NA,NA,NA,NA,NA,NA,NA,NA,NA,NA,110,NA,NA,NA,NA,NA,NA,NA,NA,NA,NA,NA,NA,NA,NA,NA,NA,NA,NA,NA,NA,NA,NA,NA,NA,NA,NA,NA,NA,38,NA,NA,NA,296
"contig_24 NW_025335117.1",49500,6604,NA,NA,NA,NA,NA,NA,NA,NA,NA,NA,NA,NA,NA,NA,NA,NA,NA,NA,NA,NA,NA,NA,NA,NA,NA,NA,NA,NA,NA,NA,NA,NA,NA,2302,NA,NA,NA,NA,NA,NA,NA,NA,NA,NA,NA,NA,NA,NA,NA,NA,NA,NA,NA,NA,NA,NA,NA,NA,NA,NA,NA,52,NA,121,1489,NA,NA,NA,NA,NA,NA,NA,NA,NA,NA,NA,NA,NA,NA,NA,NA,NA,NA,NA,NA,NA,NA,NA,NA,NA,NA,NA,NA,NA,NA,NA,NA,NA,NA,NA,NA,NA,NA,NA,NA,NA,NA,NA,NA,NA,NA,38703,NA,NA,NA,229
"contig_91 NW_025335191.1",6068,3525,1259,NA,NA,NA,NA,NA,NA,NA,NA,NA,NA,NA,NA,NA,NA,NA,NA,NA,NA,NA,NA,NA,NA,NA,NA,NA,NA,NA,NA,NA,NA,NA,NA,NA,NA,NA,NA,NA,NA,NA,NA,NA,NA,NA,NA,NA,NA,NA,NA,NA,NA,NA,NA,NA,NA,NA,NA,NA,NA,NA,NA,NA,NA,NA,NA,NA,NA,NA,NA,NA,NA,NA,NA,NA,NA,NA,NA,NA,NA,NA,NA,NA,NA,NA,NA,127,NA,NA,NA,NA,NA,NA,NA,NA,NA,NA,59,NA,NA,NA,NA,NA,NA,NA,NA,NA,NA,NA,NA,NA,NA,1098,NA,NA,NA,NA
"contig_208 NW_025335093.1",3042,1,NA,NA,NA,NA,NA,NA,NA,NA,NA,NA,NA,NA,NA,NA,NA,NA,NA,NA,NA,NA,NA,NA,NA,NA,NA,NA,NA,NA,NA,NA,NA,NA,NA,3041,NA,NA,NA,NA,NA,NA,NA,NA,NA,NA,NA,NA,NA,NA,NA,NA,NA,NA,NA,NA,NA,NA,NA,NA,NA,NA,NA,NA,NA,NA,NA,NA,NA,NA,NA,NA,NA,NA,NA,NA,NA,NA,NA,NA,NA,NA,NA,NA,NA,NA,NA,NA,NA,NA,NA,NA,NA,NA,NA,NA,NA,NA,NA,NA,NA,NA,NA,NA,NA,NA,NA,NA,NA,NA,NA,NA,NA,NA,NA,NA,NA,NA
"contig_56 NW_025335152.1",12605,2764,NA,NA,NA,NA,NA,NA,NA,NA,NA,NA,NA,NA,NA,NA,NA,NA,NA,NA,NA,NA,NA,NA,NA,NA,NA,NA,NA,NA,NA,NA,NA,NA,NA,345,NA,NA,NA,NA,NA,NA,NA,NA,NA,NA,NA,NA,NA,NA,NA,NA,NA,NA,NA,NA,NA,NA,NA,NA,NA,NA,NA,NA,NA,NA,8673,NA,NA,NA,NA,NA,NA,NA,NA,NA,NA,NA,NA,NA,NA,NA,NA,NA,NA,141,157,NA,NA,NA,NA,NA,NA,NA,NA,NA,NA,NA,NA,NA,NA,NA,NA,NA,NA,NA,NA,NA,NA,NA,NA,NA,NA,99,NA,NA,NA,426
"contig_93 NW_025335193.1",6274,2291,1741,NA,NA,NA,NA,NA,NA,NA,NA,NA,NA,NA,NA,NA,NA,NA,NA,NA,NA,NA,NA,NA,NA,NA,NA,NA,NA,NA,NA,NA,NA,NA,383,910,14,NA,NA,NA,NA,NA,NA,NA,NA,NA,NA,NA,NA,NA,NA,NA,NA,NA,NA,NA,NA,NA,NA,NA,NA,NA,NA,NA,NA,NA,309,NA,NA,NA,NA,NA,NA,NA,NA,NA,NA,NA,NA,NA,NA,NA,NA,NA,NA,NA,241,NA,NA,NA,NA,NA,NA,NA,NA,NA,NA,NA,NA,NA,NA,NA,NA,NA,NA,NA,NA,NA,NA,NA,NA,NA,NA,NA,NA,NA,NA,385
"contig_114 NW_025334989.1",4123,3495,NA,NA,NA,NA,NA,NA,NA,NA,NA,NA,NA,NA,NA,NA,NA,NA,NA,NA,NA,NA,NA,NA,NA,NA,NA,NA,NA,NA,NA,NA,NA,NA,NA,NA,NA,NA,NA,NA,NA,NA,NA,NA,NA,NA,NA,NA,NA,NA,NA,NA,NA,NA,NA,NA,NA,NA,NA,NA,NA,NA,NA,NA,NA,NA,94,NA,NA,NA,NA,NA,NA,NA,NA,NA,NA,NA,NA,NA,NA,NA,NA,NA,NA,NA,69,NA,NA,NA,NA,NA,NA,NA,NA,NA,NA,NA,NA,NA,NA,NA,NA,NA,NA,NA,NA,NA,NA,NA,NA,NA,NA,NA,NA,NA,NA,465
"contig_141 NW_025335019.1",222,1,NA,NA,NA,NA,NA,NA,NA,NA,NA,NA,NA,NA,NA,NA,NA,NA,NA,NA,NA,NA,NA,NA,NA,NA,NA,NA,NA,NA,NA,NA,NA,NA,NA,NA,NA,NA,NA,NA,NA,NA,NA,NA,NA,NA,NA,NA,NA,NA,NA,NA,NA,NA,NA,NA,NA,NA,NA,NA,NA,NA,NA,NA,NA,NA,NA,NA,NA,NA,NA,NA,NA,NA,NA,NA,NA,NA,NA,NA,NA,NA,NA,NA,NA,NA,NA,NA,NA,NA,NA,NA,NA,NA,NA,NA,NA,NA,NA,NA,NA,NA,NA,NA,NA,NA,NA,NA,NA,NA,NA,NA,NA,NA,NA,NA,NA,221
"contig_106 NW_025334980.1",5319,1652,2,NA,NA,NA,NA,NA,NA,NA,NA,NA,NA,NA,NA,NA,NA,NA,NA,NA,NA,NA,NA,NA,NA,NA,NA,NA,NA,NA,NA,NA,433,418,26,NA,NA,NA,NA,NA,NA,NA,NA,NA,NA,NA,NA,NA,NA,NA,NA,NA,NA,NA,NA,NA,NA,NA,NA,NA,NA,NA,NA,NA,NA,NA,NA,NA,NA,NA,NA,NA,NA,NA,NA,NA,NA,NA,NA,NA,NA,NA,NA,NA,NA,NA,NA,640,NA,NA,NA,NA,NA,NA,NA,NA,NA,NA,NA,NA,NA,NA,NA,NA,NA,NA,NA,NA,NA,NA,NA,NA,NA,1,NA,96,NA,2051
"contig_176 NW_025335057.1",6881,958,NA,NA,NA,NA,NA,NA,NA,NA,NA,NA,NA,NA,NA,NA,NA,NA,NA,NA,NA,NA,NA,NA,NA,NA,NA,NA,NA,NA,NA,NA,NA,NA,NA,NA,NA,NA,NA,NA,NA,NA,NA,NA,NA,NA,NA,NA,NA,NA,NA,NA,NA,NA,NA,NA,NA,NA,NA,NA,NA,NA,NA,NA,NA,NA,2680,NA,NA,NA,NA,NA,NA,NA,NA,NA,NA,NA,NA,NA,NA,NA,NA,NA,NA,NA,NA,3198,NA,NA,NA,NA,NA,NA,NA,NA,NA,NA,NA,NA,45,NA,NA,NA,NA,NA,NA,NA,NA,NA,NA,NA,NA,NA,NA,NA,NA,NA
"contig_222 NW_025335109.1",124528,7557,NA,NA,NA,NA,NA,NA,NA,NA,NA,NA,NA,NA,NA,NA,NA,NA,NA,NA,NA,NA,NA,NA,NA,NA,NA,NA,NA,NA,NA,NA,NA,NA,NA,4163,NA,NA,NA,NA,NA,NA,NA,NA,NA,NA,NA,NA,NA,NA,NA,NA,NA,NA,NA,NA,NA,NA,NA,NA,NA,NA,NA,22,NA,NA,7241,NA,NA,NA,NA,NA,NA,NA,NA,NA,NA,NA,NA,NA,NA,NA,NA,NA,NA,4,194,284,NA,NA,NA,NA,NA,NA,NA,NA,NA,NA,2291,780,114,NA,NA,NA,NA,NA,NA,NA,NA,NA,NA,NA,NA,91715,NA,10062,NA,101
"contig_207 NW_025335092.1",169154,47384,NA,NA,NA,NA,NA,NA,NA,NA,NA,NA,NA,NA,NA,NA,NA,NA,NA,NA,NA,NA,NA,NA,NA,NA,NA,NA,NA,NA,NA,NA,NA,NA,NA,42544,NA,NA,NA,NA,NA,NA,NA,NA,NA,NA,NA,NA,NA,NA,NA,NA,NA,NA,NA,NA,NA,NA,NA,NA,NA,NA,NA,259,565,1436,27219,24,NA,NA,NA,NA,NA,118,NA,NA,NA,NA,NA,NA,NA,NA,NA,NA,1074,626,3255,625,NA,NA,NA,NA,NA,NA,NA,NA,NA,NA,7,NA,NA,NA,NA,50,NA,NA,NA,NA,NA,NA,NA,NA,NA,18398,NA,19836,NA,5734
"contig_200 NW_025335085.1",260495,104865,4887,7,NA,NA,NA,NA,NA,NA,NA,NA,NA,NA,NA,3,NA,NA,NA,NA,NA,NA,NA,115,NA,NA,NA,NA,NA,NA,NA,NA,334,185,1039,77542,NA,NA,NA,NA,NA,NA,NA,NA,NA,NA,NA,NA,NA,NA,NA,NA,NA,NA,NA,NA,NA,NA,NA,NA,NA,NA,NA,1178,106,5860,33116,NA,NA,NA,NA,NA,NA,NA,NA,NA,NA,NA,NA,NA,NA,NA,NA,NA,442,493,6780,1992,NA,NA,NA,NA,NA,NA,NA,NA,NA,NA,237,418,418,NA,NA,NA,NA,NA,NA,NA,NA,NA,NA,NA,NA,14221,NA,452,NA,5805
"contig_168 NW_025335048.1",518313,106064,NA,NA,NA,NA,NA,NA,97,NA,NA,36,NA,NA,NA,NA,NA,NA,NA,NA,NA,NA,NA,802,NA,8,NA,NA,NA,NA,NA,NA,NA,NA,NA,8766,NA,NA,NA,NA,NA,37,124,NA,NA,NA,NA,7,78,NA,202,NA,NA,170,NA,37,697,NA,NA,NA,NA,NA,NA,934,NA,351,24151,NA,NA,NA,NA,NA,NA,NA,NA,NA,22,NA,NA,NA,NA,NA,NA,NA,3618,1820,2340,12723,NA,NA,NA,NA,NA,NA,NA,NA,NA,NA,2268,478,200,843,8582,15149,NA,2424,NA,NA,NA,NA,NA,NA,NA,292286,NA,21060,NA,11939
"contig_215 NW_025335101.1",160059,74233,16625,NA,NA,NA,NA,NA,NA,NA,NA,NA,NA,NA,141,27,NA,NA,NA,NA,NA,NA,NA,NA,NA,NA,NA,NA,NA,NA,NA,NA,641,NA,1149,6906,46,NA,NA,NA,NA,NA,NA,NA,NA,NA,NA,NA,NA,NA,NA,NA,NA,NA,NA,NA,NA,NA,NA,175,1,NA,NA,103,194,608,30836,NA,NA,NA,NA,NA,NA,NA,NA,NA,NA,NA,NA,NA,NA,NA,NA,NA,449,262,4205,583,NA,NA,NA,NA,NA,NA,NA,NA,NA,NA,76,NA,150,NA,NA,NA,NA,NA,NA,NA,NA,NA,NA,NA,NA,3883,NA,492,NA,18274
"contig_179 NW_025335060.1",475793,183207,4951,NA,NA,NA,NA,NA,NA,NA,NA,NA,NA,NA,NA,2,651,NA,NA,NA,NA,NA,38,1297,NA,47,NA,7,NA,NA,NA,NA,363,NA,671,52431,485,NA,NA,NA,NA,NA,NA,NA,NA,NA,NA,NA,3,5,162,NA,NA,NA,NA,NA,NA,393,NA,NA,NA,NA,NA,763,NA,1023,118926,322,NA,NA,NA,NA,NA,231,NA,NA,NA,NA,65,NA,NA,NA,NA,NA,3143,1101,11499,33814,NA,NA,NA,NA,NA,NA,NA,NA,NA,NA,2399,459,4819,NA,NA,NA,NA,NA,NA,NA,NA,NA,NA,NA,NA,22432,NA,4764,NA,25320
"contig_12 NW_025334995.1",77950,75455,NA,NA,NA,NA,NA,NA,NA,NA,NA,NA,NA,NA,NA,NA,NA,NA,NA,NA,NA,NA,NA,NA,NA,NA,NA,NA,NA,NA,NA,NA,NA,NA,NA,261,NA,NA,NA,NA,NA,NA,NA,NA,NA,NA,NA,NA,NA,NA,NA,NA,NA,NA,NA,NA,NA,NA,NA,NA,NA,NA,NA,NA,NA,NA,NA,NA,NA,NA,NA,NA,NA,NA,NA,NA,NA,NA,NA,NA,NA,NA,NA,NA,NA,NA,NA,NA,NA,NA,NA,NA,NA,NA,NA,NA,NA,NA,NA,NA,NA,NA,NA,NA,NA,NA,NA,NA,NA,NA,NA,NA,NA,1807,NA,NA,NA,427
"contig_5 NW_025335145.1",102607,47824,2861,64,NA,NA,NA,NA,99,NA,NA,34,NA,NA,2,2,NA,NA,NA,NA,NA,NA,NA,5,NA,NA,NA,NA,NA,NA,NA,NA,163,7,141,6897,31,NA,NA,NA,NA,NA,NA,NA,NA,NA,NA,NA,NA,NA,173,NA,NA,154,NA,NA,NA,NA,NA,NA,NA,NA,NA,52,NA,6,15591,23,NA,NA,NA,NA,NA,NA,NA,NA,NA,NA,NA,NA,NA,NA,NA,NA,3,459,4368,5312,NA,NA,NA,NA,53,NA,NA,NA,NA,NA,282,NA,322,NA,NA,NA,NA,NA,7,NA,NA,NA,NA,NA,NA,6032,NA,1082,NA,10558
"contig_227 NW_025335114.1",106594,86805,4531,36,NA,NA,NA,NA,NA,NA,NA,NA,NA,NA,246,NA,NA,NA,NA,NA,NA,NA,NA,NA,NA,NA,NA,NA,NA,NA,NA,NA,NA,NA,89,648,NA,NA,NA,NA,NA,NA,NA,NA,NA,NA,NA,NA,NA,NA,NA,NA,NA,105,NA,NA,NA,NA,NA,NA,NA,NA,NA,34,230,979,3187,52,NA,NA,NA,NA,NA,NA,NA,NA,NA,NA,NA,NA,NA,NA,NA,NA,NA,NA,39,224,NA,NA,NA,NA,NA,NA,NA,NA,NA,NA,NA,NA,412,NA,NA,NA,NA,NA,NA,NA,NA,NA,NA,NA,NA,5278,NA,584,NA,3115
"contig_217 NW_025335103.1",149339,129211,2300,NA,NA,NA,NA,NA,NA,NA,NA,NA,NA,NA,NA,NA,NA,NA,NA,NA,NA,NA,NA,128,NA,NA,NA,26,NA,NA,NA,NA,NA,NA,199,1734,NA,NA,NA,NA,NA,NA,NA,NA,NA,NA,NA,NA,NA,NA,NA,44,NA,NA,NA,NA,NA,NA,NA,NA,NA,NA,NA,94,75,941,235,143,NA,NA,NA,NA,NA,NA,NA,NA,NA,NA,NA,NA,NA,NA,NA,NA,NA,NA,117,2631,NA,NA,NA,NA,NA,NA,NA,NA,NA,NA,270,18,316,NA,NA,NA,NA,NA,62,NA,NA,NA,NA,NA,NA,4243,NA,1785,NA,4767
"contig_214 NW_025335100.1",149120,73700,971,NA,NA,NA,NA,NA,NA,NA,NA,NA,NA,NA,135,NA,NA,NA,NA,NA,NA,NA,NA,7,NA,NA,NA,7,NA,NA,NA,NA,NA,NA,NA,18877,6,NA,NA,NA,NA,NA,NA,NA,NA,NA,NA,NA,NA,7,NA,NA,NA,NA,NA,NA,NA,NA,NA,NA,NA,NA,NA,57,1612,7275,17818,42,NA,NA,NA,NA,NA,289,NA,NA,NA,NA,NA,NA,NA,NA,NA,NA,229,70,2128,1477,NA,NA,NA,NA,NA,NA,NA,NA,NA,NA,74,NA,289,NA,NA,NA,NA,NA,95,109,NA,NA,NA,NA,NA,5863,NA,2927,NA,15056
"contig_185 NW_025335067.1",394115,369647,1061,NA,NA,NA,NA,NA,NA,NA,NA,NA,NA,NA,NA,NA,NA,NA,NA,NA,NA,NA,NA,113,NA,NA,NA,NA,NA,NA,NA,NA,NA,NA,141,352,NA,NA,NA,NA,NA,NA,NA,NA,NA,NA,NA,NA,NA,NA,NA,NA,NA,NA,NA,NA,NA,NA,NA,NA,NA,NA,NA,NA,NA,NA,284,137,NA,NA,NA,44,NA,NA,NA,NA,NA,NA,NA,NA,NA,NA,NA,NA,NA,NA,NA,2083,NA,NA,NA,NA,NA,NA,NA,NA,NA,NA,1762,325,297,NA,NA,NA,NA,NA,NA,NA,NA,NA,NA,NA,NA,15399,NA,430,NA,2040
"contig_228 NW_025335115.1",105086,81635,1098,7,NA,NA,NA,NA,NA,NA,NA,NA,NA,NA,NA,NA,NA,NA,NA,NA,NA,NA,NA,NA,NA,NA,NA,NA,NA,NA,NA,NA,NA,NA,NA,7459,NA,NA,NA,NA,NA,NA,NA,NA,NA,NA,NA,NA,NA,NA,NA,NA,NA,NA,NA,NA,NA,NA,NA,NA,NA,NA,NA,10,NA,NA,6928,NA,NA,NA,NA,NA,NA,NA,NA,NA,NA,NA,24,NA,NA,NA,NA,NA,163,NA,313,NA,NA,NA,NA,NA,NA,NA,NA,NA,NA,NA,NA,NA,NA,NA,NA,NA,NA,NA,8,NA,NA,NA,NA,NA,NA,6468,NA,11,NA,962
"contig_54 NW_025335150.1",14774,8037,NA,NA,NA,NA,NA,NA,NA,NA,NA,NA,NA,NA,NA,NA,NA,NA,NA,NA,NA,NA,NA,NA,NA,NA,NA,NA,NA,NA,NA,NA,NA,NA,NA,5345,NA,NA,NA,NA,NA,NA,NA,NA,NA,NA,NA,NA,NA,NA,NA,NA,NA,NA,NA,NA,NA,NA,NA,NA,NA,NA,NA,NA,NA,NA,300,NA,NA,NA,NA,NA,NA,NA,NA,NA,NA,NA,NA,NA,NA,NA,NA,NA,NA,56,467,NA,NA,NA,NA,NA,NA,NA,NA,NA,NA,NA,NA,NA,NA,NA,NA,NA,NA,NA,NA,NA,NA,NA,NA,NA,NA,569,NA,NA,NA,NA
"contig_188 NW_025335070.1",337310,199903,8421,NA,NA,NA,NA,NA,NA,NA,NA,NA,NA,NA,NA,5,NA,NA,NA,NA,NA,NA,NA,NA,NA,NA,NA,NA,NA,NA,NA,NA,5,NA,1631,17188,NA,NA,NA,NA,NA,NA,NA,NA,NA,NA,NA,1,NA,NA,1,NA,NA,NA,NA,NA,NA,NA,NA,NA,NA,NA,NA,344,NA,350,57372,93,NA,NA,NA,NA,NA,176,NA,NA,NA,NA,NA,NA,NA,NA,NA,NA,1029,929,11703,7369,NA,NA,NA,NA,NA,NA,NA,NA,NA,NA,513,251,3103,NA,NA,NA,NA,NA,NA,NA,NA,NA,NA,NA,NA,10850,NA,1093,NA,14980
"contig_29 NW_025335122.1",37504,9608,2376,NA,NA,NA,NA,NA,97,NA,NA,36,NA,NA,NA,NA,NA,NA,NA,NA,NA,NA,NA,669,NA,78,NA,NA,NA,NA,NA,NA,NA,NA,NA,4812,NA,NA,NA,NA,NA,NA,NA,NA,NA,NA,NA,NA,NA,NA,198,NA,NA,115,NA,NA,NA,NA,NA,NA,NA,NA,NA,335,NA,65,5617,13,NA,NA,NA,NA,NA,NA,NA,NA,NA,NA,NA,NA,NA,NA,NA,NA,NA,NA,NA,7601,NA,NA,NA,NA,NA,NA,NA,NA,NA,NA,228,132,290,NA,NA,NA,NA,NA,NA,NA,NA,NA,NA,NA,NA,3102,NA,226,NA,1906
"contig_199 NW_025335082.1",267246,115035,9086,3,NA,NA,NA,NA,NA,NA,NA,NA,NA,NA,106,36,66,NA,NA,NA,NA,NA,NA,1819,NA,67,NA,334,NA,NA,NA,NA,29,NA,977,29142,221,NA,NA,NA,NA,NA,NA,NA,NA,NA,18,NA,NA,277,29,NA,NA,14,NA,NA,NA,NA,NA,NA,NA,NA,NA,183,NA,958,66590,101,NA,NA,NA,NA,NA,NA,NA,NA,NA,NA,NA,NA,NA,122,NA,NA,657,1287,8661,3445,NA,NA,NA,NA,NA,NA,NA,NA,NA,NA,111,35,877,NA,NA,NA,NA,NA,NA,NA,NA,NA,NA,NA,NA,8533,NA,1522,NA,16905
"contig_43 NW_025335138.1",23707,19571,376,NA,NA,NA,NA,NA,NA,NA,NA,NA,NA,NA,NA,NA,NA,NA,NA,NA,NA,NA,NA,NA,NA,NA,NA,NA,NA,NA,NA,NA,NA,NA,NA,NA,NA,NA,NA,NA,NA,NA,NA,NA,NA,NA,NA,NA,NA,NA,NA,NA,NA,NA,NA,NA,NA,NA,NA,NA,NA,NA,NA,NA,NA,NA,2614,NA,NA,NA,NA,NA,NA,NA,NA,NA,NA,NA,NA,NA,NA,NA,NA,NA,NA,NA,1,NA,NA,NA,NA,NA,NA,NA,NA,NA,NA,NA,NA,NA,NA,NA,NA,NA,NA,NA,NA,NA,NA,NA,NA,NA,NA,178,NA,NA,NA,967
"contig_68 NW_025335165.1",9776,5033,491,NA,NA,NA,NA,NA,NA,NA,NA,NA,NA,NA,NA,NA,NA,NA,NA,NA,NA,NA,NA,2,NA,NA,NA,NA,NA,NA,NA,NA,66,NA,62,NA,NA,NA,NA,NA,NA,NA,NA,NA,NA,NA,NA,NA,NA,NA,NA,NA,NA,NA,NA,NA,NA,NA,NA,NA,NA,NA,NA,NA,NA,NA,NA,NA,NA,NA,NA,NA,NA,NA,NA,NA,NA,NA,NA,NA,NA,NA,NA,NA,NA,NA,NA,2076,NA,NA,NA,NA,NA,NA,NA,NA,NA,NA,40,84,1062,NA,NA,NA,NA,NA,NA,NA,NA,NA,NA,NA,NA,293,NA,189,NA,378
"contig_58 NW_025335154.1",12708,4226,NA,NA,NA,NA,NA,NA,NA,NA,NA,NA,NA,NA,NA,NA,NA,NA,NA,NA,NA,NA,NA,113,NA,NA,NA,NA,NA,NA,NA,NA,NA,NA,NA,128,NA,NA,NA,NA,NA,NA,NA,NA,NA,NA,NA,NA,NA,NA,NA,NA,NA,NA,NA,NA,NA,NA,NA,NA,NA,NA,NA,NA,NA,NA,358,NA,NA,NA,NA,NA,NA,NA,NA,NA,NA,NA,NA,NA,NA,NA,NA,NA,NA,NA,311,870,NA,NA,NA,NA,NA,NA,NA,NA,NA,NA,52,NA,422,NA,NA,NA,NA,NA,NA,NA,NA,NA,NA,NA,NA,1628,NA,336,NA,4264
"contig_51 NW_025335147.1",17661,11875,271,NA,NA,NA,NA,NA,NA,NA,NA,NA,NA,NA,NA,NA,NA,NA,NA,NA,NA,NA,NA,NA,NA,NA,NA,NA,NA,NA,NA,NA,NA,NA,NA,NA,NA,NA,NA,NA,NA,NA,NA,NA,NA,NA,NA,NA,NA,NA,NA,NA,NA,NA,NA,NA,NA,NA,NA,NA,NA,NA,NA,NA,NA,NA,1972,NA,NA,NA,NA,NA,NA,NA,NA,NA,NA,NA,NA,NA,NA,NA,NA,NA,NA,NA,NA,NA,NA,NA,NA,NA,NA,NA,NA,NA,NA,NA,NA,NA,NA,NA,NA,NA,NA,NA,NA,NA,NA,NA,NA,NA,NA,2933,NA,NA,NA,610
"contig_123 NW_025334999.1",2855,282,272,NA,NA,NA,NA,NA,NA,NA,NA,NA,NA,NA,NA,4,NA,NA,NA,NA,NA,NA,NA,NA,NA,NA,NA,NA,NA,NA,NA,NA,367,NA,NA,NA,NA,NA,NA,NA,NA,NA,NA,NA,NA,NA,NA,NA,NA,NA,NA,NA,NA,NA,NA,NA,NA,NA,NA,NA,NA,NA,NA,NA,NA,NA,12,NA,NA,NA,NA,NA,NA,NA,NA,NA,NA,NA,NA,NA,NA,NA,NA,NA,NA,48,199,NA,NA,NA,NA,NA,NA,NA,NA,NA,NA,NA,NA,NA,NA,NA,NA,NA,NA,NA,NA,NA,NA,NA,NA,NA,NA,NA,NA,827,NA,844
"contig_213 NW_025335099.1",173407,143090,3234,NA,NA,NA,NA,NA,NA,NA,NA,NA,NA,NA,NA,NA,NA,NA,NA,NA,NA,NA,NA,NA,NA,NA,NA,NA,NA,NA,NA,NA,92,NA,679,3192,NA,NA,NA,NA,NA,NA,NA,NA,NA,NA,NA,NA,NA,NA,NA,NA,NA,NA,NA,NA,NA,NA,NA,NA,NA,NA,NA,68,NA,NA,3618,NA,NA,NA,NA,NA,NA,NA,NA,NA,NA,NA,NA,NA,NA,NA,NA,NA,61,70,594,861,NA,NA,NA,NA,NA,NA,NA,NA,NA,NA,274,NA,301,NA,NA,NA,NA,NA,NA,NA,NA,NA,69,NA,NA,6381,NA,705,NA,10118
"contig_16 NW_025335039.1",64270,54701,NA,NA,NA,NA,NA,NA,NA,NA,NA,NA,NA,NA,NA,NA,NA,NA,NA,NA,NA,NA,NA,NA,NA,NA,NA,NA,NA,NA,NA,NA,NA,NA,NA,NA,NA,NA,NA,NA,NA,NA,NA,NA,NA,NA,NA,NA,NA,NA,NA,NA,NA,NA,NA,NA,NA,NA,NA,NA,NA,NA,NA,NA,NA,NA,5123,NA,NA,NA,NA,NA,NA,NA,NA,NA,NA,NA,NA,NA,NA,NA,NA,NA,72,NA,NA,NA,NA,NA,NA,NA,NA,NA,NA,NA,NA,NA,NA,NA,NA,NA,NA,NA,NA,NA,NA,NA,NA,NA,NA,NA,NA,2632,NA,NA,NA,1742
"contig_226 NW_025335113.1",95527,21686,2497,NA,NA,NA,NA,NA,NA,NA,NA,NA,NA,NA,NA,NA,NA,NA,NA,NA,NA,NA,NA,313,NA,283,NA,NA,NA,NA,NA,NA,92,NA,1,6655,260,NA,NA,NA,NA,NA,NA,NA,NA,NA,NA,NA,NA,NA,841,518,NA,NA,NA,NA,NA,NA,NA,NA,NA,NA,NA,124,NA,312,29670,1,NA,NA,NA,NA,NA,6,NA,NA,NA,NA,NA,NA,NA,NA,NA,NA,1282,420,2876,10349,NA,NA,NA,NA,NA,NA,NA,NA,72,NA,2156,4653,5127,NA,NA,NA,NA,NA,NA,NA,NA,NA,38,NA,NA,3052,NA,95,NA,2148
"contig_113 NW_025334988.1",4784,1109,NA,NA,NA,NA,NA,NA,NA,NA,NA,NA,NA,NA,NA,NA,NA,NA,NA,NA,NA,NA,NA,NA,NA,NA,NA,NA,NA,NA,NA,NA,NA,NA,NA,NA,NA,NA,NA,NA,NA,NA,NA,NA,NA,NA,NA,NA,NA,NA,NA,NA,NA,NA,NA,NA,NA,NA,NA,NA,NA,NA,NA,NA,NA,NA,1544,NA,NA,NA,NA,NA,NA,NA,NA,NA,NA,NA,NA,NA,NA,NA,NA,NA,67,136,662,447,NA,NA,NA,NA,NA,NA,NA,NA,NA,NA,28,NA,NA,NA,NA,NA,NA,NA,NA,NA,NA,NA,NA,NA,NA,11,NA,NA,NA,780
"contig_33 NW_025335127.1",15628,9536,NA,NA,NA,NA,NA,NA,NA,NA,NA,NA,NA,NA,NA,NA,NA,NA,NA,NA,NA,NA,NA,NA,NA,NA,NA,NA,NA,NA,NA,NA,NA,NA,NA,NA,NA,NA,NA,NA,NA,NA,NA,NA,NA,NA,NA,NA,NA,NA,NA,NA,NA,NA,NA,NA,NA,NA,NA,NA,NA,NA,NA,NA,NA,NA,3510,NA,NA,NA,NA,NA,NA,NA,NA,NA,NA,NA,NA,NA,NA,NA,NA,NA,NA,147,1120,NA,NA,NA,NA,NA,NA,NA,NA,NA,NA,NA,NA,NA,NA,NA,NA,NA,NA,NA,NA,NA,NA,NA,NA,NA,NA,382,NA,24,NA,909
"contig_27 NW_025335120.1",42767,17059,NA,NA,NA,NA,NA,NA,NA,NA,NA,NA,NA,NA,NA,NA,NA,NA,NA,NA,NA,NA,NA,NA,NA,NA,NA,NA,NA,NA,NA,NA,NA,NA,NA,14658,NA,NA,NA,NA,NA,NA,NA,NA,NA,NA,NA,NA,NA,NA,NA,NA,NA,NA,NA,NA,NA,NA,NA,NA,NA,NA,NA,NA,NA,NA,56,NA,NA,NA,NA,NA,NA,NA,NA,NA,NA,NA,NA,NA,NA,NA,NA,NA,NA,28,5125,229,NA,NA,NA,NA,NA,NA,NA,NA,NA,NA,54,NA,NA,NA,NA,NA,NA,NA,NA,85,3,46,NA,NA,NA,311,NA,833,NA,4280
"contig_101 NW_025334975.1",5356,3527,NA,NA,NA,NA,NA,NA,NA,NA,NA,NA,NA,NA,NA,NA,NA,NA,NA,NA,NA,NA,NA,NA,NA,NA,NA,NA,NA,NA,NA,NA,NA,NA,NA,NA,NA,NA,NA,NA,NA,NA,NA,NA,NA,NA,NA,NA,NA,NA,NA,NA,NA,NA,NA,NA,NA,NA,NA,NA,NA,NA,NA,NA,NA,NA,466,NA,NA,NA,NA,NA,NA,NA,NA,NA,NA,NA,NA,NA,NA,NA,NA,NA,NA,NA,NA,NA,NA,NA,NA,NA,NA,NA,NA,NA,NA,NA,NA,NA,NA,NA,NA,NA,NA,NA,NA,NA,NA,NA,NA,NA,NA,448,NA,360,NA,555
"contig_6 NW_025335156.1",96886,9427,376,853,NA,NA,NA,NA,94,NA,NA,7,NA,NA,NA,NA,NA,NA,NA,NA,NA,NA,NA,741,NA,32,627,3108,NA,NA,NA,NA,1541,287,3278,7,NA,NA,NA,NA,NA,NA,NA,NA,NA,NA,NA,NA,NA,NA,NA,NA,NA,NA,NA,NA,NA,NA,NA,NA,NA,NA,NA,NA,NA,NA,5680,NA,NA,NA,NA,NA,NA,NA,NA,NA,NA,NA,NA,NA,NA,NA,NA,NA,128,NA,219,9212,NA,NA,NA,NA,NA,NA,NA,NA,NA,NA,2395,636,14283,NA,NA,NA,NA,NA,NA,NA,NA,NA,NA,NA,NA,18181,NA,5448,NA,20326
"contig_86 NW_025335185.1",5961,2915,NA,NA,NA,NA,NA,NA,NA,NA,NA,NA,NA,NA,NA,NA,NA,NA,NA,NA,NA,NA,NA,NA,NA,NA,NA,NA,NA,NA,NA,NA,NA,NA,NA,NA,NA,NA,NA,NA,NA,NA,NA,NA,NA,NA,NA,NA,NA,NA,NA,NA,NA,NA,NA,NA,NA,NA,NA,NA,NA,NA,NA,NA,NA,NA,1099,NA,NA,NA,NA,NA,NA,NA,NA,NA,NA,NA,NA,NA,NA,NA,NA,NA,NA,NA,NA,NA,NA,NA,NA,NA,NA,NA,NA,NA,NA,NA,NA,NA,NA,NA,NA,NA,NA,NA,NA,NA,NA,NA,NA,NA,NA,1065,NA,NA,NA,882
"contig_75 NW_025335173.1",7224,5001,NA,NA,NA,NA,NA,NA,NA,NA,NA,NA,NA,NA,NA,NA,NA,NA,NA,NA,NA,NA,NA,NA,NA,NA,NA,NA,NA,NA,NA,NA,NA,NA,NA,NA,NA,NA,NA,NA,NA,NA,NA,NA,NA,NA,NA,NA,NA,NA,NA,NA,NA,NA,NA,NA,NA,NA,NA,NA,NA,NA,NA,NA,NA,NA,NA,NA,NA,NA,NA,NA,NA,NA,NA,NA,NA,NA,NA,NA,NA,NA,NA,NA,NA,NA,NA,NA,NA,NA,NA,NA,NA,NA,NA,NA,NA,NA,NA,NA,NA,NA,NA,NA,NA,NA,NA,NA,NA,NA,NA,NA,NA,1211,NA,NA,NA,1012
"contig_9 NW_025335189.1",81186,32049,4213,NA,NA,NA,NA,NA,NA,NA,NA,NA,NA,NA,NA,320,9,NA,NA,NA,NA,NA,181,NA,NA,NA,NA,104,NA,NA,NA,NA,7,299,617,7577,88,NA,NA,NA,NA,NA,NA,NA,NA,NA,NA,NA,NA,NA,NA,NA,NA,NA,NA,NA,NA,NA,NA,NA,NA,NA,NA,52,NA,217,22264,681,NA,NA,NA,NA,NA,NA,NA,NA,NA,NA,NA,NA,NA,NA,NA,NA,1148,21,1983,699,NA,NA,NA,NA,NA,NA,NA,NA,NA,NA,359,NA,91,NA,NA,NA,NA,NA,NA,NA,NA,NA,NA,NA,NA,4121,NA,523,NA,3563
"contig_46 NW_025335141.1",21615,3434,3687,NA,NA,NA,NA,NA,NA,NA,NA,NA,NA,NA,NA,NA,NA,NA,NA,NA,NA,NA,NA,NA,NA,NA,NA,NA,NA,NA,NA,NA,152,NA,26,4715,NA,NA,NA,NA,NA,NA,NA,NA,NA,NA,NA,NA,NA,NA,NA,NA,NA,NA,NA,NA,NA,NA,NA,NA,NA,NA,NA,NA,NA,145,6862,NA,NA,NA,NA,NA,NA,NA,NA,NA,NA,NA,NA,NA,NA,NA,NA,NA,81,NA,243,25,NA,NA,NA,NA,NA,NA,NA,NA,NA,NA,459,NA,101,NA,NA,NA,NA,NA,NA,NA,NA,NA,NA,NA,NA,385,NA,377,NA,923
"contig_94 NW_025335194.1",6067,977,NA,NA,NA,NA,NA,NA,NA,NA,NA,NA,NA,NA,NA,NA,NA,NA,NA,NA,NA,NA,NA,NA,NA,NA,NA,NA,NA,NA,NA,NA,NA,NA,NA,NA,NA,NA,NA,NA,NA,NA,NA,NA,NA,NA,NA,NA,NA,NA,NA,NA,NA,NA,NA,NA,NA,NA,NA,NA,NA,NA,NA,NA,NA,NA,4071,NA,NA,NA,NA,NA,NA,NA,NA,NA,NA,NA,NA,NA,NA,NA,NA,NA,NA,NA,124,NA,NA,NA,NA,NA,NA,NA,NA,NA,NA,NA,NA,NA,NA,NA,NA,NA,NA,NA,NA,NA,NA,NA,NA,NA,NA,24,NA,17,NA,854
"contig_206 NW_025335091.1",120847,39004,NA,NA,NA,NA,NA,NA,NA,NA,NA,NA,NA,NA,NA,NA,NA,NA,NA,NA,NA,NA,NA,NA,NA,NA,NA,NA,NA,NA,NA,NA,NA,NA,NA,NA,NA,NA,NA,NA,NA,NA,NA,NA,NA,NA,NA,NA,NA,NA,101,NA,181,14,NA,NA,NA,NA,NA,NA,NA,NA,NA,NA,NA,NA,7279,NA,NA,NA,NA,NA,NA,NA,NA,NA,NA,NA,NA,NA,NA,NA,NA,NA,631,201,249,1252,NA,NA,NA,NA,NA,NA,NA,NA,NA,NA,3076,208,NA,NA,NA,NA,NA,NA,NA,NA,NA,NA,NA,NA,NA,66574,NA,1112,NA,965
"contig_66 NW_025335163.1",10249,7129,79,NA,NA,NA,NA,NA,NA,NA,NA,NA,NA,NA,NA,NA,NA,NA,NA,NA,NA,NA,NA,NA,NA,NA,NA,NA,NA,NA,NA,NA,45,NA,NA,651,NA,NA,NA,NA,NA,NA,NA,NA,NA,NA,NA,NA,NA,NA,NA,NA,NA,NA,NA,NA,NA,NA,NA,NA,NA,NA,NA,NA,NA,NA,90,NA,NA,NA,NA,NA,NA,NA,NA,NA,NA,NA,NA,NA,NA,NA,NA,NA,NA,NA,NA,514,NA,NA,NA,NA,NA,NA,NA,NA,NA,NA,423,NA,NA,NA,NA,NA,NA,NA,NA,NA,NA,NA,105,NA,NA,889,NA,28,NA,296
"contig_40 NW_025335135.1",26238,19224,NA,NA,NA,NA,NA,NA,NA,NA,NA,NA,NA,NA,NA,NA,NA,NA,NA,NA,NA,NA,NA,NA,NA,NA,NA,NA,NA,NA,NA,NA,NA,NA,NA,NA,NA,NA,NA,NA,NA,NA,NA,NA,NA,NA,NA,NA,NA,NA,NA,NA,NA,NA,NA,NA,NA,NA,NA,NA,NA,NA,NA,NA,NA,NA,6077,NA,NA,NA,NA,NA,NA,NA,NA,NA,NA,NA,NA,NA,NA,NA,NA,NA,248,NA,NA,NA,NA,NA,NA,NA,NA,NA,NA,NA,NA,NA,NA,NA,NA,NA,NA,NA,NA,NA,NA,NA,NA,NA,NA,NA,NA,689,NA,NA,NA,NA
"contig_205 NW_025335090.1",8988,6126,NA,NA,NA,NA,NA,NA,NA,NA,NA,NA,NA,NA,NA,NA,NA,NA,NA,NA,NA,NA,NA,NA,NA,NA,NA,NA,NA,NA,NA,NA,NA,NA,NA,NA,NA,NA,NA,NA,NA,NA,NA,NA,NA,NA,NA,NA,NA,NA,NA,NA,NA,NA,NA,NA,NA,NA,NA,NA,NA,NA,NA,NA,NA,NA,129,NA,NA,NA,NA,NA,NA,NA,NA,NA,NA,NA,NA,NA,NA,NA,NA,NA,NA,NA,NA,NA,NA,NA,NA,NA,NA,NA,NA,NA,NA,NA,NA,NA,NA,426,168,NA,NA,NA,NA,NA,NA,NA,NA,NA,NA,1520,NA,NA,NA,619
"contig_13 NW_025335006.1",72992,61674,NA,NA,NA,NA,NA,NA,NA,NA,NA,NA,NA,NA,NA,NA,NA,NA,NA,NA,NA,NA,NA,NA,NA,NA,NA,NA,NA,NA,NA,NA,NA,NA,NA,NA,NA,NA,NA,NA,NA,NA,NA,NA,NA,NA,NA,NA,NA,NA,NA,NA,NA,NA,NA,NA,NA,NA,NA,NA,NA,NA,NA,NA,NA,NA,7270,NA,NA,NA,NA,NA,NA,NA,NA,NA,NA,NA,NA,NA,NA,NA,NA,NA,50,NA,1807,NA,NA,NA,NA,NA,NA,NA,NA,NA,NA,NA,NA,NA,NA,NA,NA,NA,NA,NA,83,NA,NA,331,NA,NA,NA,1646,NA,40,NA,91
"contig_70 NW_025335168.1",9745,4770,1489,NA,NA,NA,NA,NA,NA,NA,NA,NA,NA,NA,NA,NA,NA,NA,NA,NA,NA,NA,NA,NA,NA,NA,NA,NA,NA,NA,NA,NA,32,23,123,NA,NA,NA,NA,NA,NA,NA,NA,NA,NA,NA,NA,NA,NA,NA,NA,NA,NA,NA,NA,NA,NA,NA,NA,NA,NA,NA,NA,NA,NA,NA,NA,NA,NA,NA,NA,NA,NA,NA,NA,NA,NA,NA,NA,NA,NA,NA,NA,NA,NA,NA,NA,NA,NA,NA,NA,NA,NA,NA,NA,NA,NA,NA,NA,NA,NA,NA,NA,NA,NA,NA,NA,NA,NA,NA,NA,NA,NA,618,NA,190,NA,2500
"contig_31 NW_025335125.1",32568,27226,699,NA,NA,NA,NA,NA,NA,NA,NA,NA,NA,NA,NA,NA,NA,NA,NA,NA,NA,NA,NA,NA,NA,NA,NA,NA,NA,NA,NA,NA,NA,NA,NA,NA,NA,NA,NA,NA,NA,NA,NA,NA,NA,NA,NA,NA,NA,NA,NA,NA,NA,NA,NA,NA,NA,NA,NA,NA,NA,NA,NA,NA,NA,NA,1819,NA,NA,NA,NA,NA,NA,NA,NA,NA,NA,NA,NA,NA,NA,NA,NA,NA,NA,NA,NA,NA,NA,NA,NA,NA,NA,NA,NA,NA,NA,NA,NA,NA,NA,NA,NA,NA,NA,NA,NA,NA,NA,NA,NA,NA,NA,2592,NA,NA,NA,232
"contig_22 NW_025335106.1",54343,20132,2535,NA,NA,NA,NA,NA,NA,NA,NA,NA,NA,NA,NA,NA,NA,NA,NA,NA,NA,NA,NA,NA,NA,NA,NA,NA,NA,NA,NA,NA,NA,NA,34,8810,NA,NA,NA,NA,NA,NA,NA,NA,NA,NA,NA,NA,NA,NA,NA,NA,NA,NA,NA,NA,NA,NA,NA,NA,NA,NA,NA,NA,NA,179,12544,9,NA,NA,NA,NA,NA,NA,NA,NA,NA,NA,NA,NA,NA,NA,NA,NA,16,53,596,2093,NA,NA,NA,NA,NA,NA,NA,NA,NA,NA,NA,NA,584,NA,NA,NA,NA,NA,NA,NA,NA,NA,NA,NA,NA,964,NA,399,NA,5395
"contig_210 NW_025335096.1",864,4,NA,NA,NA,NA,NA,NA,NA,NA,NA,NA,NA,NA,NA,NA,NA,NA,NA,NA,NA,NA,NA,NA,NA,NA,NA,NA,NA,NA,NA,NA,NA,NA,NA,NA,NA,NA,NA,NA,NA,NA,NA,NA,NA,NA,NA,NA,NA,NA,NA,NA,NA,NA,NA,NA,NA,NA,NA,NA,NA,NA,NA,NA,NA,NA,860,NA,NA,NA,NA,NA,NA,NA,NA,NA,NA,NA,NA,NA,NA,NA,NA,NA,NA,NA,NA,NA,NA,NA,NA,NA,NA,NA,NA,NA,NA,NA,NA,NA,NA,NA,NA,NA,NA,NA,NA,NA,NA,NA,NA,NA,NA,NA,NA,NA,NA,NA
"contig_41 NW_025335136.1",11633,764,NA,NA,NA,NA,NA,NA,NA,NA,NA,NA,NA,NA,NA,NA,NA,NA,NA,NA,NA,NA,NA,NA,NA,NA,NA,NA,NA,NA,NA,NA,NA,NA,NA,2114,NA,NA,NA,NA,NA,NA,NA,NA,NA,NA,NA,NA,NA,NA,NA,NA,NA,NA,NA,NA,NA,NA,NA,NA,NA,NA,NA,NA,NA,34,4383,NA,NA,NA,NA,NA,NA,NA,NA,NA,NA,NA,NA,NA,NA,NA,NA,NA,3,243,1971,NA,NA,NA,NA,NA,NA,NA,NA,NA,NA,NA,NA,NA,NA,NA,NA,NA,NA,NA,NA,NA,NA,NA,NA,NA,NA,NA,NA,NA,NA,2121
"contig_108 NW_025334982.1",5043,3298,NA,NA,NA,NA,NA,NA,NA,NA,NA,NA,NA,NA,NA,NA,NA,NA,NA,NA,NA,NA,NA,NA,NA,NA,NA,NA,NA,NA,NA,NA,NA,NA,NA,NA,NA,NA,NA,NA,NA,NA,NA,NA,NA,NA,NA,NA,NA,NA,NA,NA,NA,NA,NA,NA,NA,NA,NA,NA,NA,NA,NA,NA,NA,NA,64,64,NA,NA,NA,NA,NA,NA,NA,NA,NA,NA,NA,NA,NA,NA,NA,NA,NA,NA,NA,692,NA,NA,NA,NA,NA,NA,NA,NA,NA,NA,NA,NA,NA,NA,NA,NA,NA,NA,NA,NA,NA,NA,NA,NA,NA,925,NA,NA,NA,NA
"contig_42 NW_025335137.1",25034,21241,NA,NA,NA,NA,NA,NA,NA,NA,NA,NA,NA,NA,NA,NA,NA,NA,NA,NA,NA,NA,NA,NA,NA,NA,NA,NA,NA,NA,NA,NA,NA,NA,NA,NA,NA,NA,NA,NA,NA,NA,NA,NA,NA,NA,NA,NA,NA,NA,NA,NA,NA,NA,NA,NA,NA,NA,NA,NA,NA,NA,NA,NA,NA,NA,NA,NA,NA,NA,NA,NA,NA,NA,NA,NA,NA,NA,NA,NA,NA,NA,NA,NA,NA,NA,NA,430,NA,NA,NA,NA,NA,NA,NA,NA,NA,NA,102,NA,NA,NA,NA,NA,NA,NA,NA,NA,NA,NA,NA,NA,NA,2069,NA,NA,NA,1192
"contig_99 NW_025335199.1",5335,1796,120,NA,NA,NA,NA,NA,NA,NA,NA,NA,NA,NA,NA,NA,NA,NA,NA,NA,NA,NA,NA,NA,NA,NA,NA,NA,NA,NA,NA,NA,163,NA,NA,NA,NA,NA,NA,NA,NA,NA,NA,NA,NA,NA,NA,NA,NA,NA,NA,NA,NA,NA,NA,NA,NA,NA,NA,NA,NA,NA,NA,NA,NA,NA,NA,NA,NA,NA,NA,NA,NA,NA,NA,NA,NA,NA,NA,NA,NA,NA,NA,NA,NA,NA,NA,992,NA,NA,NA,NA,NA,NA,NA,NA,NA,NA,1169,NA,NA,NA,NA,NA,NA,NA,NA,NA,NA,NA,NA,NA,NA,1054,NA,NA,NA,41
"contig_18 NW_025335061.1",59234,57460,NA,NA,NA,NA,NA,NA,NA,NA,NA,NA,NA,NA,NA,NA,NA,NA,NA,NA,NA,NA,NA,NA,NA,NA,NA,NA,NA,NA,NA,NA,NA,NA,NA,NA,NA,NA,NA,NA,NA,NA,NA,NA,NA,NA,NA,NA,NA,NA,NA,NA,NA,NA,NA,NA,NA,NA,NA,NA,NA,NA,NA,NA,NA,NA,NA,NA,NA,NA,NA,NA,NA,NA,NA,NA,NA,NA,NA,NA,NA,NA,NA,NA,NA,NA,NA,NA,NA,NA,NA,NA,NA,NA,NA,NA,NA,NA,NA,NA,86,NA,NA,NA,NA,NA,NA,NA,NA,NA,NA,NA,NA,790,NA,NA,NA,898
"contig_50 NW_025335146.1",16308,6912,2577,NA,NA,NA,NA,NA,NA,NA,NA,NA,NA,NA,NA,3,NA,NA,NA,NA,NA,NA,NA,NA,NA,NA,NA,NA,NA,NA,NA,NA,NA,NA,NA,27,NA,NA,NA,NA,NA,NA,NA,NA,NA,NA,NA,NA,NA,NA,NA,NA,NA,NA,NA,NA,NA,NA,NA,NA,NA,NA,NA,NA,NA,258,4027,NA,NA,NA,NA,NA,NA,NA,NA,NA,NA,NA,NA,NA,NA,NA,NA,NA,NA,179,822,NA,NA,NA,NA,NA,NA,NA,NA,NA,NA,NA,NA,NA,NA,NA,NA,NA,NA,NA,NA,NA,NA,NA,NA,NA,NA,1106,NA,NA,NA,397
"contig_87 NW_025335186.1",6244,3966,NA,NA,NA,NA,NA,NA,NA,NA,NA,NA,NA,NA,NA,NA,NA,NA,NA,NA,NA,NA,NA,NA,NA,NA,NA,NA,NA,NA,NA,NA,NA,NA,NA,NA,NA,NA,NA,NA,NA,NA,NA,NA,NA,NA,NA,NA,NA,NA,NA,NA,NA,NA,NA,NA,NA,NA,NA,NA,NA,NA,NA,NA,NA,NA,2023,NA,NA,NA,NA,NA,NA,NA,NA,NA,NA,NA,NA,NA,NA,NA,NA,NA,133,NA,NA,NA,NA,NA,NA,NA,NA,NA,NA,NA,NA,NA,NA,NA,NA,NA,NA,NA,NA,NA,NA,NA,NA,NA,NA,NA,NA,122,NA,NA,NA,NA
"contig_19 NW_025335072.1",58503,46863,NA,NA,NA,NA,NA,NA,NA,NA,NA,NA,NA,NA,NA,NA,NA,NA,NA,NA,NA,NA,NA,NA,NA,NA,NA,NA,NA,NA,NA,NA,NA,NA,NA,1242,NA,NA,NA,NA,NA,NA,NA,NA,NA,NA,NA,NA,NA,NA,NA,NA,NA,NA,NA,NA,NA,NA,NA,NA,NA,NA,NA,236,NA,NA,4594,NA,NA,NA,NA,NA,NA,NA,NA,NA,NA,NA,NA,NA,NA,NA,NA,NA,NA,NA,348,NA,NA,NA,NA,NA,NA,NA,NA,NA,NA,NA,NA,NA,86,NA,NA,NA,NA,NA,NA,NA,NA,NA,NA,NA,NA,3562,NA,82,NA,1490
"contig_82 NW_025335181.1",7133,4196,215,NA,NA,NA,NA,NA,NA,NA,NA,NA,NA,NA,NA,NA,NA,NA,NA,NA,NA,NA,NA,NA,NA,NA,NA,NA,NA,NA,NA,NA,1,33,369,669,NA,NA,NA,NA,NA,NA,NA,NA,NA,NA,NA,NA,NA,NA,NA,NA,NA,NA,NA,NA,NA,NA,NA,NA,NA,NA,NA,NA,NA,NA,NA,NA,NA,NA,NA,NA,NA,NA,NA,NA,NA,NA,NA,NA,NA,NA,NA,NA,NA,NA,NA,NA,NA,NA,NA,NA,NA,NA,NA,NA,NA,NA,NA,NA,NA,NA,NA,NA,NA,NA,NA,NA,NA,NA,NA,NA,NA,NA,NA,78,NA,1572
"contig_17 NW_025335050.1",56973,8484,20,NA,NA,NA,NA,NA,NA,NA,NA,NA,NA,NA,NA,NA,NA,NA,NA,NA,NA,NA,NA,786,NA,40,NA,NA,NA,NA,NA,NA,6,NA,NA,15808,NA,NA,NA,NA,NA,NA,NA,NA,NA,NA,NA,NA,NA,NA,131,10,NA,NA,NA,NA,NA,NA,NA,NA,NA,NA,NA,409,NA,294,15011,1,NA,NA,NA,NA,NA,NA,NA,NA,NA,NA,NA,NA,NA,NA,NA,NA,481,NA,1062,4165,NA,NA,NA,NA,NA,NA,NA,NA,NA,NA,141,26,592,NA,NA,NA,NA,NA,NA,NA,NA,NA,NA,NA,NA,5054,NA,1515,NA,2937
"contig_45 NW_025335140.1",22142,12507,933,NA,NA,NA,NA,NA,NA,NA,NA,NA,NA,NA,NA,NA,NA,NA,NA,NA,NA,NA,NA,NA,NA,NA,NA,NA,NA,NA,NA,NA,NA,NA,274,6029,NA,NA,NA,NA,NA,NA,NA,NA,NA,NA,NA,NA,NA,NA,NA,NA,NA,NA,NA,NA,NA,NA,NA,NA,NA,NA,NA,NA,NA,NA,1319,NA,NA,NA,NA,NA,NA,NA,NA,NA,NA,NA,NA,NA,NA,NA,NA,NA,NA,NA,NA,NA,NA,NA,NA,NA,NA,NA,NA,NA,NA,NA,NA,NA,NA,NA,NA,NA,NA,NA,NA,NA,NA,NA,NA,NA,NA,159,NA,95,NA,826
"contig_88 NW_025335187.1",6148,3075,382,NA,NA,NA,NA,NA,NA,NA,NA,NA,NA,NA,NA,NA,NA,NA,NA,NA,NA,NA,NA,NA,NA,NA,NA,NA,NA,NA,NA,NA,NA,NA,191,NA,NA,NA,NA,NA,NA,NA,NA,NA,NA,NA,NA,NA,NA,NA,NA,NA,NA,NA,NA,NA,NA,NA,NA,NA,NA,NA,NA,NA,NA,NA,NA,NA,NA,NA,NA,NA,NA,NA,NA,NA,NA,NA,NA,NA,NA,NA,NA,NA,NA,NA,NA,157,NA,NA,NA,NA,NA,NA,NA,NA,NA,NA,216,NA,70,NA,NA,NA,NA,NA,NA,NA,NA,NA,NA,NA,NA,214,NA,316,NA,1527
"contig_44 NW_025335139.1",22131,3908,NA,NA,NA,NA,NA,NA,NA,NA,NA,NA,NA,NA,NA,NA,NA,NA,NA,NA,NA,NA,NA,NA,NA,NA,NA,NA,NA,NA,NA,NA,NA,NA,NA,4686,NA,NA,NA,NA,NA,NA,NA,NA,NA,NA,NA,NA,NA,NA,16,NA,NA,NA,NA,NA,NA,NA,NA,NA,NA,NA,NA,52,NA,NA,8462,NA,NA,NA,NA,NA,NA,NA,NA,NA,NA,NA,NA,NA,NA,NA,NA,NA,8,NA,NA,2059,NA,NA,NA,NA,NA,NA,NA,NA,NA,NA,129,401,1003,NA,NA,NA,NA,NA,NA,NA,NA,NA,NA,NA,NA,1403,NA,4,NA,NA
"contig_121 NW_025334997.1",3609,608,NA,NA,NA,NA,NA,NA,NA,NA,NA,NA,NA,NA,NA,NA,NA,NA,NA,NA,NA,NA,NA,NA,NA,NA,NA,NA,NA,NA,NA,NA,NA,NA,NA,NA,NA,NA,NA,NA,23,NA,NA,NA,NA,NA,NA,NA,NA,NA,NA,NA,NA,NA,NA,NA,NA,NA,NA,NA,NA,NA,NA,NA,NA,700,NA,NA,NA,NA,NA,NA,NA,842,NA,NA,NA,NA,NA,NA,NA,NA,NA,NA,NA,NA,101,NA,NA,NA,NA,NA,NA,NA,NA,NA,NA,NA,NA,NA,4,NA,NA,NA,NA,NA,NA,NA,NA,NA,NA,NA,NA,95,NA,NA,NA,1236
"contig_14 NW_025335017.1",72643,67896,582,NA,NA,NA,NA,NA,NA,NA,NA,NA,NA,NA,NA,NA,NA,NA,NA,NA,NA,NA,NA,NA,NA,NA,NA,NA,NA,NA,NA,NA,70,NA,NA,NA,NA,NA,NA,NA,NA,NA,NA,NA,NA,NA,NA,NA,NA,NA,NA,NA,NA,NA,NA,NA,NA,NA,NA,NA,NA,NA,NA,NA,NA,NA,NA,NA,NA,NA,NA,NA,NA,NA,NA,NA,NA,NA,NA,NA,NA,NA,NA,NA,NA,NA,NA,NA,NA,NA,NA,NA,NA,NA,NA,NA,NA,NA,NA,NA,NA,NA,NA,NA,NA,NA,NA,NA,NA,NA,NA,NA,NA,300,NA,1762,NA,2033
"contig_39 NW_025335133.1",28747,13252,NA,NA,NA,NA,NA,NA,NA,NA,NA,NA,NA,NA,NA,NA,NA,NA,NA,NA,NA,NA,NA,NA,NA,NA,NA,198,NA,NA,NA,NA,NA,NA,NA,4433,NA,NA,NA,NA,NA,NA,NA,NA,NA,NA,NA,NA,NA,210,NA,NA,NA,NA,NA,NA,NA,NA,NA,NA,NA,NA,NA,NA,NA,50,4828,66,NA,NA,NA,NA,NA,NA,NA,NA,NA,NA,NA,NA,NA,NA,NA,NA,220,NA,245,945,NA,NA,NA,NA,NA,NA,NA,NA,NA,NA,664,60,6,NA,NA,NA,NA,NA,NA,NA,NA,NA,NA,NA,NA,2678,NA,168,NA,724
"contig_38 NW_025335132.1",28341,15491,1657,NA,NA,NA,NA,NA,NA,NA,NA,NA,NA,NA,NA,NA,NA,NA,NA,NA,NA,NA,NA,NA,NA,NA,NA,NA,NA,NA,NA,NA,47,NA,150,1481,NA,NA,NA,NA,NA,NA,NA,NA,NA,NA,NA,NA,NA,NA,NA,NA,NA,NA,NA,NA,NA,NA,NA,NA,NA,NA,NA,48,NA,NA,3984,NA,NA,NA,NA,NA,NA,NA,NA,NA,NA,NA,NA,NA,NA,NA,NA,NA,NA,NA,115,500,NA,NA,NA,NA,NA,NA,NA,NA,NA,NA,63,NA,NA,NA,NA,NA,NA,NA,NA,NA,NA,NA,NA,NA,NA,1616,NA,280,NA,2909
"contig_62 NW_025335159.1",11169,5082,917,NA,NA,NA,NA,NA,NA,NA,NA,NA,NA,NA,NA,NA,NA,NA,NA,NA,NA,NA,NA,622,NA,NA,NA,NA,NA,NA,NA,NA,NA,NA,NA,NA,NA,NA,NA,NA,NA,NA,NA,NA,NA,NA,NA,NA,NA,NA,NA,NA,NA,NA,NA,NA,NA,NA,NA,NA,NA,NA,NA,NA,NA,NA,1688,NA,NA,NA,NA,NA,NA,NA,NA,NA,NA,NA,NA,NA,NA,NA,NA,NA,174,NA,260,777,NA,NA,NA,NA,NA,NA,NA,NA,NA,NA,148,NA,122,NA,NA,NA,NA,NA,NA,NA,NA,NA,NA,NA,NA,299,NA,NA,NA,1080
"contig_128 NW_025335004.1",2773,1449,32,NA,NA,NA,NA,NA,NA,NA,NA,NA,NA,NA,NA,NA,NA,NA,NA,NA,NA,NA,NA,NA,NA,NA,NA,NA,NA,NA,NA,NA,NA,NA,NA,NA,NA,NA,NA,NA,NA,NA,NA,NA,NA,NA,NA,NA,NA,NA,NA,NA,NA,NA,NA,NA,NA,NA,NA,NA,NA,NA,NA,NA,NA,NA,NA,NA,NA,NA,NA,NA,NA,NA,NA,NA,NA,NA,NA,NA,NA,NA,NA,NA,NA,NA,NA,193,NA,NA,NA,NA,NA,NA,NA,NA,NA,NA,285,NA,NA,NA,NA,NA,NA,NA,NA,NA,NA,NA,NA,NA,NA,687,NA,25,NA,102
"contig_79 NW_025335177.1",7541,6108,NA,NA,NA,NA,NA,NA,NA,NA,NA,NA,NA,NA,NA,NA,NA,NA,NA,NA,NA,NA,NA,NA,NA,NA,NA,NA,NA,NA,NA,NA,NA,NA,NA,NA,NA,NA,NA,NA,NA,NA,NA,NA,NA,NA,NA,NA,NA,NA,NA,NA,NA,NA,NA,NA,NA,NA,NA,NA,NA,NA,NA,NA,NA,NA,959,NA,NA,NA,NA,NA,NA,NA,NA,NA,NA,NA,NA,NA,NA,NA,NA,NA,5,NA,444,NA,NA,NA,NA,NA,NA,NA,NA,NA,NA,NA,NA,NA,NA,NA,NA,NA,NA,NA,NA,NA,NA,NA,NA,NA,NA,25,NA,NA,NA,NA
"contig_8 NW_025335178.1",82916,66278,942,NA,NA,NA,NA,NA,NA,NA,NA,NA,NA,NA,NA,NA,NA,NA,NA,NA,NA,NA,NA,87,NA,NA,NA,NA,NA,NA,NA,NA,NA,NA,NA,5160,NA,NA,NA,NA,NA,NA,NA,NA,NA,NA,NA,NA,NA,NA,NA,NA,NA,NA,NA,NA,NA,NA,NA,NA,NA,NA,NA,NA,NA,89,295,34,NA,NA,NA,NA,NA,196,NA,NA,NA,NA,NA,NA,NA,NA,NA,NA,NA,NA,1202,626,NA,NA,NA,NA,NA,NA,NA,NA,NA,NA,31,NA,18,NA,NA,NA,NA,NA,NA,NA,NA,NA,NA,NA,NA,1142,NA,768,NA,6048
"contig_83 NW_025335182.1",6447,4461,NA,NA,NA,NA,NA,NA,NA,NA,NA,NA,NA,NA,NA,NA,NA,NA,NA,NA,NA,NA,NA,NA,NA,NA,NA,NA,NA,NA,NA,NA,NA,NA,NA,905,NA,NA,NA,NA,NA,NA,NA,NA,NA,NA,NA,NA,NA,NA,NA,NA,NA,NA,NA,NA,NA,NA,NA,NA,NA,NA,NA,120,NA,NA,NA,NA,NA,NA,NA,NA,NA,NA,NA,NA,NA,NA,NA,NA,NA,NA,NA,NA,NA,NA,NA,NA,NA,NA,NA,NA,NA,NA,NA,NA,NA,NA,NA,NA,NA,NA,NA,NA,NA,NA,NA,NA,NA,NA,NA,NA,NA,961,NA,NA,NA,NA
"contig_76 NW_025335174.1",8057,5192,972,NA,NA,NA,NA,NA,NA,NA,NA,NA,NA,NA,NA,NA,NA,NA,NA,NA,NA,NA,NA,44,NA,NA,NA,NA,NA,NA,NA,NA,NA,NA,953,NA,NA,NA,NA,NA,NA,NA,NA,NA,NA,NA,NA,NA,NA,NA,NA,NA,NA,NA,NA,NA,NA,NA,NA,NA,NA,NA,NA,NA,NA,NA,NA,NA,NA,NA,NA,NA,NA,NA,NA,NA,NA,NA,NA,NA,NA,NA,NA,NA,NA,NA,NA,122,NA,NA,NA,NA,NA,NA,NA,NA,NA,NA,7,NA,NA,NA,NA,NA,NA,NA,NA,NA,NA,NA,NA,NA,NA,679,NA,NA,NA,88
"contig_97 NW_025335197.1",5858,3521,851,NA,NA,NA,NA,NA,NA,NA,NA,NA,NA,NA,NA,NA,NA,NA,NA,NA,NA,NA,NA,NA,NA,NA,NA,NA,NA,NA,NA,NA,NA,NA,NA,951,NA,NA,NA,NA,NA,NA,NA,NA,NA,NA,NA,NA,NA,NA,17,NA,NA,NA,NA,NA,NA,NA,NA,NA,NA,NA,NA,10,NA,NA,NA,NA,NA,NA,NA,NA,NA,NA,NA,NA,NA,NA,NA,NA,NA,NA,NA,NA,NA,NA,NA,171,NA,NA,NA,NA,NA,NA,NA,NA,NA,NA,NA,NA,NA,NA,NA,NA,NA,NA,NA,NA,NA,NA,NA,NA,NA,186,NA,NA,NA,151
"contig_71 NW_025335169.1",9450,3306,NA,NA,NA,NA,NA,NA,NA,NA,NA,NA,NA,NA,NA,NA,NA,NA,NA,NA,NA,NA,NA,NA,NA,NA,NA,NA,NA,NA,NA,NA,NA,NA,NA,4558,NA,NA,NA,NA,NA,NA,NA,NA,NA,NA,NA,NA,NA,NA,NA,NA,NA,NA,NA,NA,NA,NA,NA,NA,NA,NA,NA,NA,NA,178,NA,NA,NA,NA,NA,NA,NA,NA,NA,NA,NA,NA,NA,NA,NA,NA,NA,NA,NA,NA,NA,131,NA,NA,NA,NA,NA,NA,NA,NA,NA,NA,6,NA,NA,NA,NA,NA,NA,NA,NA,NA,NA,NA,NA,NA,NA,1260,NA,NA,NA,11
"contig_220 NW_025335107.1",139769,6215,NA,NA,NA,NA,NA,NA,NA,NA,NA,NA,NA,NA,NA,NA,NA,NA,NA,NA,NA,NA,NA,NA,NA,NA,NA,NA,NA,NA,NA,NA,NA,NA,NA,17394,3,NA,NA,NA,NA,NA,NA,NA,NA,NA,NA,NA,NA,NA,NA,NA,NA,NA,NA,NA,NA,NA,NA,NA,NA,NA,NA,NA,NA,1,7308,NA,NA,NA,NA,NA,NA,NA,NA,NA,NA,NA,NA,NA,NA,NA,NA,NA,2,NA,343,597,NA,NA,NA,NA,NA,NA,NA,NA,NA,NA,16396,150,NA,NA,NA,NA,NA,NA,NA,NA,NA,NA,NA,NA,NA,90253,NA,1090,NA,17
"contig_23 NW_025335116.1",48401,9171,558,NA,NA,NA,NA,NA,NA,NA,NA,NA,NA,NA,NA,NA,NA,NA,NA,NA,NA,NA,NA,NA,NA,NA,NA,NA,NA,NA,NA,NA,NA,NA,NA,2381,NA,NA,NA,NA,NA,NA,NA,NA,NA,NA,NA,NA,NA,NA,NA,NA,NA,NA,NA,NA,NA,NA,NA,NA,NA,NA,NA,NA,NA,NA,12943,NA,NA,NA,NA,NA,NA,NA,NA,NA,NA,NA,NA,NA,NA,NA,NA,NA,99,NA,1216,6502,NA,NA,NA,NA,NA,NA,NA,NA,NA,NA,NA,7794,3974,NA,NA,NA,NA,NA,NA,NA,NA,NA,NA,NA,NA,1168,NA,147,NA,2448
"contig_132 NW_025335009.1",2715,831,NA,NA,NA,NA,NA,NA,NA,NA,NA,NA,NA,NA,NA,NA,NA,NA,NA,NA,NA,NA,NA,NA,NA,NA,NA,NA,NA,NA,NA,NA,NA,NA,NA,202,11,NA,NA,NA,NA,NA,NA,NA,NA,NA,NA,NA,NA,NA,NA,NA,NA,NA,NA,NA,NA,NA,NA,NA,NA,NA,NA,NA,NA,NA,358,NA,NA,NA,NA,NA,NA,NA,NA,NA,NA,NA,NA,NA,NA,NA,NA,NA,NA,NA,490,NA,NA,NA,NA,NA,NA,NA,NA,NA,NA,NA,NA,NA,NA,NA,NA,NA,NA,NA,NA,NA,NA,NA,NA,NA,NA,NA,NA,355,NA,468
"contig_35 NW_025335129.1",30336,4334,NA,NA,NA,NA,NA,NA,97,NA,NA,36,NA,NA,NA,NA,NA,NA,NA,NA,NA,NA,NA,NA,NA,NA,NA,NA,NA,NA,NA,NA,NA,NA,NA,3827,12,NA,NA,NA,NA,NA,NA,NA,NA,NA,NA,NA,NA,NA,171,NA,NA,179,NA,NA,NA,NA,NA,NA,NA,NA,NA,NA,NA,72,4229,58,NA,NA,NA,NA,NA,308,NA,NA,NA,NA,NA,NA,NA,NA,NA,NA,NA,NA,703,9728,NA,NA,NA,NA,NA,NA,NA,NA,NA,NA,1062,64,1035,NA,NA,NA,NA,NA,NA,NA,NA,NA,NA,NA,NA,1533,NA,104,NA,2784
"contig_137 NW_025335014.1",1561,456,NA,NA,NA,NA,NA,NA,NA,NA,NA,NA,NA,NA,NA,NA,NA,NA,NA,NA,NA,NA,NA,NA,NA,NA,NA,NA,NA,NA,NA,NA,NA,NA,NA,NA,NA,NA,NA,NA,NA,NA,NA,NA,NA,NA,NA,NA,NA,NA,NA,NA,NA,NA,NA,NA,NA,NA,NA,NA,NA,NA,NA,NA,NA,NA,NA,NA,NA,NA,NA,NA,NA,NA,NA,NA,NA,NA,NA,NA,NA,NA,NA,NA,NA,NA,NA,295,NA,NA,NA,NA,NA,NA,NA,NA,NA,NA,512,NA,NA,NA,NA,NA,NA,NA,NA,NA,NA,NA,NA,NA,NA,NA,NA,NA,NA,298
"contig_149 NW_025335027.1",784,426,NA,NA,NA,NA,NA,NA,NA,NA,NA,NA,NA,NA,NA,NA,NA,NA,NA,NA,NA,NA,NA,NA,NA,NA,NA,NA,NA,NA,NA,NA,NA,NA,NA,NA,NA,NA,NA,NA,NA,NA,NA,NA,NA,NA,NA,NA,NA,NA,NA,NA,NA,NA,NA,NA,NA,NA,NA,NA,NA,NA,NA,NA,NA,NA,NA,NA,NA,NA,NA,NA,NA,NA,NA,NA,NA,NA,NA,NA,NA,NA,NA,NA,NA,NA,NA,254,NA,NA,NA,NA,NA,NA,NA,NA,NA,NA,NA,NA,23,NA,NA,NA,NA,NA,NA,NA,NA,NA,NA,NA,NA,NA,NA,NA,NA,81
"contig_174 NW_025335055.1",2320,1048,NA,NA,NA,NA,NA,NA,NA,NA,NA,NA,NA,NA,NA,NA,NA,NA,NA,NA,NA,NA,NA,NA,NA,NA,NA,NA,NA,NA,NA,NA,NA,NA,NA,NA,NA,NA,NA,NA,NA,NA,NA,NA,NA,NA,NA,NA,NA,NA,NA,NA,NA,NA,NA,NA,NA,NA,NA,NA,NA,NA,NA,NA,NA,NA,NA,NA,NA,NA,NA,NA,NA,NA,NA,NA,NA,NA,NA,NA,NA,NA,NA,NA,NA,NA,NA,NA,NA,NA,NA,NA,NA,NA,NA,NA,NA,NA,NA,NA,NA,NA,NA,NA,NA,NA,NA,NA,NA,NA,NA,NA,NA,568,NA,NA,NA,704
"contig_98 NW_025335198.1",5499,1486,NA,NA,NA,NA,NA,NA,NA,NA,NA,NA,NA,NA,NA,NA,NA,NA,NA,NA,NA,NA,NA,NA,NA,NA,NA,NA,NA,NA,NA,NA,NA,NA,NA,NA,NA,NA,NA,NA,NA,NA,NA,NA,NA,NA,NA,NA,NA,NA,NA,NA,NA,NA,NA,NA,NA,NA,NA,NA,NA,NA,NA,NA,NA,NA,3345,NA,NA,NA,NA,NA,NA,NA,NA,NA,NA,NA,NA,NA,NA,NA,NA,NA,96,142,NA,NA,NA,NA,NA,NA,NA,NA,NA,NA,NA,NA,NA,NA,NA,NA,NA,NA,NA,NA,NA,NA,NA,NA,NA,NA,NA,430,NA,NA,NA,NA
"contig_72 NW_025335170.1",9026,6787,NA,NA,NA,NA,NA,NA,NA,NA,NA,NA,NA,NA,NA,NA,NA,NA,NA,NA,NA,NA,NA,NA,NA,NA,NA,NA,NA,NA,NA,NA,NA,NA,NA,NA,NA,NA,NA,NA,NA,NA,NA,NA,NA,NA,NA,NA,NA,NA,NA,NA,NA,NA,NA,NA,NA,NA,NA,NA,NA,NA,NA,NA,NA,NA,NA,NA,NA,NA,NA,NA,NA,NA,NA,NA,NA,NA,NA,NA,NA,NA,NA,NA,NA,NA,NA,345,NA,NA,NA,NA,NA,NA,NA,NA,NA,NA,505,NA,NA,NA,NA,NA,NA,NA,NA,NA,NA,NA,NA,NA,NA,1389,NA,NA,NA,NA
"contig_32 NW_025335126.1",36101,4863,NA,NA,NA,NA,NA,NA,NA,NA,NA,NA,NA,NA,NA,NA,NA,NA,NA,NA,NA,NA,NA,NA,NA,NA,NA,NA,NA,NA,NA,NA,NA,NA,NA,8797,88,50,NA,NA,NA,NA,NA,NA,NA,NA,NA,NA,NA,NA,58,NA,NA,NA,NA,NA,NA,NA,NA,NA,NA,NA,NA,NA,NA,175,2891,2,NA,NA,NA,NA,NA,NA,NA,NA,NA,NA,NA,NA,NA,NA,NA,NA,149,83,464,10671,NA,NA,NA,NA,NA,NA,NA,NA,NA,NA,78,364,613,NA,NA,NA,NA,NA,NA,NA,NA,NA,NA,NA,NA,1688,NA,2553,NA,2514
"contig_60 NW_025335157.1",11808,10256,NA,NA,NA,NA,NA,NA,NA,NA,NA,NA,NA,NA,NA,NA,NA,NA,NA,NA,NA,NA,NA,NA,NA,NA,NA,NA,NA,NA,NA,NA,NA,NA,NA,NA,NA,NA,NA,NA,NA,NA,NA,NA,NA,NA,NA,NA,NA,NA,NA,NA,NA,NA,NA,NA,NA,NA,NA,NA,NA,NA,NA,NA,NA,NA,1167,NA,NA,NA,NA,NA,NA,NA,NA,NA,NA,NA,NA,NA,NA,NA,NA,NA,NA,NA,NA,NA,NA,NA,NA,NA,NA,NA,NA,NA,NA,NA,NA,NA,NA,NA,NA,NA,NA,NA,NA,NA,NA,NA,NA,NA,NA,385,NA,NA,NA,NA
"contig_61 NW_025335158.1",10899,9451,NA,NA,NA,NA,NA,NA,NA,NA,NA,NA,NA,NA,NA,NA,NA,NA,NA,NA,NA,NA,NA,NA,NA,NA,NA,NA,NA,NA,NA,NA,NA,NA,NA,NA,NA,NA,NA,NA,NA,NA,NA,NA,NA,NA,NA,NA,NA,NA,NA,NA,NA,NA,NA,NA,NA,NA,NA,NA,NA,NA,NA,NA,NA,NA,NA,NA,NA,NA,NA,NA,NA,NA,NA,NA,NA,NA,NA,NA,NA,NA,NA,NA,NA,NA,NA,901,NA,NA,NA,NA,NA,NA,NA,NA,NA,NA,NA,NA,NA,NA,NA,NA,NA,NA,NA,NA,NA,NA,NA,NA,NA,478,NA,NA,NA,69
"contig_65 NW_025335162.1",4336,3645,NA,NA,NA,NA,NA,NA,NA,NA,NA,NA,NA,NA,NA,NA,NA,NA,NA,NA,NA,NA,NA,NA,NA,NA,NA,NA,NA,NA,NA,NA,NA,NA,NA,NA,NA,NA,NA,NA,NA,NA,NA,NA,NA,NA,NA,NA,NA,NA,NA,NA,NA,NA,NA,NA,NA,NA,NA,NA,NA,NA,NA,NA,NA,NA,NA,NA,NA,NA,NA,NA,NA,NA,NA,NA,NA,NA,NA,NA,NA,NA,NA,NA,NA,NA,NA,NA,NA,NA,NA,NA,NA,NA,NA,NA,NA,NA,NA,NA,NA,NA,NA,NA,NA,NA,NA,NA,NA,NA,NA,NA,NA,375,NA,NA,NA,316
"contig_74 NW_025335172.1",6666,4524,NA,NA,NA,NA,NA,NA,NA,NA,NA,NA,NA,NA,NA,NA,NA,NA,NA,NA,NA,NA,NA,NA,NA,NA,NA,NA,NA,NA,NA,NA,NA,NA,NA,NA,NA,NA,NA,NA,NA,NA,NA,NA,NA,NA,NA,NA,NA,NA,NA,NA,NA,NA,NA,NA,NA,NA,NA,NA,NA,NA,NA,NA,NA,NA,NA,NA,NA,NA,NA,NA,NA,NA,NA,NA,NA,NA,NA,NA,NA,NA,NA,NA,NA,NA,NA,NA,NA,NA,NA,NA,NA,NA,NA,NA,NA,NA,NA,NA,NA,NA,NA,NA,NA,NA,NA,NA,NA,NA,NA,NA,NA,2030,NA,NA,NA,112
"contig_84 NW_025335183.1",4756,1071,NA,NA,NA,NA,NA,NA,NA,NA,NA,NA,NA,NA,NA,NA,NA,NA,NA,NA,NA,NA,NA,NA,NA,NA,NA,NA,NA,NA,NA,NA,NA,NA,NA,2205,NA,NA,NA,NA,NA,NA,NA,NA,NA,NA,NA,NA,NA,NA,NA,NA,NA,NA,NA,NA,NA,NA,NA,NA,NA,NA,NA,NA,NA,NA,1480,NA,NA,NA,NA,NA,NA,NA,NA,NA,NA,NA,NA,NA,NA,NA,NA,NA,NA,NA,NA,NA,NA,NA,NA,NA,NA,NA,NA,NA,NA,NA,NA,NA,NA,NA,NA,NA,NA,NA,NA,NA,NA,NA,NA,NA,NA,NA,NA,NA,NA,NA
"contig_57 NW_025335153.1",12834,7289,NA,NA,NA,NA,NA,NA,NA,NA,NA,NA,NA,NA,NA,NA,NA,NA,NA,NA,NA,NA,NA,NA,NA,NA,NA,NA,NA,NA,NA,NA,NA,NA,NA,NA,NA,NA,NA,NA,NA,NA,NA,NA,NA,NA,NA,NA,NA,NA,NA,NA,NA,NA,NA,NA,NA,NA,NA,NA,NA,NA,NA,NA,NA,NA,5108,NA,NA,NA,NA,NA,NA,NA,NA,NA,NA,NA,NA,NA,NA,NA,NA,NA,NA,NA,NA,NA,NA,NA,NA,NA,NA,NA,NA,NA,NA,NA,NA,NA,NA,NA,NA,NA,NA,NA,NA,NA,NA,NA,NA,NA,NA,437,NA,NA,NA,NA
"contig_112 NW_025334987.1",4869,2356,31,NA,NA,NA,NA,NA,NA,NA,NA,NA,NA,NA,NA,NA,NA,NA,NA,NA,NA,NA,NA,NA,NA,NA,NA,NA,NA,NA,NA,NA,23,NA,NA,NA,NA,NA,NA,NA,NA,NA,NA,NA,NA,NA,NA,NA,NA,NA,NA,NA,NA,NA,NA,NA,NA,NA,NA,NA,NA,NA,NA,NA,NA,NA,1624,NA,NA,NA,NA,NA,NA,NA,NA,NA,NA,NA,NA,NA,NA,NA,NA,NA,439,NA,NA,NA,NA,NA,NA,NA,NA,NA,NA,NA,NA,NA,NA,NA,NA,NA,NA,NA,NA,NA,NA,NA,NA,NA,NA,NA,NA,286,NA,NA,NA,110
"contig_96 NW_025335196.1",5969,3897,NA,NA,NA,NA,NA,NA,NA,NA,NA,NA,NA,NA,NA,NA,NA,NA,NA,NA,NA,NA,NA,NA,NA,NA,NA,NA,NA,NA,NA,NA,NA,NA,NA,NA,NA,NA,NA,NA,NA,NA,NA,NA,NA,NA,NA,NA,NA,NA,NA,NA,NA,NA,NA,NA,NA,NA,NA,NA,NA,NA,NA,NA,NA,NA,NA,NA,NA,NA,NA,NA,NA,NA,NA,NA,NA,NA,NA,NA,NA,NA,NA,NA,NA,NA,NA,NA,NA,NA,NA,NA,NA,NA,NA,NA,NA,NA,NA,NA,NA,NA,NA,NA,NA,NA,NA,NA,NA,NA,NA,NA,NA,398,NA,NA,NA,1674
"contig_63 NW_025335160.1",10936,2234,NA,NA,NA,NA,NA,NA,NA,NA,NA,NA,NA,NA,NA,NA,NA,NA,NA,NA,NA,NA,NA,NA,NA,NA,NA,NA,NA,NA,NA,NA,NA,NA,NA,1002,NA,NA,NA,NA,NA,NA,NA,NA,NA,NA,NA,NA,NA,NA,NA,NA,NA,NA,NA,NA,NA,NA,NA,NA,NA,NA,NA,105,NA,4,2051,NA,NA,NA,NA,NA,NA,NA,NA,NA,NA,NA,NA,NA,NA,NA,NA,NA,NA,NA,296,387,NA,NA,NA,NA,NA,NA,NA,NA,NA,NA,53,793,380,NA,NA,NA,NA,NA,NA,NA,NA,NA,NA,NA,NA,971,NA,1117,NA,1543
"contig_117 NW_025334992.1",4210,1,NA,NA,NA,NA,NA,NA,NA,NA,NA,NA,NA,NA,NA,NA,NA,NA,NA,NA,NA,NA,NA,NA,NA,NA,NA,NA,NA,NA,NA,NA,NA,NA,NA,4035,NA,NA,NA,NA,NA,NA,NA,NA,NA,NA,NA,NA,NA,NA,NA,NA,NA,NA,NA,NA,NA,NA,NA,NA,NA,NA,NA,NA,NA,174,NA,NA,NA,NA,NA,NA,NA,NA,NA,NA,NA,NA,NA,NA,NA,NA,NA,NA,NA,NA,NA,NA,NA,NA,NA,NA,NA,NA,NA,NA,NA,NA,NA,NA,NA,NA,NA,NA,NA,NA,NA,NA,NA,NA,NA,NA,NA,NA,NA,NA,NA,NA
"contig_10 NW_025334973.1",70380,15973,NA,NA,NA,NA,NA,NA,NA,NA,NA,NA,NA,NA,NA,NA,NA,NA,NA,NA,NA,NA,NA,NA,NA,NA,NA,NA,NA,NA,NA,NA,NA,NA,NA,1,NA,NA,87,305,NA,NA,NA,NA,NA,NA,NA,NA,NA,NA,197,112,69,15,NA,NA,NA,NA,NA,NA,NA,NA,NA,NA,NA,98,753,341,NA,NA,NA,400,385,15,NA,NA,NA,NA,NA,NA,NA,NA,NA,NA,2109,268,404,335,NA,NA,NA,NA,NA,NA,NA,NA,NA,NA,886,NA,NA,NA,NA,NA,NA,NA,NA,NA,NA,NA,NA,NA,NA,47152,NA,94,NA,381
"contig_102 NW_025334976.1",4446,1777,NA,NA,NA,NA,NA,NA,NA,NA,NA,NA,NA,NA,NA,NA,NA,NA,NA,NA,NA,NA,NA,NA,NA,NA,NA,NA,NA,NA,NA,NA,NA,NA,NA,NA,NA,NA,NA,NA,NA,NA,NA,NA,NA,NA,NA,NA,NA,NA,NA,NA,NA,NA,NA,NA,NA,NA,NA,NA,NA,NA,NA,NA,NA,NA,NA,NA,NA,NA,NA,NA,NA,NA,NA,NA,NA,NA,NA,NA,NA,NA,NA,NA,NA,NA,NA,NA,NA,NA,NA,NA,NA,NA,NA,NA,NA,NA,216,NA,NA,NA,NA,NA,NA,NA,NA,NA,NA,NA,NA,NA,NA,1963,NA,360,NA,130
"contig_77 NW_025335175.1",8043,6385,NA,NA,NA,NA,NA,NA,NA,NA,NA,NA,NA,NA,NA,NA,NA,NA,NA,NA,NA,NA,NA,NA,NA,NA,NA,NA,NA,NA,NA,NA,NA,NA,NA,568,NA,NA,NA,NA,NA,NA,NA,NA,NA,NA,NA,NA,NA,NA,NA,NA,NA,NA,NA,NA,NA,NA,NA,NA,NA,NA,NA,NA,NA,NA,NA,NA,NA,NA,NA,NA,NA,NA,NA,NA,NA,NA,NA,NA,NA,NA,NA,NA,NA,NA,NA,NA,NA,NA,NA,NA,NA,NA,NA,NA,NA,NA,NA,NA,NA,NA,NA,NA,NA,NA,NA,NA,NA,NA,NA,NA,NA,1090,NA,NA,NA,NA
"contig_124 NW_025335000.1",3174,1113,NA,NA,NA,NA,NA,NA,NA,NA,NA,NA,NA,NA,NA,NA,NA,NA,NA,NA,NA,NA,NA,NA,NA,NA,NA,NA,NA,NA,NA,NA,NA,NA,NA,NA,NA,NA,NA,NA,NA,NA,NA,NA,NA,NA,NA,NA,NA,NA,NA,NA,NA,NA,NA,NA,NA,NA,NA,NA,NA,NA,NA,NA,NA,NA,916,NA,NA,NA,NA,NA,NA,NA,NA,NA,NA,NA,NA,NA,NA,NA,NA,NA,NA,NA,NA,NA,NA,NA,NA,NA,NA,NA,NA,NA,NA,NA,NA,NA,NA,NA,NA,NA,NA,NA,NA,NA,NA,NA,NA,NA,NA,231,NA,635,NA,279
"contig_209 NW_025335094.1",584,15,NA,NA,NA,NA,NA,NA,NA,NA,NA,NA,NA,NA,NA,NA,NA,NA,NA,NA,NA,NA,NA,NA,NA,NA,NA,NA,NA,NA,NA,NA,NA,NA,NA,NA,NA,NA,NA,NA,NA,NA,NA,NA,NA,NA,NA,NA,NA,NA,NA,NA,NA,NA,NA,NA,NA,NA,NA,NA,NA,NA,NA,NA,NA,NA,569,NA,NA,NA,NA,NA,NA,NA,NA,NA,NA,NA,NA,NA,NA,NA,NA,NA,NA,NA,NA,NA,NA,NA,NA,NA,NA,NA,NA,NA,NA,NA,NA,NA,NA,NA,NA,NA,NA,NA,NA,NA,NA,NA,NA,NA,NA,NA,NA,NA,NA,NA
"contig_118 NW_025334993.1",3042,2810,NA,NA,NA,NA,NA,NA,NA,NA,NA,NA,NA,NA,NA,NA,NA,NA,NA,NA,NA,NA,NA,NA,NA,NA,NA,NA,NA,NA,NA,NA,NA,NA,NA,207,NA,NA,NA,NA,NA,NA,NA,NA,NA,NA,NA,NA,NA,NA,NA,NA,NA,NA,NA,NA,NA,NA,NA,NA,NA,NA,NA,NA,NA,NA,NA,NA,NA,NA,NA,NA,NA,NA,NA,NA,NA,NA,NA,NA,NA,NA,NA,NA,NA,NA,NA,NA,NA,NA,NA,NA,NA,NA,NA,NA,NA,NA,NA,NA,NA,NA,NA,NA,NA,NA,NA,NA,NA,NA,NA,NA,NA,25,NA,NA,NA,NA
"contig_147 NW_025335025.1",660,499,89,NA,NA,NA,NA,NA,NA,NA,NA,NA,NA,NA,NA,NA,NA,NA,NA,NA,NA,NA,NA,NA,NA,NA,NA,NA,NA,NA,NA,NA,NA,NA,NA,NA,NA,NA,NA,NA,NA,NA,NA,NA,NA,NA,NA,NA,NA,NA,NA,NA,NA,NA,NA,NA,NA,NA,NA,NA,NA,NA,NA,NA,NA,NA,NA,NA,NA,NA,NA,NA,NA,NA,NA,NA,NA,NA,NA,NA,NA,NA,NA,NA,NA,NA,NA,NA,NA,NA,NA,NA,NA,NA,NA,NA,NA,NA,NA,NA,NA,NA,NA,NA,NA,NA,NA,NA,NA,NA,NA,NA,NA,NA,NA,NA,NA,72
"contig_55 NW_025335151.1",12340,2868,NA,NA,NA,NA,NA,NA,NA,NA,NA,NA,NA,NA,NA,NA,NA,NA,NA,NA,NA,NA,NA,NA,NA,NA,NA,NA,NA,NA,NA,NA,NA,NA,NA,NA,NA,NA,NA,NA,NA,NA,NA,NA,NA,NA,NA,NA,NA,NA,NA,NA,NA,NA,NA,NA,NA,NA,NA,NA,NA,NA,NA,NA,NA,NA,NA,NA,NA,NA,NA,NA,NA,NA,NA,NA,NA,NA,NA,NA,NA,NA,NA,NA,NA,NA,NA,NA,NA,NA,NA,NA,NA,NA,NA,NA,NA,NA,NA,8209,30,NA,NA,NA,NA,NA,NA,NA,NA,NA,NA,NA,NA,1178,NA,55,NA,NA
"contig_120 NW_025334996.1",3308,2694,NA,NA,NA,NA,NA,NA,NA,NA,NA,NA,NA,NA,NA,NA,NA,NA,NA,NA,NA,NA,NA,NA,NA,NA,NA,NA,NA,NA,NA,NA,NA,NA,NA,NA,NA,NA,NA,NA,NA,NA,NA,NA,NA,NA,NA,NA,NA,NA,NA,NA,NA,NA,NA,NA,NA,NA,NA,NA,NA,NA,NA,NA,NA,NA,NA,NA,NA,NA,NA,NA,NA,NA,NA,NA,NA,NA,NA,NA,NA,NA,NA,NA,NA,NA,NA,NA,NA,NA,NA,NA,NA,NA,NA,NA,NA,NA,NA,NA,NA,NA,NA,NA,NA,NA,NA,NA,NA,NA,NA,NA,NA,557,NA,NA,NA,57
"contig_85 NW_025335184.1",6429,3339,NA,NA,NA,NA,NA,NA,NA,NA,NA,NA,NA,NA,NA,NA,NA,NA,NA,NA,NA,NA,NA,NA,NA,NA,NA,NA,NA,NA,NA,NA,NA,NA,NA,1802,169,NA,NA,NA,NA,NA,NA,NA,NA,NA,NA,NA,NA,NA,NA,NA,NA,NA,NA,NA,NA,NA,NA,NA,NA,NA,NA,NA,NA,NA,208,NA,NA,NA,NA,NA,NA,NA,NA,NA,NA,NA,NA,NA,NA,NA,NA,NA,NA,NA,639,NA,NA,NA,NA,NA,NA,NA,NA,NA,NA,NA,NA,NA,NA,NA,NA,NA,NA,NA,NA,NA,NA,NA,NA,NA,NA,NA,NA,NA,NA,272
"contig_49 NW_025335144.1",2672,850,NA,NA,NA,NA,NA,NA,NA,NA,NA,NA,NA,NA,NA,NA,NA,NA,NA,NA,NA,NA,NA,NA,NA,NA,NA,NA,NA,NA,NA,NA,NA,NA,NA,1822,NA,NA,NA,NA,NA,NA,NA,NA,NA,NA,NA,NA,NA,NA,NA,NA,NA,NA,NA,NA,NA,NA,NA,NA,NA,NA,NA,NA,NA,NA,NA,NA,NA,NA,NA,NA,NA,NA,NA,NA,NA,NA,NA,NA,NA,NA,NA,NA,NA,NA,NA,NA,NA,NA,NA,NA,NA,NA,NA,NA,NA,NA,NA,NA,NA,NA,NA,NA,NA,NA,NA,NA,NA,NA,NA,NA,NA,NA,NA,NA,NA,NA
"contig_107 NW_025334981.1",4853,4328,NA,NA,NA,NA,NA,NA,NA,NA,NA,NA,NA,NA,NA,NA,NA,NA,NA,NA,NA,NA,NA,NA,NA,NA,NA,NA,NA,NA,NA,NA,NA,NA,NA,NA,NA,NA,NA,NA,NA,NA,NA,NA,NA,NA,NA,NA,NA,NA,NA,NA,NA,NA,NA,NA,NA,NA,NA,NA,NA,NA,NA,NA,NA,NA,NA,NA,NA,NA,NA,NA,NA,NA,NA,NA,NA,NA,NA,NA,NA,NA,NA,NA,NA,NA,NA,NA,NA,NA,NA,NA,NA,NA,NA,NA,NA,NA,NA,NA,NA,NA,NA,NA,NA,NA,NA,NA,NA,NA,NA,NA,NA,461,NA,NA,NA,64
"contig_129 NW_025335005.1",2929,68,NA,NA,NA,NA,NA,NA,NA,NA,NA,NA,NA,NA,NA,NA,NA,NA,NA,NA,NA,NA,NA,NA,NA,NA,NA,NA,NA,NA,NA,NA,NA,NA,NA,858,NA,NA,NA,NA,NA,NA,NA,NA,NA,NA,NA,NA,NA,NA,NA,NA,NA,NA,NA,NA,NA,NA,NA,NA,NA,NA,NA,NA,NA,11,NA,NA,NA,NA,NA,NA,NA,NA,NA,NA,NA,NA,NA,NA,NA,NA,NA,NA,NA,NA,NA,1547,NA,NA,NA,NA,NA,NA,NA,NA,NA,NA,NA,NA,54,NA,NA,NA,NA,NA,NA,NA,NA,NA,NA,NA,NA,NA,NA,43,NA,348
"contig_139 NW_025335016.1",1696,1632,NA,NA,NA,NA,NA,NA,NA,NA,NA,NA,NA,NA,NA,NA,NA,NA,NA,NA,NA,NA,NA,NA,NA,NA,NA,NA,NA,NA,NA,NA,NA,NA,NA,NA,NA,NA,NA,NA,NA,NA,NA,NA,NA,NA,NA,NA,NA,NA,NA,NA,NA,NA,NA,NA,NA,NA,NA,NA,NA,NA,NA,NA,NA,NA,NA,NA,NA,NA,NA,NA,NA,NA,NA,NA,NA,NA,NA,NA,NA,NA,NA,NA,NA,NA,NA,64,NA,NA,NA,NA,NA,NA,NA,NA,NA,NA,NA,NA,NA,NA,NA,NA,NA,NA,NA,NA,NA,NA,NA,NA,NA,NA,NA,NA,NA,NA
"contig_193 NW_025335076.1",3294,1,NA,NA,NA,NA,NA,NA,NA,NA,NA,NA,NA,NA,NA,NA,NA,NA,NA,NA,NA,NA,NA,NA,NA,NA,NA,NA,NA,NA,NA,NA,NA,NA,NA,3163,NA,NA,NA,NA,NA,NA,NA,NA,NA,NA,NA,NA,NA,NA,NA,NA,NA,NA,NA,NA,NA,NA,NA,NA,NA,NA,NA,NA,NA,130,NA,NA,NA,NA,NA,NA,NA,NA,NA,NA,NA,NA,NA,NA,NA,NA,NA,NA,NA,NA,NA,NA,NA,NA,NA,NA,NA,NA,NA,NA,NA,NA,NA,NA,NA,NA,NA,NA,NA,NA,NA,NA,NA,NA,NA,NA,NA,NA,NA,NA,NA,NA
"contig_109 NW_025334983.1",4912,130,NA,NA,NA,NA,NA,NA,NA,NA,NA,NA,NA,NA,NA,NA,NA,NA,NA,NA,NA,NA,NA,NA,NA,NA,NA,NA,NA,NA,NA,NA,NA,NA,NA,3750,NA,NA,NA,NA,NA,NA,NA,NA,NA,NA,NA,NA,NA,NA,NA,NA,NA,NA,NA,NA,NA,NA,NA,NA,NA,NA,NA,6,NA,NA,NA,NA,NA,NA,NA,NA,NA,NA,NA,NA,NA,NA,NA,NA,NA,NA,NA,NA,NA,NA,NA,NA,NA,NA,NA,NA,NA,NA,NA,NA,NA,NA,NA,NA,NA,NA,NA,NA,NA,NA,NA,NA,NA,NA,NA,NA,NA,1026,NA,NA,NA,NA
"contig_192 NW_025335075.1",268,200,68,NA,NA,NA,NA,NA,NA,NA,NA,NA,NA,NA,NA,NA,NA,NA,NA,NA,NA,NA,NA,NA,NA,NA,NA,NA,NA,NA,NA,NA,NA,NA,NA,NA,NA,NA,NA,NA,NA,NA,NA,NA,NA,NA,NA,NA,NA,NA,NA,NA,NA,NA,NA,NA,NA,NA,NA,NA,NA,NA,NA,NA,NA,NA,NA,NA,NA,NA,NA,NA,NA,NA,NA,NA,NA,NA,NA,NA,NA,NA,NA,NA,NA,NA,NA,NA,NA,NA,NA,NA,NA,NA,NA,NA,NA,NA,NA,NA,NA,NA,NA,NA,NA,NA,NA,NA,NA,NA,NA,NA,NA,NA,NA,NA,NA,NA
"contig_183 NW_025335065.1",923,1,NA,NA,NA,NA,NA,NA,NA,NA,NA,NA,NA,NA,NA,NA,NA,NA,NA,NA,NA,NA,NA,NA,NA,NA,NA,NA,NA,NA,NA,NA,NA,NA,NA,NA,NA,NA,NA,NA,NA,NA,NA,NA,NA,NA,NA,NA,NA,NA,NA,NA,NA,NA,NA,NA,NA,NA,NA,NA,NA,NA,NA,NA,NA,NA,NA,NA,NA,NA,NA,NA,NA,NA,NA,NA,NA,NA,NA,NA,NA,NA,NA,NA,NA,NA,NA,NA,NA,NA,NA,NA,NA,NA,NA,NA,NA,NA,NA,NA,NA,NA,NA,NA,NA,NA,NA,NA,NA,NA,NA,NA,NA,NA,NA,95,NA,827
"contig_73 NW_025335171.1",8809,5515,1634,NA,NA,NA,NA,NA,NA,NA,NA,NA,NA,NA,NA,NA,NA,NA,NA,NA,NA,NA,NA,NA,NA,NA,NA,NA,NA,NA,NA,NA,NA,NA,NA,NA,NA,NA,NA,NA,NA,NA,NA,NA,NA,NA,NA,NA,NA,NA,NA,NA,NA,NA,NA,NA,NA,NA,NA,NA,NA,NA,NA,NA,NA,NA,200,126,NA,NA,NA,60,NA,NA,NA,NA,NA,NA,NA,NA,NA,NA,NA,NA,405,NA,NA,NA,NA,NA,NA,NA,NA,NA,NA,NA,NA,NA,NA,NA,NA,NA,NA,NA,NA,NA,NA,NA,NA,NA,105,NA,NA,764,NA,NA,NA,NA
"contig_81 NW_025335180.1",7391,2931,NA,NA,NA,NA,NA,NA,NA,NA,NA,NA,NA,NA,NA,NA,NA,NA,NA,NA,NA,NA,NA,NA,NA,NA,NA,NA,NA,NA,NA,NA,NA,NA,NA,NA,NA,NA,NA,NA,NA,NA,NA,NA,NA,NA,NA,NA,NA,NA,NA,NA,NA,NA,NA,NA,NA,NA,NA,NA,NA,NA,NA,NA,NA,NA,NA,NA,NA,NA,NA,NA,NA,NA,NA,NA,NA,NA,NA,NA,NA,NA,NA,NA,NA,NA,NA,122,NA,NA,NA,NA,NA,NA,NA,NA,NA,NA,65,NA,NA,NA,NA,NA,NA,NA,NA,NA,NA,NA,NA,NA,NA,4003,NA,181,NA,89
"contig_64 NW_025335161.1",2718,2311,NA,NA,NA,NA,NA,NA,NA,NA,NA,NA,NA,NA,NA,NA,NA,NA,NA,NA,NA,NA,NA,NA,NA,NA,NA,NA,NA,NA,NA,NA,NA,NA,NA,NA,NA,NA,NA,NA,NA,NA,NA,NA,NA,NA,NA,NA,NA,NA,NA,NA,NA,NA,NA,NA,NA,NA,NA,NA,NA,NA,NA,NA,NA,NA,407,NA,NA,NA,NA,NA,NA,NA,NA,NA,NA,NA,NA,NA,NA,NA,NA,NA,NA,NA,NA,NA,NA,NA,NA,NA,NA,NA,NA,NA,NA,NA,NA,NA,NA,NA,NA,NA,NA,NA,NA,NA,NA,NA,NA,NA,NA,NA,NA,NA,NA,NA
"contig_144 NW_025335022.1",515,222,NA,NA,NA,NA,NA,NA,NA,NA,NA,NA,NA,NA,NA,NA,NA,NA,NA,NA,NA,NA,NA,NA,NA,NA,NA,NA,NA,NA,NA,NA,NA,NA,NA,NA,NA,NA,NA,NA,NA,NA,NA,NA,NA,NA,NA,NA,NA,NA,NA,NA,NA,NA,NA,NA,NA,NA,NA,NA,NA,NA,NA,NA,NA,NA,293,NA,NA,NA,NA,NA,NA,NA,NA,NA,NA,NA,NA,NA,NA,NA,NA,NA,NA,NA,NA,NA,NA,NA,NA,NA,NA,NA,NA,NA,NA,NA,NA,NA,NA,NA,NA,NA,NA,NA,NA,NA,NA,NA,NA,NA,NA,NA,NA,NA,NA,NA
"contig_100 NW_025334974.1",5071,4679,NA,NA,NA,NA,NA,NA,NA,NA,NA,NA,NA,NA,NA,NA,NA,NA,NA,NA,NA,NA,NA,NA,NA,NA,NA,NA,NA,NA,NA,NA,NA,NA,NA,NA,NA,NA,NA,NA,NA,NA,NA,NA,NA,NA,NA,NA,NA,NA,NA,NA,NA,NA,NA,NA,NA,NA,NA,NA,NA,NA,NA,NA,NA,NA,392,NA,NA,NA,NA,NA,NA,NA,NA,NA,NA,NA,NA,NA,NA,NA,NA,NA,NA,NA,NA,NA,NA,NA,NA,NA,NA,NA,NA,NA,NA,NA,NA,NA,NA,NA,NA,NA,NA,NA,NA,NA,NA,NA,NA,NA,NA,NA,NA,NA,NA,NA
"contig_127 NW_025335003.1",2847,1356,NA,NA,NA,NA,NA,NA,NA,NA,NA,NA,NA,NA,NA,NA,NA,NA,NA,NA,NA,NA,NA,NA,NA,NA,NA,NA,NA,NA,NA,NA,NA,NA,NA,1491,NA,NA,NA,NA,NA,NA,NA,NA,NA,NA,NA,NA,NA,NA,NA,NA,NA,NA,NA,NA,NA,NA,NA,NA,NA,NA,NA,NA,NA,NA,NA,NA,NA,NA,NA,NA,NA,NA,NA,NA,NA,NA,NA,NA,NA,NA,NA,NA,NA,NA,NA,NA,NA,NA,NA,NA,NA,NA,NA,NA,NA,NA,NA,NA,NA,NA,NA,NA,NA,NA,NA,NA,NA,NA,NA,NA,NA,NA,NA,NA,NA,NA
"contig_119 NW_025334994.1",3947,3423,NA,NA,NA,NA,NA,NA,NA,NA,NA,NA,NA,NA,NA,NA,NA,NA,NA,NA,NA,NA,NA,NA,NA,NA,NA,NA,NA,NA,NA,NA,NA,NA,NA,NA,NA,NA,NA,NA,NA,NA,NA,NA,NA,NA,NA,NA,NA,NA,NA,NA,NA,NA,NA,NA,NA,NA,NA,NA,NA,NA,NA,NA,NA,NA,NA,NA,NA,NA,NA,NA,NA,NA,NA,NA,NA,NA,NA,NA,NA,NA,NA,NA,NA,NA,NA,NA,NA,NA,NA,NA,NA,NA,NA,NA,NA,NA,NA,NA,NA,NA,NA,NA,NA,NA,NA,NA,NA,NA,NA,NA,NA,19,NA,11,NA,494
"contig_104 NW_025334978.1",513,15,NA,NA,NA,NA,NA,NA,NA,NA,NA,NA,NA,NA,NA,NA,NA,NA,NA,NA,NA,NA,NA,NA,NA,NA,NA,NA,NA,NA,NA,NA,NA,NA,NA,NA,NA,NA,NA,NA,NA,NA,NA,NA,NA,NA,NA,NA,NA,NA,NA,NA,NA,NA,NA,NA,NA,NA,NA,NA,NA,NA,NA,NA,NA,NA,NA,NA,NA,NA,NA,NA,NA,NA,NA,NA,NA,NA,NA,NA,NA,NA,NA,NA,NA,NA,NA,NA,NA,NA,NA,NA,NA,NA,NA,NA,NA,NA,NA,NA,NA,NA,NA,NA,NA,NA,NA,NA,NA,NA,NA,NA,NA,498,NA,NA,NA,NA
"contig_11 NW_025334984.1",5986,5855,NA,NA,NA,NA,NA,NA,NA,NA,NA,NA,NA,NA,NA,NA,NA,NA,NA,NA,NA,NA,NA,NA,NA,NA,NA,NA,NA,NA,NA,NA,NA,NA,NA,NA,NA,NA,NA,NA,NA,NA,NA,NA,NA,NA,NA,NA,NA,NA,NA,NA,NA,NA,NA,NA,NA,NA,NA,NA,NA,NA,NA,NA,NA,NA,NA,NA,NA,NA,NA,NA,NA,NA,NA,NA,NA,NA,NA,NA,NA,NA,NA,NA,NA,NA,NA,NA,NA,NA,NA,NA,NA,NA,NA,NA,NA,NA,NA,NA,NA,NA,NA,NA,NA,NA,NA,NA,NA,NA,NA,NA,NA,131,NA,NA,NA,NA
"contig_110 NW_025334985.1",4595,1036,NA,NA,NA,NA,NA,NA,NA,NA,NA,NA,NA,NA,NA,NA,NA,NA,NA,NA,NA,NA,NA,NA,NA,NA,NA,NA,NA,NA,NA,NA,NA,NA,NA,NA,NA,NA,NA,NA,NA,NA,NA,NA,NA,NA,NA,NA,NA,NA,NA,NA,NA,NA,NA,NA,NA,NA,NA,NA,NA,NA,NA,NA,NA,NA,NA,NA,NA,NA,NA,NA,NA,NA,NA,NA,NA,NA,NA,NA,NA,NA,NA,NA,NA,NA,NA,NA,NA,NA,NA,NA,NA,NA,NA,NA,NA,NA,NA,NA,NA,NA,NA,NA,NA,NA,NA,NA,NA,NA,NA,NA,NA,3559,NA,NA,NA,NA
"contig_111 NW_025334986.1",4468,4353,NA,NA,NA,NA,NA,NA,NA,NA,NA,NA,NA,NA,NA,NA,NA,NA,NA,NA,NA,NA,NA,NA,NA,NA,NA,NA,NA,NA,NA,NA,NA,NA,NA,NA,NA,NA,NA,NA,NA,NA,NA,NA,NA,NA,NA,NA,NA,NA,NA,NA,NA,NA,NA,NA,NA,NA,NA,NA,NA,NA,NA,NA,NA,NA,NA,NA,NA,NA,NA,NA,NA,NA,NA,NA,NA,NA,NA,NA,NA,NA,NA,NA,NA,NA,NA,NA,NA,NA,NA,NA,NA,NA,NA,NA,NA,NA,NA,NA,NA,NA,NA,NA,NA,NA,NA,NA,NA,NA,NA,NA,NA,115,NA,NA,NA,NA
"contig_122 NW_025334998.1",675,225,NA,NA,NA,NA,NA,NA,NA,NA,NA,NA,NA,NA,NA,NA,NA,NA,NA,NA,NA,NA,NA,NA,NA,NA,NA,NA,NA,NA,NA,NA,NA,NA,NA,NA,NA,NA,NA,NA,NA,NA,NA,NA,NA,NA,NA,NA,NA,NA,NA,NA,NA,NA,NA,NA,NA,NA,NA,NA,NA,NA,NA,NA,NA,NA,NA,NA,NA,NA,NA,NA,NA,NA,NA,NA,NA,NA,NA,NA,NA,NA,NA,NA,NA,NA,NA,NA,NA,NA,NA,NA,NA,NA,NA,NA,NA,NA,NA,NA,NA,NA,NA,NA,NA,NA,NA,NA,NA,NA,NA,NA,NA,450,NA,NA,NA,NA
"contig_125 NW_025335001.1",1826,1399,NA,NA,NA,NA,NA,NA,NA,NA,NA,NA,NA,NA,NA,NA,NA,NA,NA,NA,NA,NA,NA,NA,NA,NA,NA,NA,NA,NA,NA,NA,NA,NA,NA,NA,NA,NA,NA,NA,NA,NA,NA,NA,NA,NA,NA,NA,NA,NA,NA,NA,NA,NA,NA,NA,NA,NA,NA,NA,NA,NA,NA,NA,NA,NA,NA,NA,NA,NA,NA,NA,NA,NA,NA,NA,NA,NA,NA,NA,NA,NA,NA,NA,NA,NA,NA,NA,NA,NA,NA,NA,NA,NA,NA,NA,NA,NA,NA,NA,NA,NA,NA,NA,NA,NA,NA,NA,NA,NA,NA,NA,NA,427,NA,NA,NA,NA
"contig_126 NW_025335002.1",2269,70,NA,NA,NA,NA,NA,NA,NA,NA,NA,NA,NA,NA,NA,NA,NA,NA,NA,NA,NA,NA,NA,NA,NA,NA,NA,NA,NA,NA,NA,NA,NA,NA,NA,NA,NA,NA,NA,NA,NA,NA,NA,NA,NA,NA,NA,NA,NA,NA,NA,NA,NA,NA,NA,NA,NA,NA,NA,NA,NA,NA,NA,NA,NA,NA,NA,NA,NA,NA,NA,NA,NA,NA,NA,NA,NA,NA,NA,NA,NA,NA,NA,NA,NA,NA,NA,NA,NA,NA,NA,NA,NA,NA,NA,NA,NA,NA,NA,NA,NA,NA,NA,NA,NA,NA,NA,NA,NA,NA,NA,NA,NA,2199,NA,NA,NA,NA
"contig_131 NW_025335008.1",1769,880,NA,NA,NA,NA,NA,NA,NA,NA,NA,NA,NA,NA,NA,NA,NA,NA,NA,NA,NA,NA,NA,NA,NA,NA,NA,NA,NA,NA,NA,NA,NA,NA,NA,NA,NA,NA,NA,NA,NA,NA,NA,NA,NA,NA,NA,NA,NA,NA,NA,NA,NA,NA,NA,NA,NA,NA,NA,NA,NA,NA,NA,NA,NA,NA,NA,NA,NA,NA,NA,NA,NA,NA,NA,NA,NA,NA,NA,NA,NA,NA,NA,NA,NA,NA,NA,NA,NA,NA,NA,NA,NA,NA,NA,NA,NA,NA,NA,NA,NA,NA,NA,NA,NA,NA,NA,NA,NA,NA,NA,NA,NA,889,NA,NA,NA,NA
"contig_134 NW_025335011.1",2410,1902,NA,NA,NA,NA,NA,NA,NA,NA,NA,NA,NA,NA,NA,NA,NA,NA,NA,NA,NA,NA,NA,NA,NA,NA,NA,NA,NA,NA,NA,NA,NA,NA,NA,NA,NA,NA,NA,NA,NA,NA,NA,NA,NA,NA,NA,NA,NA,NA,NA,NA,NA,NA,NA,NA,NA,NA,NA,NA,NA,NA,NA,NA,NA,NA,NA,NA,NA,NA,NA,NA,NA,NA,NA,NA,NA,NA,NA,NA,NA,NA,NA,NA,NA,NA,NA,NA,NA,NA,NA,NA,NA,NA,NA,NA,NA,NA,NA,NA,NA,NA,NA,NA,NA,NA,NA,NA,NA,NA,NA,NA,NA,508,NA,NA,NA,NA
"contig_146 NW_025335024.1",714,0,NA,NA,NA,NA,NA,NA,NA,NA,NA,NA,NA,NA,NA,NA,NA,NA,NA,NA,NA,NA,NA,NA,NA,NA,NA,NA,NA,NA,NA,NA,NA,NA,NA,NA,NA,NA,NA,NA,NA,NA,NA,NA,NA,NA,NA,NA,NA,NA,NA,NA,NA,NA,NA,NA,NA,NA,NA,NA,NA,NA,NA,NA,NA,NA,NA,NA,NA,NA,NA,NA,NA,NA,NA,NA,NA,NA,NA,NA,NA,NA,NA,NA,NA,NA,NA,NA,NA,NA,NA,NA,NA,NA,NA,NA,NA,NA,NA,NA,NA,NA,NA,NA,NA,NA,NA,NA,NA,NA,NA,NA,NA,714,NA,NA,NA,NA
"contig_52 NW_025335148.1",5548,196,NA,NA,NA,NA,NA,NA,NA,NA,NA,NA,NA,NA,NA,NA,NA,NA,NA,NA,NA,NA,NA,NA,NA,NA,NA,NA,NA,NA,NA,NA,NA,NA,NA,NA,NA,NA,NA,NA,NA,NA,NA,NA,NA,NA,NA,NA,NA,NA,NA,NA,NA,NA,NA,NA,NA,NA,NA,NA,NA,NA,NA,NA,NA,NA,NA,NA,NA,NA,NA,NA,NA,NA,NA,NA,NA,NA,NA,NA,NA,NA,NA,NA,NA,NA,NA,NA,NA,NA,NA,NA,NA,NA,NA,NA,NA,NA,NA,NA,NA,NA,NA,NA,NA,NA,NA,NA,NA,NA,NA,NA,NA,5352,NA,NA,NA,NA
"contig_90 NW_025335190.1",4197,3263,NA,NA,NA,NA,NA,NA,NA,NA,NA,NA,NA,NA,NA,NA,NA,NA,NA,NA,NA,NA,NA,NA,NA,NA,NA,NA,NA,NA,NA,NA,NA,NA,NA,NA,NA,NA,NA,NA,NA,NA,NA,NA,NA,NA,NA,NA,NA,NA,NA,NA,NA,NA,NA,NA,NA,NA,NA,NA,NA,NA,NA,NA,NA,NA,NA,NA,NA,NA,NA,NA,NA,NA,NA,NA,NA,NA,NA,NA,NA,NA,NA,NA,NA,NA,NA,NA,NA,NA,NA,NA,NA,NA,NA,NA,NA,NA,NA,NA,NA,NA,NA,NA,NA,NA,NA,NA,NA,NA,NA,NA,NA,934,NA,NA,NA,NA
"contig_130 NW_025335007.1",792,792,NA,NA,NA,NA,NA,NA,NA,NA,NA,NA,NA,NA,NA,NA,NA,NA,NA,NA,NA,NA,NA,NA,NA,NA,NA,NA,NA,NA,NA,NA,NA,NA,NA,NA,NA,NA,NA,NA,NA,NA,NA,NA,NA,NA,NA,NA,NA,NA,NA,NA,NA,NA,NA,NA,NA,NA,NA,NA,NA,NA,NA,NA,NA,NA,NA,NA,NA,NA,NA,NA,NA,NA,NA,NA,NA,NA,NA,NA,NA,NA,NA,NA,NA,NA,NA,NA,NA,NA,NA,NA,NA,NA,NA,NA,NA,NA,NA,NA,NA,NA,NA,NA,NA,NA,NA,NA,NA,NA,NA,NA,NA,NA,NA,NA,NA,NA
"contig_135 NW_025335012.1",2393,2393,NA,NA,NA,NA,NA,NA,NA,NA,NA,NA,NA,NA,NA,NA,NA,NA,NA,NA,NA,NA,NA,NA,NA,NA,NA,NA,NA,NA,NA,NA,NA,NA,NA,NA,NA,NA,NA,NA,NA,NA,NA,NA,NA,NA,NA,NA,NA,NA,NA,NA,NA,NA,NA,NA,NA,NA,NA,NA,NA,NA,NA,NA,NA,NA,NA,NA,NA,NA,NA,NA,NA,NA,NA,NA,NA,NA,NA,NA,NA,NA,NA,NA,NA,NA,NA,NA,NA,NA,NA,NA,NA,NA,NA,NA,NA,NA,NA,NA,NA,NA,NA,NA,NA,NA,NA,NA,NA,NA,NA,NA,NA,NA,NA,NA,NA,NA
"contig_136 NW_025335013.1",1630,1630,NA,NA,NA,NA,NA,NA,NA,NA,NA,NA,NA,NA,NA,NA,NA,NA,NA,NA,NA,NA,NA,NA,NA,NA,NA,NA,NA,NA,NA,NA,NA,NA,NA,NA,NA,NA,NA,NA,NA,NA,NA,NA,NA,NA,NA,NA,NA,NA,NA,NA,NA,NA,NA,NA,NA,NA,NA,NA,NA,NA,NA,NA,NA,NA,NA,NA,NA,NA,NA,NA,NA,NA,NA,NA,NA,NA,NA,NA,NA,NA,NA,NA,NA,NA,NA,NA,NA,NA,NA,NA,NA,NA,NA,NA,NA,NA,NA,NA,NA,NA,NA,NA,NA,NA,NA,NA,NA,NA,NA,NA,NA,NA,NA,NA,NA,NA
"contig_140 NW_025335018.1",1619,1619,NA,NA,NA,NA,NA,NA,NA,NA,NA,NA,NA,NA,NA,NA,NA,NA,NA,NA,NA,NA,NA,NA,NA,NA,NA,NA,NA,NA,NA,NA,NA,NA,NA,NA,NA,NA,NA,NA,NA,NA,NA,NA,NA,NA,NA,NA,NA,NA,NA,NA,NA,NA,NA,NA,NA,NA,NA,NA,NA,NA,NA,NA,NA,NA,NA,NA,NA,NA,NA,NA,NA,NA,NA,NA,NA,NA,NA,NA,NA,NA,NA,NA,NA,NA,NA,NA,NA,NA,NA,NA,NA,NA,NA,NA,NA,NA,NA,NA,NA,NA,NA,NA,NA,NA,NA,NA,NA,NA,NA,NA,NA,NA,NA,NA,NA,NA
"contig_142 NW_025335020.1",296,296,NA,NA,NA,NA,NA,NA,NA,NA,NA,NA,NA,NA,NA,NA,NA,NA,NA,NA,NA,NA,NA,NA,NA,NA,NA,NA,NA,NA,NA,NA,NA,NA,NA,NA,NA,NA,NA,NA,NA,NA,NA,NA,NA,NA,NA,NA,NA,NA,NA,NA,NA,NA,NA,NA,NA,NA,NA,NA,NA,NA,NA,NA,NA,NA,NA,NA,NA,NA,NA,NA,NA,NA,NA,NA,NA,NA,NA,NA,NA,NA,NA,NA,NA,NA,NA,NA,NA,NA,NA,NA,NA,NA,NA,NA,NA,NA,NA,NA,NA,NA,NA,NA,NA,NA,NA,NA,NA,NA,NA,NA,NA,NA,NA,NA,NA,NA
"contig_143 NW_025335021.1",1254,1254,NA,NA,NA,NA,NA,NA,NA,NA,NA,NA,NA,NA,NA,NA,NA,NA,NA,NA,NA,NA,NA,NA,NA,NA,NA,NA,NA,NA,NA,NA,NA,NA,NA,NA,NA,NA,NA,NA,NA,NA,NA,NA,NA,NA,NA,NA,NA,NA,NA,NA,NA,NA,NA,NA,NA,NA,NA,NA,NA,NA,NA,NA,NA,NA,NA,NA,NA,NA,NA,NA,NA,NA,NA,NA,NA,NA,NA,NA,NA,NA,NA,NA,NA,NA,NA,NA,NA,NA,NA,NA,NA,NA,NA,NA,NA,NA,NA,NA,NA,NA,NA,NA,NA,NA,NA,NA,NA,NA,NA,NA,NA,NA,NA,NA,NA,NA
"contig_157 NW_025335036.1",1799,1799,NA,NA,NA,NA,NA,NA,NA,NA,NA,NA,NA,NA,NA,NA,NA,NA,NA,NA,NA,NA,NA,NA,NA,NA,NA,NA,NA,NA,NA,NA,NA,NA,NA,NA,NA,NA,NA,NA,NA,NA,NA,NA,NA,NA,NA,NA,NA,NA,NA,NA,NA,NA,NA,NA,NA,NA,NA,NA,NA,NA,NA,NA,NA,NA,NA,NA,NA,NA,NA,NA,NA,NA,NA,NA,NA,NA,NA,NA,NA,NA,NA,NA,NA,NA,NA,NA,NA,NA,NA,NA,NA,NA,NA,NA,NA,NA,NA,NA,NA,NA,NA,NA,NA,NA,NA,NA,NA,NA,NA,NA,NA,NA,NA,NA,NA,NA
"contig_89 NW_025335188.1",352,352,NA,NA,NA,NA,NA,NA,NA,NA,NA,NA,NA,NA,NA,NA,NA,NA,NA,NA,NA,NA,NA,NA,NA,NA,NA,NA,NA,NA,NA,NA,NA,NA,NA,NA,NA,NA,NA,NA,NA,NA,NA,NA,NA,NA,NA,NA,NA,NA,NA,NA,NA,NA,NA,NA,NA,NA,NA,NA,NA,NA,NA,NA,NA,NA,NA,NA,NA,NA,NA,NA,NA,NA,NA,NA,NA,NA,NA,NA,NA,NA,NA,NA,NA,NA,NA,NA,NA,NA,NA,NA,NA,NA,NA,NA,NA,NA,NA,NA,NA,NA,NA,NA,NA,NA,NA,NA,NA,NA,NA,NA,NA,NA,NA,NA,NA,NA
